{"Unnamed: 0": 8039961, "id": "travel_116760", "Title": "Is it safe to drink water in the Dominican Republic?", "Body": "To add yet another question to the long list of tap-water, the US CDC for the Dominican Republic says Don\u2019t Drink Tap or well water, but there is no mention of water concerns on gov.uk for the DR. The US warning is not everywhere (e.g., according the the CDC for the UK Food and water standards in the United Kingdom are similar to those in the United States) and gov.uk for Mexico says Drink only boiled or bottled water and avoid ice in drinks.I am staying at an all inclusive high end resort in the DR. Avoiding drinking tap water directly should not be that hard, but ice and unwashed or unpeeled fruits and vegetables (which the CDC recommends against will be harder). I have heard rumors that some resorts use filtered water for cooking and ice. How can I reliable determine if I need to worry about water at a resort in the DR?", "top5_tags": "united-states, united-kingdom, rock-climbing, publications, usa", "answer_with_body_context": [{"generated_text": " To determine if you need to worry about water at a high-end resort in the Dominican Republic, you can take the following steps:\n\n1. Contact the resort directly: Reach out to the resort's customer service or concierge and inquire about their water filtration and purification systems. Ask if they use filtered or purified water for cooking, ice, and beverages.\n\n2. Check for certifications: Look for any certifications or accreditations that the resort may have, such as ISO 22000 or HACCP (Hazard Analysis and Critical Control Points). These certifications indicate that the resort follows strict food safety and water quality standards.\n\n3. Read reviews: Look for reviews from previous guests who have stayed at the resort. They may mention if they had any issues with water quality or if they felt safe consuming water and food at the resort.\n\n4. Observe the resort's practices: During your stay, pay attention to the resort's practices regarding water and food safety. For example, do they provide bottled water or filtered water for guests? Do they use ice in beverages? Are fruits and vegetables washed and peeled before being served?\n\n5. Follow general precautions: Regardless of the resort's water filtration system, it's always a good idea to follow general precautions when traveling to a new destination. Avoid drinking tap water directly, and be cautious when consuming ice, unwashed fruits, and vegetables.\n\nBy taking these steps, you can make an informed decision about the safety of water at a high-end resort in the Dominican Republic and take necessary precautions to protect your health while traveling."}], "answer_with_body_base": [{"generated_text": " To determine if you need to worry about water at a resort in the Dominican Republic, you can take the following steps:\n\n1. Contact the resort directly: Reach out to the resort's management or customer service team and inquire about their water filtration and purification systems. Ask if they use filtered or purified water for cooking, ice, and beverages.\n\n2. Check for certifications: Look for any certifications or accreditations that the resort may have, such as ISO 9001 or ISO 14001, which indicate that the resort follows certain quality and environmental management standards.\n\n3. Read reviews: Look for reviews from previous guests who have stayed at the resort. They may mention if they experienced any water-related issues during their stay.\n\n4. Consult with a travel agent: If you're working with a travel agent, ask them about the water situation at the resort and if they have any recommendations or concerns.\n\n5. Follow general precautions: Regardless of the resort's water filtration system, it's always a good idea to follow general precautions when it comes to water safety. Avoid drinking tap water directly, and be cautious with ice and unwashed or unpeeled fruits and vegetables.\n\nBy taking these steps, you can better determine if you need to worry about water at a resort in the Dominican Republic and take appropriate precautions to ensure your safety and well-being during your stay."}]}