{"Unnamed: 0": 1435492, "id": "health_12032", "Title": "What type of liver is richest in Vitamin D?", "Body": "My test reports show that my Vitamin D - 25H (Hydroxyvitamin D) is 6.16 ng/ml whereas the normal range is 30 - 100 ng/ml.So, I read a few articles (e.g. medicinenet, patient.info) on the internet and they said that liver is a good source of Vitamin D.  So, which liver i.e. chicken, lamb, beef etc is best for me?", "top5_tags": "plot-explanation, sherlock, character, single-word-requests, grammaticality", "answer_with_body_context": [{"generated_text": " In the context of health, it's important to note that while liver is a good source of Vitamin D, the amount of Vitamin D in liver can vary depending on the animal source. Among the options you mentioned, beef liver is known to have the highest Vitamin D content. However, it's essential to remember that dietary sources alone may not be sufficient to meet the recommended daily intake of Vitamin D.\n\nYour Vitamin D - 25H (Hydroxyvitamin D) level is below the normal range, which indicates a deficiency. In addition to consuming liver, you can also consider other dietary sources of Vitamin D, such as fatty fish (salmon, mackerel, and tuna), egg yolks, and fortified foods like milk, orange juice, and cereals.\n\nMoreover, exposure to sunlight is a natural way to boost Vitamin D levels in the body. Spending 10-30 minutes in the sun, depending on your skin type, can help your body produce Vitamin D.\n\nLastly, it's crucial to consult with a healthcare professional or a registered dietitian to discuss your Vitamin D deficiency and develop a personalized plan to address it. They may recommend Vitamin D supplements to help you reach the optimal level."}], "answer_with_body_base": [{"generated_text": " To increase your Vitamin D levels, it's essential to consume foods that are rich in this nutrient. While liver is indeed a good source of Vitamin D, it's important to note that the Vitamin D content can vary depending on the animal's diet and exposure to sunlight.\n\nAmong the liver options you mentioned, beef liver is generally considered to have the highest Vitamin D content. A 3-ounce serving of beef liver can provide approximately 4.4 micrograms (168 IU) of Vitamin D, which is about 22% of the recommended daily intake for adults.\n\nHowever, it's crucial to remember that Vitamin D is also found in other food sources, such as fatty fish (salmon, mackerel, and sardines), egg yolks, and fortified foods like milk, orange juice, and cereals. Additionally, exposure to sunlight is a natural way to boost Vitamin D levels in the body.\n\nTo address your low Vitamin D levels, consider incorporating a combination of Vitamin D-rich foods, sunlight exposure, and, if necessary, a Vitamin D supplement after consulting with your healthcare provider."}]}