{"Unnamed: 0": 1459988, "id": "linguistics_30699", "Title": "Is there a language which uses 'passive voice' more often than 'active' one?", "Body": "Most languages I know of make use of 'active' more than 'passive'. It appears that the passive is derived from the 'canonical' active. Are there any languages that use more passive than active? Or can a language with only the passive form exist without a canonical active? ", "top5_tags": "syntax, passive, minimalism, grammatical-voice, semantics", "answer_with_body_context": [{"generated_text": " In the field of linguistics, the use of active and passive voice varies across languages. While many languages, such as English, Spanish, and French, tend to use the active voice more frequently, there are languages that employ the passive voice more often.\n\nOne such language is Japanese. In Japanese, the passive voice is not only used to indicate that the subject is being acted upon, but it also serves to express various nuances, such as politeness, humility, and indirectness. The passive voice is often used in formal and polite contexts, making it a more prevalent choice in Japanese communication.\n\nAnother example is the Austronesian language family, which includes languages like Tagalog and Indonesian. In these languages, the passive voice is used more frequently than the active voice, especially in formal and written contexts.\n\nRegarding the possibility of a language with only the passive form, it is highly unlikely. The passive voice is derived from the active voice, and it is a transformation of the canonical active sentence. A language that only has the passive form would lack the ability to express the subject's direct action, which is a fundamental aspect of communication.\n\nIn conclusion, while most languages tend to use the active voice more frequently, there are languages like Japanese and some Austronesian languages that use the passive voice more often. However, a language with only the passive form is unlikely to exist, as the active voice is essential for expressing the subject's direct action."}], "answer_with_body_base": [{"generated_text": " In linguistics, the active and passive voices are two different ways of expressing the relationship between the subject and the action in a sentence. While most languages tend to use the active voice more frequently, there are some languages that make more extensive use of the passive voice.\n\nOne such language is Japanese. In Japanese, the passive voice is not only used to indicate that the subject is the recipient of the action, but it can also be used to express a sense of humility or to soften the tone of a statement. This makes the passive voice an important aspect of Japanese communication, and it is used more frequently than in many other languages.\n\nAnother language that makes extensive use of the passive voice is Turkish. In Turkish, the passive voice is used to express a wide range of meanings, including the idea of something happening to the subject, the subject being affected by an action, or the subject being the recipient of an action. The passive voice is also used to express politeness and to avoid directness in communication.\n\nAs for the possibility of a language with only the passive form, it is theoretically possible, but it would likely be very different from the languages we are familiar with. Such a language would have to have a way of indicating the agent of the action, even if it is not explicitly stated. This could be done through context, word order, or other grammatical markers. However, it is difficult to imagine how such a language would function in practice, as the active voice is a fundamental aspect of human communication.\n\nIn conclusion, while most languages tend to use the active voice more frequently, there are some languages, such as Japanese and Turkish, that make more extensive use of the passive voice. A language with only the passive form is theoretically possible, but it would likely be very different from the languages we are familiar with."}]}