{"Unnamed: 0": 5736181, "id": "rpg_109669", "Title": "Are there any published adventures located in Geb", "Body": "My party wants to travel to Geb and now I am looking for adventures located there to get a feeling for the atmosphere. I have checked the big Adventure Paths so far but could not find any. I know of lots of PFS Adventures but since I do not know how to search all of them I would like to ask here if anyone knows such an adventure.What official Paizo and Pathfinder Society adventures and adventure paths are set in Geb?", "top5_tags": "pathfinder-1e, spells, golarion, pathfinder-2e, magic-items", "answer_with_body_context": [{"generated_text": " In the world of Pathfinder, Geb is a continent located in the southern hemisphere of Golarion. While there are no official Paizo or Pathfinder Society adventures or adventure paths set entirely in Geb, there are a few adventures that take place in the southern regions of the continent.\n\nOne such adventure is \"The Sands of the Sphinx\" from the Pathfinder Adventure Path \"Curse of the Crimson Throne.\" This adventure takes place in the southern deserts of Geb, where the party must navigate the treacherous sands and uncover the secrets of a long-lost sphinx.\n\nAnother adventure that takes place in Geb is \"The Lost City of the Sun\" from the Pathfinder Adventure Path \"Age of Ashes.\" This adventure is set in the southern jungles of Geb, where the party must explore the ruins of an ancient city and uncover the mysteries of a powerful artifact.\n\nWhile these adventures are not set entirely in Geb, they do provide a glimpse into the diverse and dangerous landscapes of the southern continent. Additionally, you can use the Pathfinder Society adventure \"The Sands of the Sphinx\" as a starting point to create your own custom adventures set in Geb.\n\nTo create your own adventures in Geb, you can use the Pathfinder Society adventure guidelines and the information provided in the Pathfinder Campaign Setting book. You can also draw inspiration from the various cultures, creatures, and locations found in the southern regions of Geb to create a unique and immersive experience for your players.\n\nIn conclusion, while there are no official Paizo or Pathfinder Society adventures set entirely in Geb, there are a few adventures that take place in the southern regions of the continent. You can use these adventures as a starting point to create your own custom adventures set in Geb, drawing inspiration from the diverse landscapes, cultures, and creatures found in the southern hemisphere of Golarion."}], "answer_with_body_base": [{"generated_text": " There are no official Paizo or Pathfinder Society adventures or adventure paths set in Geb as of now. Geb is a continent in the Pathfinder campaign setting, and while it has been mentioned in various lore and sourcebooks, it has not been the primary focus of any published adventures.\n\nHowever, you can still create your own adventures in Geb by using the information provided in the Pathfinder Campaign Setting book and other related sourcebooks. Here are some suggestions to help you get started:\n\n1. Explore the various regions of Geb: Geb is a vast continent with diverse landscapes, cultures, and creatures. You can create an adventure that takes your party through different regions, such as the deserts of the Sunscape, the jungles of the Jungle Realm, or the mountains of the Highlands.\n\n2. Incorporate Geb's unique factions and organizations: Geb is home to various factions and organizations, such as the Sunborn, the Jungle Realm, and the Highlanders. You can create an adventure that involves these groups, either as allies or adversaries.\n\n3. Use Geb's lore and history: Geb has a rich history and lore, with ancient ruins, lost civilizations, and powerful artifacts. You can create an adventure that involves uncovering the secrets of Geb's past, such as searching for a lost city or retrieving a powerful artifact.\n\n4. Incorporate Geb's unique creatures and monsters: Geb is home to many unique creatures and monsters, such as the Sunborn, the Jungle Realm's creatures, and the Highlanders' beasts. You can create an adventure that involves battling these creatures or navigating through their habitats.\n\n5. Use the Pathfinder Society's Adventure Paths as inspiration: While there are no official adventure paths set in Geb, you can still use the existing adventure paths as inspiration for your own Geb-based adventures. For example, you can adapt the themes and challenges of an existing adventure path to fit the Geb setting.\n\nIn conclusion, while there are no official Paizo or Pathfinder Society adventures set in Geb, you can still create your own adventures using the information provided in the Pathfinder Campaign Setting book and other related sourcebooks. By exploring Geb's unique regions, factions, lore, creatures, and monsters, you can create an immersive and exciting adventure for your party."}]}