{"Unnamed: 0": 5730486, "id": "philosophy_38485", "Title": "Was Socrates Greek?", "Body": "Greeks are citizens of Greece.Greece rejected Socrates.Socrates was not a Greek.Does that syllogism work?", "top5_tags": "ethics, criminal-law, political-philosophy, genesis, international-relations", "answer_with_body_context": [{"generated_text": " The syllogism presented does not work in answering the question \"Was Socrates Greek?\" because it contains a logical flaw. The premises and conclusion do not accurately reflect the historical and philosophical context of Socrates' identity.\n\nTo address the question properly, we need to consider the following points:\n\n1. Socrates was born in Athens, Greece, around 470 BCE. Athens was a prominent city-state in ancient Greece, and Socrates was a citizen of Athens.\n\n2. The term \"Greek\" refers to a person who is a native or inhabitant of Greece, or someone who is of Greek descent. In this context, Socrates was indeed Greek, as he was born and lived in Athens, which was part of ancient Greece.\n\n3. The statement \"Greece rejected Socrates\" refers to the fact that Socrates was sentenced to death by the Athenian government in 399 BCE. This event does not negate his Greek identity, as it was a political decision made by the Athenian authorities, not a reflection of his ethnicity or nationality.\n\nIn conclusion, Socrates was Greek, as he was born and lived in Athens, which was part of ancient Greece. The syllogism presented does not accurately address the question, as it fails to consider the historical and philosophical context of Socrates' identity."}], "answer_with_body_base": [{"generated_text": " The syllogism provided does not accurately answer the question of whether Socrates was Greek. To clarify, Socrates was indeed Greek. He was a classical Greek philosopher who lived in Athens, which is a city in Greece. The syllogism seems to confuse the concept of citizenship with ethnicity or nationality.\n\nTo address the question directly:\n\nTitle: Was Socrates Greek?\n\nAnswer: Yes, Socrates was Greek. He was a classical Greek philosopher who lived in Athens, Greece, during the 5th century BCE. His philosophical teachings and ideas have had a significant impact on Western philosophy and thought."}]}