{"Unnamed: 0": 1458364, "id": "lifehacks_10894", "Title": "Can I use regular kitchen salt to my dishwasher?", "Body": "The other day I was buying special dishwasher salt from a grocery store for about 3.5 USD a package. Later on, when I did read the contents (trying to figure out what is so magically pricey on the salt), I saw this:  Contents: 100% NaClBut NaCl is basic, ordinary salt! For cooking purposes, I buy ordinary salt for about 0.25 USD a package.Did I just discover lifehack? I am quite afraid to pour kitchen salt to my dishwasher. Did anyone try replacing dishwasher salt with regular (non-iodised) salt?", "top5_tags": "plot-explanation, plot, legal, character, shrek-2", "answer_with_body_context": [{"generated_text": " While it's true that regular kitchen salt (NaCl) and dishwasher salt are chemically similar, there are a few reasons why using kitchen salt in your dishwasher may not be the best idea.\n\n1. Iodine: Kitchen salt often contains iodine, which can cause staining and discoloration on your dishwasher's components. Dishwasher salt is typically iodine-free to prevent this issue.\n\n2. Additives: Some kitchen salts may contain anti-caking agents or other additives that could potentially damage your dishwasher's water softener unit. Dishwasher salt is specifically designed to be compatible with these units.\n\n3. Grain size: Dishwasher salt usually has larger grains than kitchen salt, which helps prevent it from clogging the dishwasher's water softener unit. Using kitchen salt with smaller grains could lead to clogs and reduced efficiency.\n\n4. Cost-effectiveness: While it may seem like a money-saving hack to use kitchen salt, the potential damage to your dishwasher could end up costing you more in repairs or replacement parts.\n\nIn conclusion, it's best to stick with the dishwasher salt specifically designed for your appliance. It may be more expensive, but it's formulated to work safely and effectively with your dishwasher, ensuring optimal performance and longevity."}], "answer_with_body_base": [{"generated_text": " While it may seem like a cost-effective solution to use regular kitchen salt in your dishwasher, it is not recommended. Dishwasher salt is specifically designed for use in dishwashers and has a different grain size and purity level compared to regular table salt.\n\nDishwasher salt is made up of larger, coarser grains that dissolve more slowly, which helps to regenerate the water softener in your dishwasher. This process removes calcium and magnesium ions from the water, preventing limescale buildup and ensuring that your dishes come out clean and spot-free.\n\nRegular table salt, on the other hand, has smaller grains and often contains additives like iodine and anti-caking agents. These additives can cause damage to the dishwasher's water softener and may lead to clogging or other issues.\n\nIn summary, while it may be tempting to use regular kitchen salt as a cheaper alternative, it is not recommended. Stick to using dishwasher salt to ensure the proper functioning of your dishwasher and to avoid potential damage."}]}