{"Unnamed: 0": 1663987, "id": "movies_14041", "Title": "Movie where babysitter gets electrocuted in the kitchen", "Body": "Sorry, I don't have many details to go on for this one, but I recall watching a movie on TV during my childhood (i.e. 1993-2000) where a young, pretty babysitter is in the kitchen and the floor somehow got filled up with water (I seem to remember it being soapy water) and something happened to expose the water to electricity. I can't remember exactly what, but the babysitter died from the electric shock. Other details include:The movie was live-action (i.e. not animated).There is a good chance the movie was made in the 80's (I've always liked older movies). I have no idea what genre the movie was, but most likely was either comedy or horror as those have always been my favorite types of movies. It would have been an American made movie, and was most likely aired on one of the public TV stations such as USA, Sci-Fi Channel, TNT, or one of the other similar stations. I'm really not sure on this, but I believe she may have been listening to music on her headphones while this happened. My first thought was Don't Tell Mom the Babysitter's Dead, but after looking up the plot description, the babysitter just doesn't match. It was definitely a young girl, and she definitely died in the kitchen from electrocution. ", "top5_tags": "character, plot-explanation, house, analysis, the-ninth-gate", "answer_with_body_context": [{"generated_text": " Based on the details you provided, the movie you're referring to might be \"The Wrong Man\" (1993). In this film, a young babysitter named Jennifer (played by Lori Petty) is in the kitchen when she accidentally drops a metal object into a sink full of water, causing an electrical shock. The movie is a dark comedy and horror film, which fits your description. It was aired on various TV stations and is an American production. However, the scene you described doesn't exactly match the movie's plot, but it's the closest match I could find."}], "answer_with_body_base": [{"generated_text": " Based on your description, the movie you're referring to might be \"The Wrong Man\" (1993). In this film, a young babysitter named Jennifer (played by Lori Loughlin) is in the kitchen when she accidentally drops a metal object into a sink full of water, causing an electrical shock. The movie is a thriller, but it does have some comedic elements as well. It was an American made movie and aired on various TV stations.\n\nHowever, if this isn't the movie you're thinking of, another possibility could be \"The Babysitter's Seduction\" (1991), where a babysitter named Amy (played by Jennifer Love Hewitt) is in the kitchen and encounters a dangerous situation. Although the movie doesn't involve electrocution, it does have a thriller element and was made in the 90s.\n\nIf neither of these movies is the one you're looking for, please provide any additional details you might remember, and I'll do my best to help you find the correct film."}]}