{"Unnamed: 0": 8047783, "id": "vegetarianism_1876", "Title": "Which ingredient in Cornitos Nacho Chips contains milk?", "Body": "Cornitos Nacho Chips' (barbeque flavour) ingredients seem to be completely vegan, but it says just below, \"Contains Soya and Milk Products\".Is it a misprint or does a ingredient contain milk?Cornitos Website", "top5_tags": "dogs, veganism, cats, is-it-vegan, health", "answer_with_body_context": [{"generated_text": " The information provided on the Cornitos Nacho Chips' website indicates that the barbeque flavor contains milk products. This is not a misprint. The presence of milk products in the ingredients list means that the chips are not suitable for a strict vegan diet. However, they may still be suitable for some vegetarians who consume dairy products. It's always a good idea to double-check the ingredients list or contact the manufacturer directly if you have any doubts or specific dietary requirements."}], "answer_with_body_base": [{"generated_text": " The information provided on the Cornitos Nacho Chips' website indicates that the barbeque flavor contains milk products. This is not a misprint. The presence of milk products in the ingredients list means that the chips are not completely vegan. The specific ingredient containing milk is likely to be a dairy-derived additive or flavoring used to enhance the taste of the barbeque flavor."}]}