{"Unnamed: 0": 160694, "id": "christianity_12003", "Title": "What does INRI stand for?", "Body": "On the crucifix there is sometimes a plate above Jesus' head that has the letters INRI. What does INRI mean or stand for? Why is it there?", "top5_tags": "destiny, whitewater-rafting, hiking, trees, camping", "answer_with_body_context": [{"generated_text": " In the context of Christianity, INRI stands for the Latin phrase \"Iesus Nazarenus, Rex Iudaeorum,\" which translates to \"Jesus of Nazareth, King of the Jews.\" This inscription was placed on the cross above Jesus' head during his crucifixion, as recorded in the Gospels of Matthew, Mark, and John in the New Testament.\n\nThe reason for the inscription was to publicly declare the charge against Jesus. According to the Gospel accounts, the Roman soldiers who crucified Jesus placed the inscription on the cross to mock him and to inform the public of the reason for his execution. The charge of being the \"King of the Jews\" was considered a grave accusation, as it implied that Jesus was a political threat to the Roman Empire and its rulers.\n\nThe presence of the INRI inscription on the crucifix serves as a reminder of the suffering and humiliation that Jesus endured during his crucifixion. It also symbolizes the fulfillment of Old Testament prophecies and the belief that Jesus willingly sacrificed himself for the redemption of humanity. The inscription is a powerful symbol of the Christian faith, representing Jesus' kingship, his love for humanity, and his ultimate victory over sin and death through his resurrection."}], "answer_with_body_base": [{"generated_text": " INRI stands for \"Iesus Nazarenus, Rex Iudaeorum,\" which is Latin for \"Jesus of Nazareth, King of the Jews.\" This inscription was placed on the cross above Jesus' head during his crucifixion, as recorded in the New Testament of the Bible.\n\nThe reason for the inscription was to publicly announce the charge against Jesus. According to the Gospel of John (19:19-20), Pontius Pilate, the Roman governor of Judea, ordered the inscription to be written in three languages: Hebrew, Latin, and Greek. This was done to ensure that the message was understood by the diverse population in Jerusalem at the time.\n\nThe presence of the INRI inscription on the crucifix serves as a reminder of the reason for Jesus' crucifixion and the fulfillment of Old Testament prophecies. It also symbolizes Jesus' kingship and his ultimate sacrifice for the redemption of humanity."}]}