{"Unnamed: 0": 5732599, "id": "politics_2124", "Title": "Are US politicians still paid a salary when they cause a government shutdown?", "Body": "800k working-class Americans don't get paid when the government shut down. Do the US politicians still get paid? If yes, why so?", "top5_tags": "star-trek, babylon-5, economy, stocks, star-trek-ds9", "answer_with_body_context": [{"generated_text": " Title: Are US politicians still paid a salary when they cause a government shutdown?\n\nBody:\n\nYes, US politicians continue to receive their salaries even during a government shutdown. This is because their pay is mandated by the Constitution and is not directly tied to the functioning of the government.\n\nThe Constitution of the United States, in Article II, Section 1, Clause 7, states that the President, Vice President, and Senators and Representatives shall receive a compensation for their services. This compensation is not dependent on the government's operational status.\n\nThe reasoning behind this provision is to ensure that elected officials are not influenced by financial considerations when making decisions on behalf of the country. It is also to prevent the possibility of politicians being coerced into making decisions that would keep the government running solely for the purpose of receiving their salaries.\n\nHowever, it is worth noting that some politicians have voluntarily chosen to forgo their salaries during a government shutdown as a gesture of solidarity with the affected federal employees. For example, during the 2018-2019 government shutdown, several members of Congress, including Senator Mark Warner and Representative Mark Meadows, announced that they would not accept their salaries until the shutdown ended.\n\nIn summary, while US politicians are constitutionally entitled to their salaries even during a government shutdown, some have chosen to forgo their pay as a show of support for the working-class Americans who are directly impacted by the shutdown."}], "answer_with_body_base": [{"generated_text": " Yes, US politicians still receive their salaries even when a government shutdown occurs. This is because their pay is mandated by the Constitution and is not directly tied to the functioning of the government.\n\nThe Constitution of the United States, in Article 1, Section 6, Clause 2, states that members of Congress shall receive a compensation for their services, which shall not be diminished during their continuance in office. This means that their salaries are protected and cannot be reduced or withheld, even during a government shutdown.\n\nThe rationale behind this provision is to ensure that elected officials are not influenced by financial pressures when making decisions on behalf of the country. It is also meant to prevent the use of salary withholding as a political weapon during times of disagreement or crisis.\n\nHowever, it is worth noting that in the past, some politicians have voluntarily chosen to forgo their salaries during a government shutdown as a gesture of solidarity with the affected federal employees. This is not a requirement, but rather a personal decision made by individual politicians.\n\nIn summary, US politicians continue to receive their salaries during a government shutdown because their compensation is protected by the Constitution. This provision is intended to maintain the independence of elected officials and prevent the use of salary withholding as a political tool."}]}