{"Unnamed: 0": 1460552, "id": "literature_1012", "Title": "In which book did Poirot find a four-foot long clue?", "Body": "In one of the Poirot books he mentions that though clues are often small he once found a four-foot long one.Unfortunately I can't remember in which book he mentions this.Does anyone know which book he did find the four-foot long clue in? ", "top5_tags": "agatha-christie, single-word-requests, poetry, hercule-poirot, greek-literature", "answer_with_body_context": [{"generated_text": " In the Agatha Christie novel \"The ABC Murders,\" Hercule Poirot finds a four-foot long clue. This clue is a piece of string that connects the crime scenes, which Poirot uses to unravel the mystery behind the serial killings. The string is a significant piece of evidence that helps Poirot identify the murderer and solve the case."}], "answer_with_body_base": [{"generated_text": " In the Agatha Christie novel \"The ABC Murders,\" Hercule Poirot mentions a four-foot long clue. This clue is a piece of string that Poirot finds at the scene of one of the murders. The string is significant because it is a part of the killer's modus operandi, as he leaves a piece of string at each crime scene. Poirot uses this clue, along with other evidence, to solve the case and apprehend the murderer."}]}