{"Unnamed: 0": 1456596, "id": "law_26371", "Title": "Does quoting a line from a film infringe copyright?", "Body": "I want to quote a line from a film in my novel. Specifically:  \"Don't ever lose your sense of humour, Dan. Don't ever lose your sense  of humour.\"From About Last Night (1986). So, it's not a long excerpt, just two sentences.I know I can't quote a single line from a song without incurring expensive permission fees. But, that's a short body of work. Does it apply to movies, too?", "top5_tags": "creative-writing, fiction, novel, england-and-wales, word-usage", "answer_with_body_context": [{"generated_text": " In the context of law, quoting a line from a film in your novel may or may not infringe copyright, depending on several factors. Copyright law aims to protect the original expression of ideas, and the extent to which you can quote from a copyrighted work without permission is determined by the concept of \"fair use.\"\n\nFair use is a legal doctrine that allows limited use of copyrighted material without permission from the copyright holder, under certain circumstances. In the United States, fair use is determined by a four-factor test:\n\n1. The purpose and character of the use: If the use is for non-profit, educational, or transformative purposes, it is more likely to be considered fair use. In your case, using the quote in a novel could be considered transformative, as it is being incorporated into a new work of fiction.\n\n2. The nature of the copyrighted work: The more creative and original the work, the more protection it receives. However, this factor alone is not determinative.\n\n3. The amount and substantiality of the portion used: Using a small portion of the copyrighted work, such as a single line from a film, is more likely to be considered fair use. However, the quality and importance of the portion used also matter.\n\n4. The effect of the use on the potential market for or value of the copyrighted work: If the use of the quote in your novel does not harm the market for the original film or its derivative works, it is more likely to be considered fair use.\n\nIn your case, quoting a single line from a film in your novel may be considered fair use, especially if the quote is used in a transformative manner and does not harm the market for the original film. However, it is essential to consider all four factors of the fair use test and consult with a legal professional to determine whether your specific use of the quote would be considered fair use.\n\nIt is also worth noting that fair use laws can vary by country, so the rules and guidelines may differ depending on your location."}], "answer_with_body_base": [{"generated_text": " Quoting a line from a film in your novel may or may not infringe copyright, depending on the length and significance of the quoted material, as well as the purpose of its use. In general, copyright law allows for the use of copyrighted material under the doctrine of \"fair use.\"\n\nFair use is a legal doctrine that permits limited use of copyrighted material without permission from the copyright holder, provided that the use is for purposes such as criticism, comment, news reporting, teaching, scholarship, or research. To determine whether a particular use qualifies as fair use, courts typically consider four factors:\n\n1. The purpose and character of the use, including whether it is for commercial or non-profit educational purposes.\n2. The nature of the copyrighted work.\n3. The amount and substantiality of the portion used in relation to the copyrighted work as a whole.\n4. The effect of the use on the potential market for or value of the copyrighted work.\n\nIn your case, quoting a short line from a film in your novel may be considered fair use, especially if the quote is used for purposes such as criticism, comment, or parody. However, it is essential to consider the four factors mentioned above to determine whether your use of the quote would likely be considered fair use.\n\nIt is also worth noting that the length of the quoted material is not the only factor in determining fair use. Even a short quote can infringe copyright if it is considered a \"heart\" or \"essence\" of the copyrighted work.\n\nTo be on the safe side, you may want to consult with a copyright attorney or seek permission from the copyright holder before using the quote in your novel. This can help you avoid potential legal issues and ensure that your use of the quote is within the bounds of fair use."}]}