{"Unnamed: 0": 3825704, "id": "music_36099", "Title": "What is first chair?", "Body": "I am under the impression that first chair is the seat reserved for the best player of a particular instrument. Second chair would be reserved for the second best.Is that all there is to it? Or does the position of the chair provide something different to the audience from the 2nd chair? Perhaps it is louder? Or is there anything else that the chair numbers mean?", "top5_tags": "united-states, xbox-one, kinect, ark-survival-evolved, state-of-decay-2", "answer_with_body_context": [{"generated_text": " First chair, also known as principal or section leader, is indeed the seat reserved for the best player of a particular instrument within a group or ensemble, such as an orchestra, band, or choir. The first chair player is typically responsible for leading the section, setting the standard for tone, intonation, and musical interpretation, and often has additional responsibilities like playing solos or leading rehearsals.\n\nThe position of the chair does not necessarily mean that the first chair player is louder than the second chair player. However, the first chair player may have a more prominent role in the ensemble, and their playing may be more noticeable due to their leadership position.\n\nThe second chair player is considered the second best player in the section and is responsible for supporting the first chair player. They may also step in to play solos or lead the section if the first chair player is absent.\n\nIn summary, the chair numbers in an ensemble represent the skill level and leadership roles of the players within a section. While the first chair player may have a more prominent role, the second chair player is still an essential part of the ensemble and contributes to the overall sound and performance."}], "answer_with_body_base": [{"generated_text": " First chair, also known as principal or section leader, is indeed typically reserved for the most skilled and experienced player of a particular instrument within a musical ensemble, such as an orchestra or band. The first chair player often has additional responsibilities, such as leading the section, playing solos, and serving as a liaison between the conductor and the section.\n\nThe position of the chair does not necessarily mean that the first chair player is louder than the second chair player. However, the first chair player may have a more prominent role in the ensemble, and their part may be more complex or carry the melody more often.\n\nThe second chair player is usually the second most skilled player in the section and may take over the first chair player's responsibilities if needed. The third chair and subsequent chairs follow a similar pattern, with the third chair player being the third most skilled, and so on.\n\nIn summary, the chair numbers in a musical ensemble represent the skill level and responsibilities of the players within a section. While the first chair player may have a more prominent role, the position of the chair does not necessarily mean that the player is louder or more important than the others."}]}