{"Unnamed: 0": 8969, "id": "apple_1018", "Title": "How much RAM does the 4th Gen iPod Touch have?", "Body": "How much RAM do these iPods ship with?The iPhone 4 has 512MB, and older iPod Touch 3rd Gen have 256MB (same as the iPad).Do the new iPod Touch have 512MB as the iPhone 4 (what I would expect) or 256MB?", "top5_tags": "iphone, nba2k11, nintendo-wii, macos, keyboard", "answer_with_body_context": [{"generated_text": " The 4th Generation iPod Touch comes with 256MB of RAM, which is the same amount as the 3rd Generation iPod Touch and the iPad. Although it may be expected to have 512MB of RAM like the iPhone 4, the 4th Gen iPod Touch maintains the 256MB RAM configuration."}], "answer_with_body_base": [{"generated_text": " The 4th Gen iPod Touch comes with 256MB of RAM, which is the same amount as the 3rd Gen iPod Touch and the iPad. Although it may be expected to have 512MB of RAM like the iPhone 4, the 4th Gen iPod Touch maintains the same RAM capacity as its predecessors."}]}