{"Unnamed: 0": 1448446, "id": "judaism_13465", "Title": "Who invented the Mikraot Gedolot?", "Body": "Whose idea was the Mikraot Gedolot and when was it first published? Mikraot Gedolot is a Humash with a collection of commentaries very popular in Jewish circles today.", "top5_tags": "halacha, jewish-books, sources-mekorot, product-recommendation, tzitzis", "answer_with_body_context": [{"generated_text": " The Mikraot Gedolot, also known as the Romm Hakhanot, is a comprehensive Hebrew Bible text that includes the Masoretic text along with a collection of Jewish commentaries. The idea of compiling the Mikraot Gedolot was not attributed to a single individual, but rather it was a collaborative effort by Jewish scholars over several centuries.\n\nThe first known edition of the Mikraot Gedolot was published in 1516-1517 by Daniel Bomberg, a Christian printer in Venice. Bomberg collaborated with Jewish scholars, including Felix Pratensis, a Jewish convert to Christianity, and Jewish scholars such as Yaakov b. Hayyim of Venice and Yaakov b. Asher of Polonia. These scholars worked together to compile the Masoretic text and the commentaries, which included the Targum Onkelos, Rashi's commentary, and other medieval commentaries.\n\nThe Mikraot Gedolot has undergone numerous editions and revisions since its first publication, with each edition reflecting the scholarly work of different Jewish scholars and editors. The Mikraot Gedolot remains an essential text for Jewish study and is widely used in Jewish communities around the world."}], "answer_with_body_base": [{"generated_text": " The Mikraot Gedolot, also known as the Romm Hakodesh, was first published in the early 16th century. The idea and compilation of this work is attributed to a group of Jewish scholars, with the most notable being the Spanish Jewish scholar, Felix Pratensis. He was aided by other scholars such as Jacob ben Hayyim ibn Adonijah, who was responsible for the first printed edition of the Mikraot Gedolot in 1516-1517 in Venice.\n\nThe Mikraot Gedolot is a comprehensive collection of the Hebrew Bible (Tanakh) with a variety of commentaries and interpretations from different Jewish scholars throughout history. It includes the Masoretic text, Targumim (Aramaic translations), and commentaries from renowned scholars such as Rashi, Ibn Ezra, and Radak. This work has been widely used and studied in Jewish circles and continues to be an essential resource for understanding the Hebrew Bible and its commentaries."}]}