{"Unnamed: 0": 159041, "id": "buddhism_1", "Title": "Is there an equivalent of heaven and hell in Buddhism?", "Body": "According to most sources, a soul stays in samsara until it concentrates enough karma to get yet another rebirth.However, I failed to find any sources explaining if this process is eternal. In other words, what happens if a soul has committed so many sins that it's unable to accumulate enough karma? Or, in other words, is there a \"dead end\" when no more rebirth is possible?", "top5_tags": "united-states, russian-federation, ukraine, russia, terrorism", "answer_with_body_context": [{"generated_text": " In Buddhism, the concepts of heaven and hell are not permanent abodes but rather temporary states of existence within the cycle of birth, death, and rebirth known as samsara. These states are influenced by one's karma, which is the sum of a person's actions and their consequences.\n\nThe idea of a \"dead end\" in Buddhism is not applicable, as the cycle of samsara is considered to be endless until one achieves enlightenment (nirvana). The notion of a soul being unable to accumulate enough karma to be reborn is not consistent with Buddhist teachings. Instead, the focus is on the quality of one's actions and intentions, which determine the nature of their rebirth.\n\nIn Buddhism, there are six realms of existence, which include the human realm, the realm of gods (heaven), the realm of demigods, the realm of animals, the realm of hungry ghosts, and the realm of hell beings. These realms are not permanent, and beings can be reborn in any of them based on their karma.\n\nThe ultimate goal in Buddhism is to break free from the cycle of samsara and attain nirvana, a state of liberation and enlightenment. This is achieved through the practice of the Noble Eightfold Path, which includes right understanding, right intention, right speech, right action, right livelihood, right effort, right mindfulness, and right concentration.\n\nIn summary, while Buddhism does have concepts of heaven and hell, they are temporary states within the cycle of samsara. The idea of a \"dead end\" is not applicable, as the focus is on the quality of one's actions and intentions, which determine the nature of their rebirth. The ultimate goal is to attain nirvana and break free from the cycle of samsara."}], "answer_with_body_base": [{"generated_text": " In Buddhism, the concepts of heaven and hell are not permanent abodes but rather temporary states of existence within the cycle of birth, death, and rebirth, known as samsara. The ultimate goal in Buddhism is to achieve enlightenment (nirvana) and break free from this cycle.\n\nAs for the question of whether there is a \"dead end\" when no more rebirth is possible, it is essential to understand that in Buddhism, the accumulation of karma (actions and their consequences) determines the nature of one's rebirth. A soul that has committed many negative actions may experience unfavorable rebirths, but it is never barred from the possibility of rebirth.\n\nThe idea of a \"dead end\" is not consistent with Buddhist teachings. Instead, the focus is on the continuous process of learning, growth, and transformation through the cycle of samsara. The more one cultivates positive karma through virtuous actions, mindfulness, and wisdom, the closer they come to achieving enlightenment and liberation from the cycle of rebirth.\n\nIn summary, while Buddhism does not have an equivalent of eternal heaven or hell, it does have temporary states of existence that are influenced by one's karma. The ultimate goal is to break free from the cycle of samsara and attain enlightenment, which is not a \"dead end\" but rather the end of suffering and the cycle of rebirth."}]}