{"Unnamed: 0": 1460185, "id": "linguistics_34338", "Title": "When was Proto-Indo-Uralic spoken?", "Body": "You have seen that I asked a question about Proto-Indo-Uralic and whether or not it could be reconstructed using Proto-Indo-European, Proto-Uralic, and internal reconstruction in those branches. One person said kind of, and the other one said no. (I'm reading the paper that one of the people sent me about Schleicher's fable being reconstructed in PIU.) However, if such a language existed (and I believe so and more importantly there is evidence that it did, though the proof is not settled nearly as much as the Indo-European or Uralic languages), when was it spoken?", "top5_tags": "united-states, demographics, presidential-election, election, voting", "answer_with_body_context": [{"generated_text": " The exact time when Proto-Indo-Uralic (PIU) was spoken is not definitively known, as it is a hypothetical ancestral language from which the Indo-European and Uralic language families are believed to have descended. However, linguists have attempted to estimate the age of PIU based on linguistic, archaeological, and genetic evidence.\n\nLinguistic evidence suggests that the divergence of the Indo-European and Uralic language families occurred around 4000-3000 BCE. This estimate is based on the comparison of cognate words and sound changes in the reconstructed Proto-Indo-European and Proto-Uralic languages.\n\nArchaeological evidence, such as the spread of the Corded Ware culture and the Yamnaya culture, has also been used to estimate the time when PIU was spoken. These cultures are associated with the early speakers of Indo-European languages and are believed to have emerged around 4000-3500 BCE.\n\nGenetic evidence, such as the analysis of ancient DNA, has provided additional insights into the migration patterns and population dynamics of the early Indo-European and Uralic-speaking communities. This evidence has helped to refine the estimates of when PIU was spoken.\n\nTaking all these factors into account, it is generally believed that Proto-Indo-Uralic was spoken around 4000-3000 BCE. However, it is essential to note that these estimates are subject to ongoing research and debate, and the exact time when PIU was spoken may be refined as new evidence emerges."}], "answer_with_body_base": [{"generated_text": " The exact time when Proto-Indo-Uralic was spoken is not definitively known, as it is a hypothetical ancestor language of the Indo-European and Uralic language families. However, linguists and researchers have proposed various estimates based on linguistic, archaeological, and genetic evidence.\n\nThe most widely accepted estimates suggest that Proto-Indo-Uralic was spoken between 6,000 and 8,000 years ago, around 4000 to 5000 BCE. This timeframe is based on the assumption that the Proto-Indo-Uralic language began to diverge into the Proto-Indo-European and Proto-Uralic languages around this period.\n\nIt is essential to note that these estimates are subject to ongoing research and debate, and new evidence may lead to revisions in the proposed timeframe. The study of Proto-Indo-Uralic and its relationship to other language families remains an active area of research in historical linguistics."}]}