{"Unnamed: 0": 0, "id": "academia_1", "Title": "What kind of Visa is required to work in Academia in Japan?", "Body": "As from title. What kind of visa class do I have to apply for, in order to work as an academic in Japan ? ", "top5_tags": "dnd-3.5e, dungeons-and-dragons, macos, basil, campaign-settings", "answer_with_body_context": [{"generated_text": " To work as an academic in Japan, you will need to apply for a \"Work Visa\" under the \"Instructor\" or \"Specialist in Humanities/International Services\" visa categories. The specific visa class you should apply for depends on the nature of your academic position and the field of study.\n\n1. Instructor Visa (Type 2): This visa is for individuals who are employed as instructors at Japanese universities, colleges, or other educational institutions. To qualify for this visa, you must have a valid employment contract with a Japanese educational institution and meet the requirements for the position.\n\n2. Specialist in Humanities/International Services Visa (Type 1): This visa is for individuals who are employed in the fields of humanities, international services, or other specialized areas. This visa is often granted to researchers, professors, and other academic professionals who are engaged in research or teaching activities at Japanese universities, research institutes, or other academic organizations.\n\nTo apply for either of these visas, you will need to provide the following documents:\n\n- A valid passport\n- A Certificate of Eligibility (COE) issued by the Japanese Ministry of Justice, which is obtained by your employer in Japan\n- A completed visa application form\n- A recent passport-sized photograph\n- Proof of your academic qualifications, such as a degree certificate or transcript\n- A detailed job description and contract from your employer in Japan\n\nIt is essential to consult with your employer in Japan and the Japanese embassy or consulate in your home country to ensure that you have all the necessary documents and information to apply for the appropriate visa class. Additionally, you may need to attend an interview at the Japanese embassy or consulate as part of the visa application process."}], "answer_with_body_base": [{"generated_text": " To work as an academic in Japan, you will need to apply for a \"Work Visa\" under the \"Instructor\" or \"Specialist in Humanities/International Services\" visa categories. The specific visa class you should apply for depends on your field of expertise and the nature of your academic position.\n\n1. Instructor Visa (Type 2): This visa is for individuals who are employed as instructors at Japanese universities, colleges, or other educational institutions. To qualify for this visa, you must have a valid employment contract with a Japanese educational institution and meet the requirements for your specific field of expertise.\n\n2. Specialist in Humanities/International Services Visa (Type 1): This visa is for individuals who are employed in fields related to humanities, international services, or other specialized areas. This visa category is suitable for academics who are not directly teaching but are involved in research, administration, or other academic activities.\n\nTo apply for either of these visas, you will need to:\n\n- Obtain a Certificate of Eligibility (COE) from the Japanese Ministry of Justice. This document is issued by the Japanese employer and confirms that you have been offered a job in Japan and meet the requirements for the visa category.\n- Submit your passport, photographs, and the COE to the nearest Japanese embassy or consulate in your home country.\n- Attend an interview at the embassy or consulate, if required.\n\nOnce you have obtained your visa, you will be allowed to enter Japan and begin your academic work. Remember to keep your visa and COE up to date and renew them as necessary."}]}