{"Unnamed: 0": 26029, "id": "bicycles_30708", "Title": "How to turn right in Japan", "Body": "In Japan, how are bicycles supposed to turn right?Apparently, new rules have been decided in 2015, and there is a specific way to turn to the right at a crossroad, depending whether there are traffic lights or not.", "top5_tags": "japan, terrorism, tokyo, single-word-requests, united-states", "answer_with_body_context": [{"generated_text": " In Japan, the rules for turning right on a bicycle at a crossroad were updated in 2015. Here's a breakdown of the specific methods to turn right, depending on whether there are traffic lights or not:\n\n1. At intersections with traffic lights:\n\n- If there is a dedicated bicycle lane, you should follow the lane and turn right at the designated bicycle signal.\n- If there is no dedicated bicycle lane, you should merge into the rightmost lane of the road and turn right at the traffic light.\n\n2. At intersections without traffic lights:\n\n- If there is a dedicated bicycle lane, you should follow the lane and turn right at the designated bicycle signal or at the end of the lane.\n- If there is no dedicated bicycle lane, you should merge into the rightmost lane of the road and turn right.\n\nIn both cases, it is essential to follow the traffic rules, signal your intentions, and be aware of other vehicles and pedestrians. Additionally, always wear a helmet and use lights when riding at night."}], "answer_with_body_base": [{"generated_text": " In Japan, the rules for turning right on a bicycle depend on whether there are traffic lights or not. Here's a brief overview of the rules:\n\n1. At intersections with traffic lights:\n\n- If there is a green arrow pointing right, you can turn right directly.\n- If there is a green light but no arrow, you must first make a right turn into a designated waiting area (usually a small island or a marked space) and wait for the green arrow to appear before proceeding.\n\n2. At intersections without traffic lights:\n\n- If there is a bicycle lane, you should follow the lane markings and turn right when it is safe to do so.\n- If there is no bicycle lane, you should dismount from your bicycle and walk it across the crosswalk, following pedestrian traffic signals.\n\nRemember to always be aware of your surroundings, follow the traffic rules, and signal your intentions to other road users when turning right on a bicycle in Japan."}]}