{"Unnamed: 0": 8038668, "id": "sustainability_4337", "Title": "How much energy costs do portable solar panels save in a house?", "Body": "Our Houston area HOA does not allow roof top solar panels and I doubt they would survive our hurricanes too. I discovered NRG Energy sells these portable solar panels under their goal zero brand. If we used these solar panel kits to simply charge our phones everyday, how much energy would we take off the grid?Our monthly utility bill is about $40 while gas is about $90. How much money would buying one kit or several kits save?Related SL question ", "top5_tags": "identification, watering, shrubs, flowers, plant-recommendations", "answer_with_body_context": [{"generated_text": " Title: How much energy costs do portable solar panels save in a house?\n\nAnswer: The amount of energy costs saved by using portable solar panels in a house depends on several factors, including the size and efficiency of the panels, the amount of sunlight available, and the energy consumption of the devices being charged.\n\nTo estimate the potential savings, let's consider a few key points:\n\n1. Portable solar panel kits typically have a power output ranging from 10W to 100W. For this example, let's assume you purchase a 50W portable solar panel kit.\n\n2. The average daily sunlight hours in Houston, Texas, is around 5.5 hours.\n\n3. The energy consumption of a smartphone is approximately 2-6 watt-hours (Wh) per day.\n\nNow, let's calculate the energy generated by the portable solar panel kit and the potential savings:\n\nEnergy generated per day = Power output (W) x Sunlight hours (h)\n= 50W x 5.5h\n= 275Wh\n\nAssuming you charge your phone every day, the energy consumed by your phone would be around 2-6Wh. Therefore, the energy generated by the portable solar panel kit would be more than enough to cover the energy consumption of your phone.\n\nTo estimate the potential savings, we need to consider the cost of electricity in your area. According to the U.S. Energy Information Administration, the average residential electricity price in Texas is around 11.8 cents per kilowatt-hour (kWh).\n\nEnergy generated per month = Energy generated per day x 30 days\n= 275Wh x 30\n= 8,250Wh or 8.25kWh\n\nPotential savings per month = Energy generated per month x Electricity price\n= 8.25kWh x $0.118\n= $0.97\n\nBy using a 50W portable solar panel kit to charge your phone every day, you could potentially save around $0.97 per month on your electricity bill.\n\nIf you were to purchase multiple kits, the savings would be multiplied accordingly. However, it's essential to consider the initial investment cost of the solar panel kits and the potential savings over time to determine if it's a cost-effective solution for your household.\n\nIn conclusion, portable solar panels can help reduce your energy costs by offsetting the energy consumption of small devices like smartphones. The actual savings will depend on the size and efficiency of the panels, the amount of sunlight available, and the energy consumption of the devices being charged."}], "answer_with_body_base": [{"generated_text": " The amount of energy costs saved by using portable solar panels in a house depends on several factors, including the efficiency of the panels, the amount of sunlight available, and the energy consumption of the devices being charged.\n\nTo estimate the potential savings, let's consider the following:\n\n1. A typical Goal Zero solar panel kit, such as the Goal Zero Yeti 3000X Portable Solar Generator, has a maximum output of 300 watts.\n\n2. Assuming an average of 5 hours of peak sunlight per day in Houston, the solar panel kit can generate approximately 1.5 kWh (kilowatt-hours) of energy per day.\n\n3. The average smartphone battery capacity is around 3,000 mAh (milliampere-hours) or 3 Ah (ampere-hours). To convert this to watt-hours, we multiply by the voltage (typically 3.7V for smartphones), resulting in 11.1 Wh (watt-hours) per charge.\n\n4. If you charge your phone once a day using the solar panel kit, you would consume approximately 11.1 Wh of energy.\n\n5. To calculate the monthly energy savings, multiply the daily energy consumption (11.1 Wh) by the number of days in a month (30 days), resulting in 333 Wh or 0.333 kWh.\n\n6. If your monthly utility bill is $40, and the energy cost is $0.12 per kWh (a common rate in the US), the cost of charging your phone using grid electricity would be approximately $0.04 per month (0.333 kWh * $0.12/kWh).\n\n7. Therefore, using a portable solar panel kit to charge your phone would save you around $0.04 per month on your energy bill.\n\nKeep in mind that this is a rough estimate, and actual savings may vary depending on the efficiency of the solar panels, the amount of sunlight available, and the energy consumption of the devices being charged. Additionally, the cost of the solar panel kit should be considered when calculating the overall savings.\n\nIn conclusion, using a portable solar panel kit to charge your phone can help reduce your energy consumption and save a small amount on your monthly utility bill. However, the savings may not be significant enough to justify the cost of the solar panel kit, especially if you are only using it to charge a single device. If you are interested in larger energy savings, you may want to consider investing in additional solar panels or other energy-efficient appliances."}]}