{"Unnamed: 0": 1463096, "id": "money_117721", "Title": "What do you mean by Option losing value?", "Body": "I bought an XYZ $50 call for $5. Expiration is in two weeks. The  day after I bought the option, there was news about a data breach  and the stock's price dropped to $25. I know that the stock is not going to recover in two weeks but I want to sell the option and get some money back. Will I get paid only the bid price of the call when XYZ is $25? For example, if that price is $3, can I sell the call and recoup $300? That means a loss of $200.Let's look at another scenario where XYZ  went up to $53 and then crashed to $25 the day before expiration. Since the bid price at $3, can I recoup $300?In these two two cases, does  it mean that when the premium has lost its value mean that the option is losing the value? Does the value matter if the price of the same stock is above the strike price, for example the stock price is $60 on the day of the expiry?", "top5_tags": "stock-analysis, options, call-options, stock-markets, stocks", "answer_with_body_context": [{"generated_text": " In the context of options trading, when you say an option is losing value, it means that the option's premium (the price you paid for the option) is decreasing due to changes in the underlying stock's price, time decay, or changes in implied volatility.\n\nIn your first scenario, you bought a $50 call option for $5 when the stock was trading at $50. After the data breach news, the stock price dropped to $25. Since the stock price is now below the strike price, the call option is considered \"out of the money\" and has lost its intrinsic value. If you decide to sell the option, you will receive the bid price, which is the highest price a buyer is willing to pay for the option. In your example, if the bid price is $3, you can sell the option for $300 (100 options * $3), resulting in a loss of $200 ($500 initial investment - $300 from selling the option).\n\nIn the second scenario, the stock price initially rises to $53, making the call option \"in the money\" (ITM) and increasing its value. However, if the stock price then drops to $25 the day before expiration, the option becomes \"out of the money\" (OTM) again, and its value decreases. If the bid price is still $3, you can sell the option for $300, resulting in a loss of $200 ($500 initial investment - $300 from selling the option).\n\nIn both cases, the option's value is determined by the bid price, which is influenced by factors such as the stock price, time to expiration, and implied volatility. The value of the option matters regardless of whether the stock price is above or below the strike price. If the stock price is above the strike price on the day of expiration, the option is \"in the money\" and has intrinsic value. If the stock price is below the strike price, the option is \"out of the money\" and has no intrinsic value.\n\nIn summary, when an option loses value, it means that the premium has decreased due to changes in the underlying stock's price, time decay, or changes in implied volatility. The value of the option is determined by the bid price, and you can sell the option at the bid price to recoup some of your initial investment. However, if the option is \"out of the money,\" you may experience a loss when selling the option."}], "answer_with_body_base": [{"generated_text": " In the context of options trading, when an option loses value, it means that the premium (the price paid for the option) has decreased due to changes in the underlying stock's price, volatility, time remaining until expiration, or other market factors.\n\nIn your first scenario, you bought a $50 call option for $5 when the stock was trading at $50. After the stock price dropped to $25 due to a data breach, the value of your call option decreased significantly. If you decide to sell the option, you will receive the bid price, which is the highest price a buyer is willing to pay for the option. In your example, if the bid price is $3, you can sell the option and recoup $300 (100 options x $3). This would result in a loss of $200 ($500 initial investment - $300 from selling the option).\n\nIn the second scenario, where the stock price went up to $53 and then dropped to $25 the day before expiration, the value of the call option would also decrease. If the bid price is still $3, you can sell the option and recoup $300. However, the loss in this case would be different, as the option's value would have fluctuated before dropping to $25.\n\nIn both cases, the option is losing value because the premium has decreased due to the underlying stock's price movement. The value of the option does matter, even if the stock price is above the strike price on the day of expiration. If the stock price is $60 on the day of expiration, the call option with a $50 strike price would be in-the-money and have intrinsic value. However, the option's overall value would also depend on factors such as time remaining until expiration and implied volatility.\n\nIn summary, when an option loses value, it means that the premium has decreased due to changes in the underlying stock's price, volatility, time remaining until expiration, or other market factors. The value of the option does matter, and you can sell the option at the bid price to recoup some of your initial investment, but you may still incur a loss depending on the option's value at the time of sale."}]}