{"Unnamed: 0": 161597, "id": "christianity_2547", "Title": "What is the Biblical evidence that there are ONLY three persons in the \"Trinity\"?", "Body": "(This is a followup to the various answers for the question What is the Biblical basis for the doctrine of the Trinity?)The specific concept of 'trinity' isn't specifically spelled out in the Bible.  Instead, we have deduced from various scripture verses that there are three distinct persons within the Godhead.What is the Biblical evidence that there are only three persons in the Godhead?  Why don't trinitarians believe that there could be others that are not revealed specifically through scripture, or that we can attribute multiple \"persons\" to a single concept of Father or Holy Spirit?", "top5_tags": "us-citizens, united-states, mexico, usa, air-travel", "answer_with_body_context": [{"generated_text": " Title: Biblical Evidence for the Trinity's Three Persons\n\nBody:\n\nThe concept of the Trinity, while not explicitly mentioned in the Bible, is derived from various scripture verses that suggest the existence of three distinct persons within the Godhead. Here are some biblical evidences that support the belief in the Trinity's three persons:\n\n1. The Great Commission (Matthew 28:19): Jesus instructs his disciples to baptize \"in the name of the Father, and of the Son, and of the Holy Spirit.\" This verse implies the existence of three distinct persons within the Godhead, as they are all mentioned separately.\n\n2. The baptism of Jesus (Matthew 3:16-17): When Jesus was baptized, the Spirit of God descended like a dove, and the Father's voice was heard from heaven, saying, \"This is my beloved Son, with whom I am well pleased.\" This event shows the three persons of the Trinity in action, with each person playing a distinct role.\n\n3. The Comforter (John 14:16-17, 26): Jesus promises to send the Holy Spirit, whom he refers to as the \"Comforter\" or \"Advocate,\" to be with his disciples after his departure. This indicates the presence of a third person within the Godhead, distinct from the Father and the Son.\n\n4. The Apostles' Creed: Although not a direct biblical passage, the Apostles' Creed is a statement of Christian faith that has been used since the early church. It affirms the belief in \"the Father, the Son, and the Holy Spirit,\" which reflects the understanding of the Trinity's three persons.\n\n5. The prayers of Jesus (John 17:1-26): In his prayer to the Father, Jesus refers to the Father, the Son, and the Holy Spirit, demonstrating the relationship between the three persons of the Trinity.\n\nAs for why Trinitarians do not believe in the existence of other persons within the Godhead, it is because the Bible does not mention or imply the presence of any other persons. The doctrine of the Trinity is based on the understanding that God is one being in three persons, and this understanding is derived from the scriptures.\n\nWhile it is true that the Bible does not explicitly define the Trinity, the concept of three distinct persons within the Godhead is supported by various scripture verses. The belief in the Trinity's three persons is not based on speculation or the addition of unrevealed persons but is grounded in the biblical evidence that points to the Father, the Son, and the Holy Spirit as the three persons of the Godhead."}], "answer_with_body_base": [{"generated_text": " The Biblical evidence for the concept of the Trinity, which posits that there are three distinct persons within the Godhead, can be found in several scripture verses. These verses, when taken together, provide a strong case for the Trinitarian understanding of God. Here are some key verses that support the idea of three persons in the Godhead:\n\n1. Matthew 28:19 - The Great Commission: \"Go therefore and make disciples of all nations, baptizing them in the name of the Father and of the Son and of the Holy Spirit.\" This verse explicitly mentions the Father, Son, and Holy Spirit as distinct entities within the Godhead.\n\n2. John 1:1, 14 - The Word and the Son: \"In the beginning was the Word, and the Word was with God, and the Word was God.... And the Word became flesh and dwelt among us.\" These verses establish the Son (the Word) as distinct from the Father, yet fully divine.\n\n3. 2 Corinthians 13:14 - The Grace of the Trinity: \"The grace of the Lord Jesus Christ and the love of God and the fellowship of the Holy Spirit be with you all.\" This verse mentions the Father, Son, and Holy Spirit as distinct entities, yet united in their work of grace.\n\n4. Matthew 28:19, 20 - The Promise of the Holy Spirit: \"And behold, I am with you always, to the end of the age.\" This verse, in conjunction with Acts 1:8, shows the Holy Spirit as a distinct person within the Godhead, who empowers and guides believers.\n\n5. John 10:30 - The Unity of the Trinity: \"I and the Father are one.\" This verse emphasizes the unity of the Father and the Son, while still acknowledging their distinctness.\n\n6. John 14:16-17 - The Promise of the Comforter: \"And I will ask the Father, and he will give you another Helper, to be with you forever, even the Spirit of truth, whom the world cannot receive, because it neither sees him nor knows him. You know him, for he abides with you and will be in you.\" This verse introduces the Holy Spirit as a distinct person within the Godhead, who is sent by the Father and the Son.\n\nThese verses, among others, provide a strong Biblical basis for the concept of the Trinity. Trinitarians believe that the three persons of the Godhead are distinct yet united in their essence and work. They do not believe that there could be others within the Godhead that are not revealed specifically through scripture, as the Bible clearly presents the Father, Son, and Holy Spirit as the three persons of the Godhead.\n\nIt is important to note that the concept of the Trinity is not explicitly spelled out in the Bible, but rather deduced from various scripture verses. The doctrine of the Trinity is a theological understanding that seeks to explain the complex nature of God as revealed in the Bible."}]}