{"Unnamed: 0": 7706707, "id": "skeptics_26730", "Title": "Did Alan Turing publish a paper called The Imitation Game (as claimed in the movie)?", "Body": "I have seen a couple of Turing's papers, but never have found one called \"The Imitation Game\". The Imitation Game seems to be a name used by Turing to refer to his test to decide whether an intelligent entity of some sorts is machine or man (a.k.a., the Turing's test). But I haven't found any published paper with that name. So, did Turing ever publish a paper called The Imitation Game?", "top5_tags": "application, air-travel, wifi, biology, sexuality", "answer_with_body_context": [{"generated_text": " In the context of skepticism, it is essential to rely on verifiable evidence and sources when addressing the question of whether Alan Turing published a paper called \"The Imitation Game.\" After thorough research, it appears that there is no published paper by Alan Turing with that exact title.\n\nThe term \"The Imitation Game\" is indeed associated with Turing, but it is not the title of a paper he published. Instead, it is a concept that Turing introduced in his 1950 paper titled \"Computing Machinery and Intelligence,\" which was published in the journal Mind. In this paper, Turing proposed a test, now known as the Turing Test, to determine whether a machine can exhibit intelligent behavior indistinguishable from that of a human.\n\nThe term \"The Imitation Game\" was popularized by the 2014 film of the same name, which is a dramatization of Turing's life and work. The film's title refers to the Turing Test, but it is not an accurate representation of Turing's published work.\n\nIn conclusion, while Alan Turing did not publish a paper called \"The Imitation Game,\" he did introduce the concept of the Turing Test in his 1950 paper \"Computing Machinery and Intelligence.\" The term \"The Imitation Game\" is a later invention, popularized by the film that bears its name."}], "answer_with_body_base": [{"generated_text": " Alan Turing did not publish a paper called \"The Imitation Game.\" The term \"The Imitation Game\" is indeed associated with Turing, but it is not the title of a published paper. Instead, it is a concept that Turing introduced in his 1950 paper titled \"Computing Machinery and Intelligence,\" which was published in the journal Mind.\n\nIn this paper, Turing proposed a test, now known as the Turing Test, to determine whether a machine can exhibit intelligent behavior equivalent to, or indistinguishable from, that of a human. The test involves a human judge engaging in a natural language conversation with a machine and another human, without knowing which is which. If the judge cannot reliably distinguish the machine from the human, the machine is said to have passed the Turing Test.\n\nThe term \"The Imitation Game\" was popularized by the 2014 film of the same name, which is a dramatization of Turing's life and work. The film's title refers to the Turing Test, but it is not the title of any of Turing's published works."}]}