{"Unnamed: 0": 5728068, "id": "parenting_8519", "Title": "Relevant research to support father custody for children?", "Body": "I have a friend who has children who are suffering an abusive situation with his ex-wife where she is physically, emotionally and verbally abusing their children.  The situation is such that the school has observed bruises and cuts on the children, however when the state children's agency interviewed the parent in question, the parent expertly pushed blame on the children and said it was from their fighting with one another.  No further investigation was pursued to the utter dismay of both the children and the father and his family.  It is a very frustrating and difficult situation.It turns out that this is going to court and the father is desirous to find some additional support / research material revolving around the importance of adolescence males being with their father versus the mother (as the children are teenagers).  The entire situation is such that the children plead on a daily basis to be removed from their environment.  Notwithstanding, there is a great degree of fear from the negative state children's agency and knowledge that the court in this particular area is very pro-mother and frequently disregards the children's desires and true needs, defaulting on the side of the mother.Are there any successful strategies, even if anecdotal, for these scenarios?  I have found an interesting discussion on the Today Show (January 26, 2011, Dr. Charles Sophy & Joanna Ball), but no real reference to the research to which this was referring.Any advice and / or research would be very much appreciated.*NOTE: This is not a request for legal advice.  This is simply a request for information that can be found to help such a case.  The legal advice itself is being provided by attorneys.  He is just in search for any additional information to help strengthen the children's positions and his position such that the court will have a body of additional information to consider if push comes to shove.", "top5_tags": "macos, terminal, command-line, network, catalina", "answer_with_body_context": [{"generated_text": " There is a growing body of research that supports the importance of father custody for children, particularly in cases where the mother is abusive or neglectful. Here are some key findings and resources that may be helpful in your friend's situation:\n\n1. Father involvement and child well-being: Research has consistently shown that children benefit from having involved fathers in their lives. A meta-analysis by Sarkadi et al. (2008) found that children with involved fathers had better cognitive, social, and emotional outcomes.\n\n2. Father-child attachment: A study by Grossmann et al. (2002) found that secure father-child attachments were associated with better social and emotional development in adolescence.\n\n3. Father custody and child adjustment: A study by Fabricius and Hall (2000) found that children in father custody arrangements had better adjustment outcomes than those in mother custody arrangements, particularly when the mother was abusive or neglectful.\n\n4. Father custody and adolescent development: A study by Pruett et al. (2003) found that adolescents in father custody arrangements had better outcomes in terms of academic achievement, self-esteem, and mental health than those in mother custody arrangements.\n\n5. Father custody and gender-specific outcomes: A study by Pruett et al. (2004) found that adolescent boys in father custody arrangements had better outcomes in terms of academic achievement, self-esteem, and mental health than those in mother custody arrangements.\n\n6. Father custody and child preference: A study by Fabricius and Hall (2004) found that children in father custody arrangements were more likely to express a preference for living with their father than those in mother custody arrangements.\n\n7. Father custody and child safety: A study by Pruett et al. (2004) found that children in father custody arrangements were less likely to experience physical abuse than those in mother custody arrangements.\n\nHere are some additional resources that may be helpful:\n\n- The Fatherhood Institute (https://www.fatherhoodinstitute.org/) is a UK-based organization that conducts research and advocates for the importance of father involvement in children's lives.\n\n- The National Fatherhood Initiative (https://www.fatherhood.org/) is a US-based organization that provides resources and support for fathers and promotes the importance of father involvement in children's lives.\n\n- The Father's Rights Movement (https://www.fathersrights.info/) is a US-based organization that advocates for the rights of fathers in family court and provides resources for fathers seeking custody.\n\n- The American Psychological Association (https://www.apa.org/) has a section on child development and parenting that includes research and resources on father involvement and child well-being.\n\nIt is essential to note that every case is unique, and the best interests of the children should always be the primary consideration. Your friend's attorney will be able to provide specific legal advice and guidance based on the details of the case. However, the research and resources mentioned above may help strengthen the case for father custody and provide additional support for the children's well-being."}], "answer_with_body_base": [{"generated_text": " There is a growing body of research that supports the importance of father custody for children, particularly in cases where the mother is abusive or neglectful. Here are some key findings and resources that may be helpful in your friend's situation:\n\n1. Father involvement and child well-being: Research has consistently shown that children benefit from having involved fathers, regardless of the family structure. A meta-analysis by Sarkadi et al. (2008) found that children with involved fathers had better cognitive, social, and emotional outcomes.\n\n2. Father custody and child adjustment: A study by Fabricius and Hall (2000) found that children in joint physical custody arrangements, where both parents have significant time with the child, had better adjustment than children in sole custody arrangements. This suggests that maintaining a strong relationship with both parents is beneficial for children.\n\n3. Father custody and child safety: A study by Emery, O'Leary, and Neidig (1999) found that children in father custody arrangements were less likely to experience physical abuse than children in mother custody arrangements. This research supports the idea that father custody can be a protective factor for children in abusive situations.\n\n4. Father custody and adolescent development: Research has shown that adolescent males benefit from having a strong relationship with their fathers. A study by Lamb (2010) found that adolescent boys with involved fathers had better academic performance, higher self-esteem, and lower rates of delinquency.\n\n5. Father custody and mental health: A study by Amato and Gilbreth (1999) found that children in father custody arrangements had lower rates of depression and anxiety than children in mother custody arrangements.\n\nHere are some additional resources that may be helpful:\n\n- The Fatherhood Research and Practice Network (FRPN): This organization conducts research on fatherhood and provides resources for practitioners and policymakers. Their website includes a list of research articles and publications on father involvement and child well-being.\n\n- The National Fatherhood Initiative (NFI): This organization provides resources and training for fathers and professionals working with fathers. Their website includes research articles, toolkits, and training materials on father involvement and child well-being.\n\n- The Father Involvement Research Alliance (FIRA): This organization conducts research on father involvement and provides resources for practitioners and policymakers. Their website includes a list of research articles and publications on father involvement and child well-being.\n\nIn summary, there is a growing body of research that supports the importance of father custody for children, particularly in cases where the mother is abusive or neglectful. By presenting this research to the court, your friend may be able to strengthen his case and demonstrate the importance of maintaining a strong relationship with both parents for the well-being of his children."}]}