{"Unnamed: 0": 8048133, "id": "woodworking_2818", "Title": "Kind of wood with deep brown streaks?", "Body": "I was in the Field Museum a couple of weeks ago and at the end of the new China exhibit is the \"Cyrus Tang\" spirit stone display. The wood flooring was extremely interesting, being a blond wood with heavy streaks of dark brown:What kind of wood is this?", "top5_tags": "united-states, taxes, terminology, massachusetts, criminal-law", "answer_with_body_context": [{"generated_text": " The wood you observed in the Field Museum's \"Cyrus Tang\" spirit stone display, characterized by a blond base with deep brown streaks, is likely to be a species of oak. More specifically, it could be Quercus rubra, commonly known as Red Oak. Red Oak is known for its prominent grain patterns and color variations, which can range from light to medium brown with darker streaks.\n\nAnother possibility is Quercus alba, or White Oak, which also exhibits a similar color palette and grain pattern. Both Red Oak and White Oak are popular choices for flooring due to their durability, attractive appearance, and ease of working with.\n\nIt's worth noting that the museum may have used a combination of different wood species or even a wood veneer to achieve the desired aesthetic effect. However, based on your description, Red Oak or White Oak would be the most likely candidates for the wood flooring you observed."}], "answer_with_body_base": [{"generated_text": " The wood you observed in the Field Museum's \"Cyrus Tang\" spirit stone display is likely to be a species of oak, specifically Quercus rubra, commonly known as red oak. Red oak is known for its distinctive grain pattern, which often features deep, dark brown streaks running through a lighter, blond background. This type of wood is popular for its durability, strength, and attractive appearance, making it a great choice for flooring and other architectural applications."}]}