{"Unnamed: 0": 1458578, "id": "lifehacks_19411", "Title": "Does pressing \"9\" on a phone actually put my number on an internal \"Do not call\" list?", "Body": "BackgroundAccording to Lifehacks #1777, pressing \"9\" on a phone will apparently add your number to an internal do not call list on the other end.  This is also apparently verified by a very hoaky looking website.  But I cannot find a solid confirmation or denial of this Lifehack.QuestionIs it true that I can press \"9\" on a phone to put a telemarketer on a do not call list?  ", "top5_tags": "united-states, executive, impeachment, legislative-process, constitution", "answer_with_body_context": [{"generated_text": " While the idea of pressing \"9\" to add a telemarketer's number to a do not call list may seem like a convenient lifehack, it's not entirely accurate. Here's a more detailed explanation:\n\nIn the United States, the Federal Trade Commission (FTC) regulates telemarketing calls and maintains the National Do Not Call Registry. To add your number to this list, you need to visit the FTC's website and enter your phone number. Telemarketers are required to check this list and refrain from calling numbers on it.\n\nHowever, pressing \"9\" during a telemarketing call does not automatically add the telemarketer's number to the National Do Not Call Registry. Instead, pressing \"9\" during a telemarketing call may put you in touch with a customer service representative or a supervisor who can help you with your concerns.\n\nIn some cases, pressing \"9\" may result in the telemarketer removing your number from their call list, but this is not the same as adding the number to the National Do Not Call Registry.\n\nIn conclusion, while pressing \"9\" during a telemarketing call may help you address your concerns with the caller, it does not directly add the telemarketer's number to the National Do Not Call Registry. To ensure that you are not contacted by telemarketers, visit the FTC's website and add your number to the National Do Not Call Registry."}], "answer_with_body_base": [{"generated_text": " While the idea of pressing \"9\" on a phone to add a telemarketer's number to a do not call list may seem appealing, it is not a reliable or official method for opting out of telemarketing calls. The \"9\" key trick is not a standardized or recognized practice across all telemarketing companies.\n\nIn the United States, the Federal Trade Commission (FTC) oversees the National Do Not Call Registry, which allows consumers to opt out of receiving telemarketing calls. To register your number on the National Do Not Call Registry, you can visit the FTC's website or call a toll-free number.\n\nIf you receive a telemarketing call from a company that is not on the National Do Not Call Registry, you can ask the caller to add your number to their internal do not call list. However, this is not guaranteed, and the company may not honor your request.\n\nIn summary, pressing \"9\" on a phone is not a reliable or official method for adding a telemarketer's number to a do not call list. Instead, register your number on the National Do Not Call Registry and ask telemarketers to add your number to their internal do not call list."}]}