{"Unnamed: 0": 200106, "id": "fitness_32393", "Title": "Does temperature have more of an impact on longer runs?", "Body": "Does the impact of temperature on running performance increase with distance?This would mean something like for a 5k maybe a decrease of 3% in avg pace but for a half marathon a decrease of 8% avg pace. These numbers are just random values to try and make the question clear. Also Im asking in respect to the hot side of the ideal 50-60F running temps.", "top5_tags": "running, long-distance-running, speed, training, sprinting", "answer_with_body_context": [{"generated_text": " Yes, temperature can have a more significant impact on running performance as the distance increases. This is because the body has to work harder to regulate its temperature during longer runs, which can lead to fatigue and a decrease in performance.\n\nFor shorter distances, such as a 5k, the impact of temperature may be less noticeable. However, as the distance increases, the body's ability to dissipate heat becomes more challenging, and the effects of temperature on performance become more pronounced.\n\nFor example, in hotter conditions, a runner may experience a decrease in average pace of around 3% for a 5k run. However, for a half marathon, the decrease in average pace could be as high as 8% due to the increased strain on the body's cooling mechanisms.\n\nIt's essential to take precautions when running in hotter conditions, such as staying hydrated, wearing appropriate clothing, and adjusting your pace to account for the increased difficulty. Additionally, it's crucial to listen to your body and take breaks or stop running if you experience any signs of heat exhaustion or heat stroke.\n\nIn summary, temperature can have a more significant impact on running performance as the distance increases, particularly on the hotter side of the ideal 50-60\u00b0F running temperatures. By taking the necessary precautions and adjusting your pace, you can still enjoy running in warmer conditions while minimizing the impact on your performance."}], "answer_with_body_base": [{"generated_text": " Yes, the impact of temperature on running performance does tend to increase with distance. As the distance of a run increases, the body's ability to dissipate heat becomes more challenged, leading to a greater effect on performance.\n\nFor shorter distances, such as a 5k, the impact of temperature may be less pronounced. In your example, a 3% decrease in average pace due to higher temperatures could be a reasonable estimate. However, it's essential to note that individual responses to temperature can vary, and factors such as fitness level, acclimatization, and hydration also play a role.\n\nFor longer distances, such as a half marathon, the impact of temperature on performance can be more significant. In your example, an 8% decrease in average pace due to higher temperatures is a plausible estimate. The longer duration of the run means that the body has more time to accumulate heat, and the increased effort required to maintain pace can exacerbate the effects of heat stress.\n\nIt's essential to consider that these numbers are just estimates and can vary depending on individual factors and environmental conditions. To minimize the impact of temperature on running performance, it's crucial to stay well-hydrated, dress appropriately for the conditions, and acclimatize to the heat if possible. Additionally, adjusting your pace and expectations during hotter conditions can help you maintain a more comfortable and sustainable effort level."}]}