{"Unnamed: 0": 8048008, "id": "woodworking_177", "Title": "\"Joint\" or \"Join\": What is the name for the place where two pieces of wood are fastened together?", "Body": "When speaking in my woodshop, I can't quite tell whether people are saying joint or join when referring to the place where two pieces of wood are glued (or nailed) together. I know the practice is known as joinery but in my use of the English language, joint seems more appropriate. Of course, it doesn't help that a jointer is a tool for a completely different thing.", "top5_tags": "finishing, dogs, united-states, terminology, joinery", "answer_with_body_context": [{"generated_text": " In the context of woodworking, the term \"joint\" is the correct word to use when referring to the place where two pieces of wood are fastened together. A joint is the connection between two pieces of wood, which can be created using various methods such as gluing, nailing, or screwing.\n\nThe term \"joinery\" refers to the craft or skill of creating joints and assembling wooden structures. Joinery encompasses a wide range of techniques and joint types, such as dovetail joints, mortise and tenon joints, and lap joints.\n\nOn the other hand, a \"jointer\" is a woodworking tool used to flatten and straighten the edges and faces of wooden boards. It is not directly related to the process of creating joints between two pieces of wood.\n\nIn summary, when discussing the place where two pieces of wood are fastened together, the correct term to use is \"joint.\" The practice of creating joints is known as joinery, and a jointer is a tool used for a different purpose in woodworking."}], "answer_with_body_base": [{"generated_text": " The correct term for the place where two pieces of wood are fastened together is a \"joint.\" In woodworking, a joint refers to the connection between two pieces of wood, which can be achieved through various methods such as gluing, nailing, or using other fasteners. The practice of creating these connections is known as joinery.\n\nWhile \"join\" is a verb that means to connect or fasten things together, \"joint\" is a noun that refers to the actual connection point or the result of the joining process. In your woodshop, when people are referring to the place where two pieces of wood are fastened together, they are talking about a joint.\n\nIt's understandable that the term \"jointer\" can cause confusion, as it is a tool used in woodworking to create flat surfaces on boards. However, the tool's name is unrelated to the term \"joint\" used to describe the connection between two pieces of wood."}]}