{"Unnamed: 0": 198441, "id": "expatriates_10205", "Title": "Gaining Canadian citizenship through the Army?", "Body": "http://www.forces.ca/en/page/applynow-100 says  To apply to the Forces, you must: Be a Canadian Citizen.http://www.cic.gc.ca/english/resources/tools/cit/grant/cfa.asp says  This section is about granting citizenship to a person who is or was serving in or with the Canadian Armed Forces (CAF).So... what's going on here? (note: I am a Canadian citizen for ten months now, it's not like I am counting, just curious)", "top5_tags": "air-travel, canada, usa, online-resources, public-transport", "answer_with_body_context": [{"generated_text": " It seems there might be some confusion regarding the requirements for joining the Canadian Armed Forces (CAF) and the process of gaining Canadian citizenship. Let's clarify these two aspects:\n\n1. Joining the Canadian Armed Forces (CAF):\nTo join the CAF, you must be a Canadian citizen. This is a requirement as stated on the Forces' website (http://www.forces.ca/en/page/applynow-100). If you have been a Canadian citizen for ten months, you are not yet eligible to apply for a position in the CAF. You will need to wait until you have been a Canadian citizen for at least one year.\n\n2. Gaining Canadian citizenship through the Canadian Armed Forces (CAF):\nThe Canadian government has provisions for granting citizenship to individuals who are or have been serving in or with the CAF. This is outlined on the Immigration, Refugees and Citizenship Canada (IRCC) website (http://www.cic.gc.ca/english/resources/tools/cit/grant/cfa.asp). This process is separate from joining the CAF and is intended to recognize the contributions of those who have served in the Canadian Armed Forces.\n\nIn summary, to join the Canadian Armed Forces, you must be a Canadian citizen for at least one year. However, if you have served in or with the CAF, you may be eligible for Canadian citizenship through a separate process. It's essential to understand the distinction between these two aspects and to follow the appropriate procedures for each."}], "answer_with_body_base": [{"generated_text": " It appears there is some confusion regarding the process of gaining Canadian citizenship through the Army. Let's clarify the information you've found.\n\nThe Forces.ca website states that to apply to the Canadian Armed Forces (CAF), you must be a Canadian citizen. This means that you cannot join the CAF if you are not already a Canadian citizen.\n\nOn the other hand, the Canadian Immigration, Refugees and Citizenship (IRCC) website provides information on granting citizenship to a person who is or was serving in or with the Canadian Armed Forces (CAF). This means that if you are already serving in the CAF or have served in the past, you may be eligible for Canadian citizenship through a different process.\n\nIn summary, you cannot gain Canadian citizenship through the Army by joining the CAF, as you must already be a Canadian citizen to apply. However, if you are already serving in the CAF or have served in the past, you may be eligible for Canadian citizenship through a separate process.\n\nAs a Canadian citizen for ten months now, you are already on the path to full citizenship. You may want to explore other ways to deepen your connection to Canada, such as participating in community events, learning more about Canadian history and culture, and engaging with fellow citizens."}]}