{"Unnamed: 0": 1436448, "id": "hermeneutics_1290", "Title": "What exactly does \u05de\u05b4\u05db\u05b0\u05e0\u05b8\u05e1 (miknac) mean?", "Body": "Researching a related question, I came across passages like:  You shall also make for them linen breeches to cover their nakedness; they shall extend from the hips to the thighs.\u2014Exodus 28:42 (NJPS)and  The priest shall dress in linen raiment, with linen breeches next to his body; and he shall take up the ashes to which the fire has reduced the burnt offering on the altar and place them beside the altar.\u2014Leviticus 6:3 (NJPS) [N.B.: Leviticus 6:10 in many English translations]The bolded word is miknac <04370> and means (according to Strongs):  1) underwear, drawers, trousers  1a) a priestly undergarment of linenWhat exactly were these garments?  Were they most similar to breeches (following the NJPS translation) or closer to modern male undergarments (following the ESV)?", "top5_tags": "hebrew, history, 1-samuel, genesis, mark", "answer_with_body_context": [{"generated_text": " In the context of hermeneutics, the term \u05de\u05b4\u05db\u05b0\u05e0\u05b8\u05e1 (miknac) found in the Hebrew Bible, particularly in Exodus 28:42 and Leviticus 6:3 (NJPS), refers to a specific type of garment worn by the priests. The term is derived from the root \u05db\u05e0\u05e1 (k-n-s), which means \"to gather\" or \"to collect.\"\n\nThe miknac is described as a linen garment that covers the nakedness of the priests, extending from the hips to the thighs. Based on the biblical passages and the context in which the term is used, it is evident that the miknac was an essential part of the priestly attire, serving both a functional and symbolic purpose.\n\nIn terms of its physical appearance, the miknac can be understood as a type of undergarment or trousers, as indicated by the translations provided by the New Jewish Publication Society (NJPS) and the English Standard Version (ESV). The garment was made of linen, a material that was considered pure and suitable for use in the sacred rituals of the Israelite priests.\n\nThe miknac was worn next to the body, underneath the other priestly garments, such as the ephod and the breastplate. This placement suggests that the miknac served as a protective layer, shielding the priests' bodies from direct contact with the sacred objects and substances they handled during their rituals.\n\nIn conclusion, the miknac was a linen undergarment or trousers worn by the priests in ancient Israel. It was an integral part of the priestly attire, serving both a functional and symbolic purpose. The garment's design and material were in line with the purity requirements of the priestly rituals, and it provided a protective layer between the priests' bodies and the sacred objects they handled."}], "answer_with_body_base": [{"generated_text": " The term \u05de\u05b4\u05db\u05b0\u05e0\u05b8\u05e1 (miknac) in the Hebrew Bible refers to a type of garment worn by priests as part of their ceremonial attire. According to Strong's Concordance, the primary meaning of miknac is \"underwear, drawers, trousers,\" with a specific reference to a priestly undergarment made of linen.\n\nBased on the passages you provided from Exodus 28:42 and Leviticus 6:3 (NJPS), these garments were worn by priests to cover their nakedness and were made of linen. They extended from the hips to the thighs, which suggests that they were similar to breeches.\n\nWhile the term \"breeches\" may not be a perfect modern equivalent, it is a reasonable comparison to help visualize the garment. Breeches are a type of short trousers that cover the body from the waist to the thighs, which aligns with the description of the miknac in the biblical passages.\n\nIn summary, the miknac were linen garments worn by priests as part of their ceremonial attire, covering their nakedness from the hips to the thighs. They were most similar to breeches, rather than modern male undergarments."}]}