{"Unnamed: 0": 5724232, "id": "opensource_500", "Title": "Does being open sourced mean others can use my logo?", "Body": "Suppose I have created an open source applicationI have also created a snazzy logo to go with the application (for example, the Eclipse logo)I released my application's source code under a permissive licenseI have not trademarked my logoThe web pages on which my Logo appears may be covered by copyright, or a more restrictive license than the source code itself. But the source code distribution also contains an image file for the logo (so I can display it when the program is running).Does this mean that my logo is covered by the permissive license, and hence available for others to take and use for other purposes?", "top5_tags": "copyright, licensing, apache-2.0, forking, philosophy", "answer_with_body_context": [{"generated_text": " No, being open source does not automatically mean that others can use your logo. While you have released your application's source code under a permissive license, the logo is a separate entity and is not covered by the same license unless explicitly stated.\n\nTrademarks, like logos, are a form of intellectual property that protects brand identity and distinguishes your product from others. Since you have not trademarked your logo, it is not legally protected as a trademark. However, this does not mean that others can freely use it for their own purposes.\n\nThe image file containing the logo in the source code distribution is still your intellectual property. If you want to allow others to use your logo, you should explicitly state that in the license or terms of use for your open source project.\n\nTo prevent others from using your logo without permission, you can consider the following options:\n\n1. Trademark your logo: By registering your logo as a trademark, you can legally protect it and prevent others from using it without your permission.\n\n2. Separate the logo from the source code: Instead of including the logo image file in the source code distribution, you can host it on a separate server and provide a link to it in the documentation. This way, the logo remains your intellectual property, and you can control its usage.\n\n3. Specify usage terms: Clearly state the terms of use for your logo in the documentation or license of your open source project. This can include restrictions on how the logo can be used, modified, or distributed.\n\nIn summary, being open source does not automatically grant others the right to use your logo. To allow others to use your logo, you should explicitly state the terms of use in the license or documentation of your open source project."}], "answer_with_body_base": [{"generated_text": " Being open-sourced does not automatically mean that others can use your logo, even if you have released your application's source code under a permissive license. Logos are typically protected by trademark law, which is separate from copyright law.\n\nIn your case, since you have not trademarked your logo, it may be more difficult to enforce exclusive rights to its use. However, this does not mean that others can freely use your logo for other purposes.\n\nThe permissive license you have chosen for your source code only applies to the code itself, not to any associated assets like images or logos. If you want to allow others to use your logo, you would need to explicitly grant permission for its use in the license or terms of use for your application.\n\nTo protect your logo, you may want to consider registering it as a trademark. This would give you exclusive rights to use the logo and the ability to enforce those rights against others who may attempt to use it without permission.\n\nIn summary, while your open-source application's source code may be freely available under a permissive license, the logo is not automatically included in that license. To allow others to use your logo, you would need to grant permission explicitly or consider trademarking the logo."}]}