{"Unnamed: 0": 200105, "id": "fitness_32391", "Title": "What does it mean to bonk or hit the wall?", "Body": "What does it mean to bonk or hit the wall during a run or a bike ride?That is the main question, but to generate a more detailed answer here please consider these corollary questions:Can this can be a fairly serious thing, so what are the effects of this that makes it so serious?Is bonking the same as hitting a wall??Please explain what causes a bonk to occur, what things you would experience before, during, and after. Are there benefits to bonking?If hitting the wall is different then please elaborate on this too.", "top5_tags": "running, long-distance-running, speed, training, sprinting", "answer_with_body_context": [{"generated_text": " Bonking or hitting the wall is a term used in endurance sports, such as running and cycling, to describe a state of sudden fatigue and loss of energy. This occurs when the body's glycogen stores are depleted, and it can be a fairly serious issue for athletes, as it can significantly impact performance and may even lead to injury if not managed properly.\n\nBonking and hitting the wall are essentially the same thing, with the terms being used interchangeably in the context of endurance sports. Both refer to the point at which an athlete's energy levels drop dramatically due to the depletion of glycogen stores in the muscles and liver.\n\nThe causes of bonking can be attributed to several factors, including inadequate fueling, overexertion, and insufficient recovery. Before bonking, an athlete may experience symptoms such as fatigue, dizziness, and a general feeling of weakness. During a bonk, the athlete may struggle to maintain their pace, experience muscle cramps, and have difficulty concentrating. After bonking, it can take some time for the body to recover, and the athlete may feel exhausted and unable to perform at their usual level.\n\nThere are no benefits to bonking, as it can negatively impact an athlete's performance and overall well-being. However, experiencing a bonk can serve as a learning experience for athletes, helping them to better understand their body's needs and develop strategies to prevent it from happening in the future.\n\nTo avoid bonking, athletes should focus on proper nutrition and hydration, ensuring they consume enough carbohydrates to maintain their glycogen stores during long workouts or races. Additionally, pacing oneself and allowing for adequate recovery time can help prevent the onset of bonking.\n\nIn summary, bonking or hitting the wall is a serious issue in endurance sports that occurs when an athlete's glycogen stores are depleted, leading to a sudden drop in energy levels. While there are no benefits to bonking, it can serve as a learning experience for athletes to better understand their body's needs and develop strategies to prevent it from happening in the future. Proper nutrition, hydration, pacing, and recovery are essential in avoiding bonking and maintaining optimal performance."}], "answer_with_body_base": [{"generated_text": " Bonking or hitting the wall is a term used to describe a state of sudden fatigue and loss of energy that occurs during endurance activities like running or cycling. This phenomenon is usually caused by the depletion of glycogen stores in the muscles and liver, which are the primary sources of energy during prolonged exercise.\n\nWhen you bonk, you may experience a range of symptoms, including:\n\n1. Sudden and severe fatigue\n2. Dizziness or lightheadedness\n3. Mental confusion or difficulty concentrating\n4. Irritability or mood swings\n5. Muscle weakness or cramping\n6. Slowed pace or inability to maintain your usual speed\n\nBonking can be a fairly serious issue, especially during long-distance races or events, as it can significantly impair your performance and may even lead to injury or medical complications if not addressed promptly.\n\nBonking and hitting the wall are essentially the same thing, with \"hitting the wall\" being a more colloquial term for the experience.\n\nTo prevent bonking, it's essential to maintain proper nutrition and hydration before, during, and after your workout. This includes consuming a balanced diet rich in carbohydrates, proteins, and healthy fats, as well as staying well-hydrated and replenishing electrolytes during exercise.\n\nThere are no real benefits to bonking, as it can negatively impact your performance and overall experience. However, experiencing a bonk can serve as a learning opportunity to better understand your body's needs and improve your training and nutrition strategies for future events.\n\nIn summary, bonking or hitting the wall is a state of sudden fatigue and energy loss during endurance activities caused by glycogen depletion. It can be a serious issue that affects performance and may lead to complications if not addressed. Proper nutrition and hydration are crucial in preventing bonking, and while there are no benefits to experiencing it, it can help you learn more about your body's needs and improve your training strategies."}]}