{"Unnamed: 0": 5728051, "id": "parenting_8319", "Title": "Should a 7 day old be prevented from raising her head on her own?", "Body": "My 7 day old baby raises her head up and holds it there for about 2 seconds when I try to burp her by placing my hand on her chest and neck, bending her on -45 degree angle and then patting her back.Should I be concerned?", "top5_tags": "infant, baking, toddler, newborn, age-appropriate", "answer_with_body_context": [{"generated_text": " It is not uncommon for newborns to exhibit some head control, even at 7 days old. However, it is essential to be gentle and cautious when handling a newborn, especially during burping.\n\nAt this age, your baby's neck muscles are still developing, and they may not have full control over their head movements. It is essential to support your baby's head and neck while burping them to prevent any strain or injury.\n\nWhen burping your baby, you can try the following steps:\n\n1. Hold your baby upright against your chest, supporting their head and neck with one hand.\n2. Gently pat or rub their back with the other hand.\n3. If your baby raises their head, try to keep it supported and avoid any sudden movements.\n\nIf your baby consistently raises their head during burping, you can try adjusting your burping technique or consulting with your pediatrician for further guidance.\n\nIn general, it is essential to be gentle and cautious when handling a newborn, and it is always a good idea to consult with your pediatrician if you have any concerns about your baby's development or behavior."}], "answer_with_body_base": [{"generated_text": " It is not uncommon for newborns to exhibit some head control, even at 7 days old. However, it is essential to be gentle and cautious when handling a newborn, especially during burping.\n\nAt this age, your baby's neck muscles are still developing, and they may not have full control over their head movements. The fact that your baby can raise her head for a couple of seconds is a positive sign of early muscle development.\n\nTo ensure your baby's safety and comfort while burping, you can try the following tips:\n\n1. Support your baby's head and neck with one hand while gently patting her back with the other hand.\n2. Hold your baby in an upright position, with her chest resting on your shoulder or in your lap, and her head supported by your hand.\n3. Be gentle and avoid any sudden or forceful movements that may cause discomfort or strain on your baby's neck muscles.\n\nIf you have any concerns about your baby's head control or development, it is always best to consult with your pediatrician. They can provide guidance and reassurance based on your baby's individual needs and development."}]}