{"Unnamed: 0": 8053271, "id": "writers_32737", "Title": "What Genre Category for a Semi-Fictional Memoir?", "Body": "What genre do these types of Memoirs fall under?   \"Inspired by true events?\"  ... Is Semi-Fictional Memoir a \"thing\"?   I definitely don't feel that \"fictional autobiography\" fits.I have been writing a lot of short stories that are Memoir-ish, that are based on true events in my life.  Because I don't remember every detail, I tried to make some parts of the stories obviously fictional.  But, in some stories, it isn't so obvious that parts are fictional. I feel that making it obvious in some stories would be intrusive, and undermine the tone.I am hoping that applying the proper genre label would be sufficient.", "top5_tags": "word-study, greek, historical-interpretation, passion-narrative, prophecy", "answer_with_body_context": [{"generated_text": " A semi-fictional memoir falls under the genre of \"Creative Nonfiction\" or \"Narrative Nonfiction.\" This genre allows authors to blend elements of fact and fiction to create a compelling and engaging story based on real-life events. By using creative techniques, such as dialogue, character development, and descriptive language, writers can bring their memoirs to life while still maintaining the essence of their true experiences.\n\nIn your case, since you are writing memoir-ish stories based on true events in your life, but with some fictional elements, Creative Nonfiction would be the most appropriate genre label. This genre acknowledges the blend of fact and fiction, and readers will understand that your stories are inspired by real events but may contain some creative liberties.\n\nTo further clarify the nature of your work, you can also consider using sub-genres within Creative Nonfiction, such as \"Personal Essay\" or \"Literary Journalism.\" These sub-genres can help readers understand the specific style and approach you are taking in your semi-fictional memoirs.\n\nRemember that the most important aspect of your work is to be transparent with your readers about the blend of fact and fiction. By clearly stating that your stories are inspired by true events, you can maintain the trust of your audience while still allowing yourself the creative freedom to craft engaging narratives."}], "answer_with_body_base": [{"generated_text": " A semi-fictional memoir falls under the genre of \"Creative Nonfiction\" or \"Narrative Nonfiction.\" This genre allows authors to blend elements of fact and fiction to create a compelling and engaging story based on real-life events. By using creative techniques, such as dialogue, character development, and descriptive language, you can bring your memoir to life while still maintaining the essence of your true experiences.\n\nIn your case, since you are incorporating both true events and fictional elements, it's essential to be transparent with your readers about the nature of your work. You can do this by including a note or disclaimer at the beginning of your memoir, stating that while the story is inspired by true events, some details and dialogue have been fictionalized for the sake of storytelling.\n\nBy labeling your work as Creative Nonfiction or Narrative Nonfiction, you can provide readers with a clear understanding of the genre and set the appropriate expectations. This will help them appreciate the unique blend of fact and fiction that you have created in your memoir."}]}