{"Unnamed: 0": 201135, "id": "freelancing_7369", "Title": "Is it possible to earn $200 a month by freelancing?", "Body": "I've been trying to earn just $200 a month for five years now but I failed!I tried tons of PTC and surveys websites and I found out that they are scam or they pay too low. They don't worth it. I spend a lot of time and effort testing those websites.I tried to sell some images and pictures on some websites (I don't recall their names because that was in the past) and no one bought them.I've created many blogs and I failed to gain traffic. Finally, I build a blog that is not in English. It has more than 10,000 views per month. But I earn about as low as $3 a month!!I teach my native language on youtube. My channel has more than 10,000 views per months too and 2K subscribers. I earn about $12 a month. That's very low too. Currently, I work as a transcriber. This gives me $30 a month at most. Maybe that's because they don't have a large number of customers.I've just graduated this year. I really need to get $200 a month because they are enough for my living. If I managed to do it, I don't have to get a real work. I can work online. So, I applied to one of the websites that can make me earn $10 per a tested website. I applied twice but I failed. I created accounts on Fiverr and Freelancer but no one buys my gigs or hires me. Could you tell me a way to get $200 a month, Please? I need a trusted (legit) website that gives me a job. I prefer not to search for customers or get traffic. I need direct tasks or jobs like what I do as a transcriber. The website gives me files to transcribe, Then I get paid.I've many skills. I can type very fast. I'm an expert in photoshop, MS word, power point, excel. I've two languages (English and Arabic) so I can work as a translator.Thank you so much,", "top5_tags": "multiple-sclerosis, meaning-in-context, copyright, meaning, united-states", "answer_with_body_context": [{"generated_text": " Dear [Name],\n\nI understand your frustration and the challenges you've faced in your freelancing journey so far. It's essential to remember that building a successful freelance career takes time, patience, and persistence. Here are some suggestions to help you reach your goal of earning $200 a month:\n\n1. Specialize in a niche: Focus on a specific skill or industry where you have expertise and can provide high-quality work. This will help you stand out from the competition and attract clients who are willing to pay more for your services.\n\n2. Improve your online presence: Create a professional website or portfolio showcasing your skills, experience, and previous work. This will help potential clients find you and understand your value proposition.\n\n3. Network and build relationships: Join online communities, forums, and social media groups related to your niche. Engage with other professionals, share your expertise, and build relationships with potential clients.\n\n4. Offer a variety of services: Since you have multiple skills, consider offering a range of services such as transcription, translation, graphic design, and content writing. This will help you attract a broader client base and increase your chances of getting hired.\n\n5. Set competitive rates: Research the market rates for your services and set your prices accordingly. Be open to negotiation, but don't undersell yourself.\n\n6. Use reputable freelance platforms: While you've had limited success on Fiverr and Freelancer, consider exploring other platforms like Upwork, Toptal, or PeoplePerHour. These platforms have a larger client base and offer more opportunities for freelancers.\n\n7. Consider part-time or project-based work: If you're struggling to find consistent work, consider taking on part-time or project-based jobs that can help you earn a steady income.\n\n8. Invest in your skills: Continuously improve your skills and stay up-to-date with industry trends. This will make you more attractive to potential clients and help you command higher rates.\n\n9. Be patient and persistent: Freelancing can be challenging, but don't give up. Keep refining your approach, learning from your experiences, and adapting to the ever-changing market.\n\nRemember, earning $200 a month is a great starting point, and as you build your reputation and client base, you can work towards increasing your income. Stay focused, and don't be afraid to try new strategies and platforms.\n\nBest of luck in your freelancing journey!\n\nSincerely,\n[Your Name]"}], "answer_with_body_base": [{"generated_text": " It's understandable that you've faced challenges in your freelancing journey so far. However, don't lose hope, as there are still many legitimate opportunities available to earn $200 a month. Here are some suggestions to help you achieve your goal:\n\n1. Specialize in a niche: Focus on a specific skill or industry where you have expertise, such as translation, graphic design, or content writing. This will help you stand out and attract clients who are looking for your specific skill set.\n\n2. Build a strong portfolio: Showcase your work and skills on your website or a platform like Behance or Dribbble. This will help potential clients see your capabilities and increase your chances of getting hired.\n\n3. Network and market yourself: Join online communities and forums related to your niche, and actively participate in discussions. This will help you build connections and gain visibility. Additionally, consider creating a LinkedIn profile and connecting with professionals in your field.\n\n4. Use freelance platforms: While you've had limited success on Fiverr and Freelancer, there are other platforms like Upwork, Toptal, and PeoplePerHour that you can explore. Be sure to create a compelling profile and bid on relevant projects.\n\n5. Offer your services on social media: Utilize your social media presence to promote your services. Share your work, engage with potential clients, and consider running targeted ads to reach your desired audience.\n\n6. Consider remote work opportunities: Many companies are now offering remote work positions, which can be a great way to earn a steady income. Websites like Remote.co, We Work Remotely, and FlexJobs can help you find remote job opportunities.\n\n7. Explore part-time or contract work: If you're open to working with a company, consider applying for part-time or contract positions that can supplement your freelance income.\n\n8. Continuously improve your skills: Stay up-to-date with industry trends and continue to develop your skills. This will make you more attractive to potential clients and help you command higher rates.\n\nRemember that earning $200 a month as a freelancer may take time and persistence. Be patient, keep refining your approach, and don't be afraid to try new strategies. With dedication and hard work, you can achieve your goal of earning $200 a month through freelancing."}]}