{"Unnamed: 0": 202179, "id": "gaming_108891", "Title": "How many sims fit in a car?", "Body": "I'm trying to work up a plan for traffic in my city, and I think it's easy enough for me to figure out how many cars can make it through a stopsign unopposed in an hour, and how many cars can make it through a stoplight opposed in an hour... but it's all for naught as I don't know how many workers are in a car.I know that low wealth, high density residential buildings have 400 workers, 200 shoppers and 100 students.  What I don't know: how many cars does that turn into?", "top5_tags": "world-of-warcraft, simcity-2013, star-wars-the-old-republic, sims-3, eve-online", "answer_with_body_context": [{"generated_text": " In The Sims series, the number of Sims in a car can vary depending on the game version and the type of vehicle. However, in general, most cars in The Sims games can accommodate up to 4 Sims. This includes sedans, SUVs, and minivans.\n\nTo estimate the number of cars needed for your city's traffic, you can use the following approach:\n\n1. Determine the total number of workers in your city.\n2. Divide the total number of workers by 4 (since most cars can hold 4 Sims).\n3. This will give you an estimate of the number of cars needed to transport all the workers.\n\nFor example, if you have 400 workers in your city, you would need approximately 100 cars to transport them (400 workers / 4 Sims per car = 100 cars).\n\nKeep in mind that this is a rough estimate, and the actual number of cars on the road may vary depending on factors such as carpooling, public transportation, and the time of day. Additionally, you may want to consider the capacity of different types of vehicles, as some may hold more Sims than others.\n\nIn summary, while there is no exact answer to how many Sims fit in a car, a general rule of thumb is that most cars can hold up to 4 Sims. You can use this information to estimate the number of cars needed for your city's traffic based on the number of workers and other factors."}], "answer_with_body_base": [{"generated_text": " The number of Sims that can fit in a car depends on the type of car and the seating capacity. In The Sims series, cars typically have a seating capacity of 4 to 6 passengers. However, this can vary depending on the specific car model and the game version.\n\nTo estimate the number of cars needed for the workers in your city, you can use the following approach:\n\n1. Determine the total number of workers in your city.\n2. Divide the total number of workers by the average seating capacity of a car (let's assume 4 passengers for simplicity).\n3. Round up the result to the nearest whole number to account for any remaining workers who may not fit in a car with the average seating capacity.\n\nFor example, if you have 400 workers in your city:\n\n400 workers / 4 passengers per car = 100 cars\n\nSo, you would need approximately 100 cars to transport all the workers in your city.\n\nKeep in mind that this is a rough estimate, and the actual number of cars may vary depending on factors such as carpooling, public transportation, and the availability of different car models in your city. Additionally, you may want to consider the impact of traffic congestion and road capacity on the number of cars that can travel through your city in a given time frame."}]}