{"Unnamed: 0": 1437350, "id": "hermeneutics_293", "Title": "Translation of \"Hosanna\" (\u1f61\u03c3\u03b1\u03bd\u03bd\u03ac)", "Body": "What does \"Hosanna\" (\u1f61\u03c3\u03b1\u03bd\u03bd\u03ac) mean (as it appears in the Gospels)? What is its etymology/derivation from Hebrew/Aramaic?", "top5_tags": "air-travel, safety, health, usa, luggage", "answer_with_body_context": [{"generated_text": " In the context of hermeneutics, the term \"Hosanna\" (\u1f61\u03c3\u03b1\u03bd\u03bd\u03ac) as it appears in the Gospels has a rich and multifaceted meaning. The term is derived from the Hebrew phrase \"h\u00f4sh\u00ee\u02bf\u0103n\u0101n\u0101\" (\u05d4\u05d5\u05e9\u05d9\u05e2\u05e0\u05d5), which translates to \"save, rescue, savior.\" It is a plea for salvation and deliverance.\n\nIn the Gospels, \"Hosanna\" is used as a cry of praise and adoration, particularly in reference to Jesus Christ. It is a term that expresses the recognition of Jesus as the long-awaited Messiah and Savior. The term is first recorded in the Gospel of Matthew (21:9) during Jesus' triumphal entry into Jerusalem, where the crowds shouted, \"Hosanna to the Son of David!\" This event is also known as Palm Sunday.\n\nThe etymology of \"Hosanna\" can be traced back to the Hebrew language, where it is a combination of two words: \"hoshia\" (\u05d4\u05d5\u05e9\u05d9\u05e2\u05d4), meaning \"save\" or \"deliver,\" and \"na\" (\u05e0\u05d0), a particle of entreaty or supplication. The Aramaic equivalent of \"Hosanna\" is \"hosanna rabba\" (\u05d4\u05d5\u05e9\u05e2\u05e0\u05d0 \u05e8\u05d1\u05d0), which translates to \"save, O Lord!\" or \"save, O great Lord!\"\n\nIn the context of hermeneutics, the term \"Hosanna\" serves as a powerful example of how language and culture shape the interpretation of religious texts. The term's Hebrew and Aramaic roots, as well as its usage in the Gospels, reflect the Jewish and Christian understanding of Jesus as the long-awaited Messiah and Savior. The term's plea for salvation and deliverance also highlights the human longing for redemption and the hope for a better future.\n\nIn summary, \"Hosanna\" (\u1f61\u03c3\u03b1\u03bd\u03bd\u03ac) in the Gospels is a term that expresses praise, adoration, and recognition of Jesus as the Messiah and Savior. Its etymology can be traced back to the Hebrew and Aramaic languages, where it is a plea for salvation and deliverance. The term's usage in the Gospels reflects the Jewish and Christian understanding of Jesus' role in humanity's redemption and the hope for a better future."}], "answer_with_body_base": [{"generated_text": " \"Hosanna\" (\u1f61\u03c3\u03b1\u03bd\u03bd\u03ac) is a word that appears in the Gospels, particularly in the context of Jesus' triumphal entry into Jerusalem. It is an exclamation of praise, adoration, and joy, often used to express a plea for salvation or deliverance.\n\nThe etymology of \"Hosanna\" can be traced back to Hebrew and Aramaic roots. In Hebrew, the word \"Hosanna\" is derived from the phrase \"Hoshia na\" (\u05d4\u05d5\u05e9\u05d9\u05e2\u05d4 \u05e0\u05d0), which translates to \"Save, please\" or \"Save, now.\" This phrase is a plea for God's intervention and deliverance.\n\nIn Aramaic, the word \"Hosanna\" is derived from the phrase \"Oshana\" (\u0710\u0718\u072b\u0725\u0722\u0710), which means \"save\" or \"salvation.\" Aramaic was the common language spoken by Jesus and his disciples during his time on earth, and it is likely that the word \"Hosanna\" was used in this context.\n\nIn the Gospels, the word \"Hosanna\" is used in the context of Jesus' entry into Jerusalem, where the crowds greeted him with palm branches and shouted \"Hosanna\" as a declaration of their faith in him as the long-awaited Messiah and Savior. This exclamation of praise and adoration has since become a common part of Christian liturgy and worship, particularly during Palm Sunday and the celebration of Jesus' resurrection."}]}