{"Unnamed: 0": 1444490, "id": "history_9885", "Title": "Which figure is this a statue of?", "Body": "In Ocean's 12, towards the end of the movie in the famous scene where Night Fox is dodging the laser field to steal the (fake) coronation egg at the museum, we see this statue in the foreground.My question is, what is this statue or rather or who is this a statue of? It seems like a famous classical Greek figure, maybe even a mythological figure. The figure is beautifully haunting and has been bugging me ever since I first saw it in the movie.The clip is in HD here with the statue showing up for a few seconds starting at 1:06.This is not a movie question but rather a question regarding a piece of art of classical antiquity. That's why I am posting it here hoping the history buffs can help me instead of the Stack Exchange Movies Beta.Thanks.", "top5_tags": "united-states, do-androids-dream-of-electric-sheep, baroque-period, history, short-stories", "answer_with_body_context": [{"generated_text": " The statue you are referring to in the movie Ocean's 12 is a representation of the Greek goddess Aphrodite, also known as Venus in Roman mythology. Aphrodite is the goddess of love, beauty, pleasure, and procreation. She is often depicted as a beautiful woman, sometimes rising from the sea, which is how she was born according to Greek mythology.\n\nThe statue in the movie is a replica of the famous ancient Greek statue known as the \"Venus de Milo\" or \"Aphrodite of Milos,\" which was discovered on the island of Milos in 1820. The original statue is believed to have been created between 130 and 100 BCE and is now housed in the Louvre Museum in Paris.\n\nThe Venus de Milo is a celebrated example of Hellenistic sculpture, characterized by its graceful and naturalistic depiction of the human form. The statue's missing arms have led to much speculation about its original pose and the story it was meant to convey.\n\nIn the context of the movie, the statue serves as a visually striking and symbolic element, representing beauty, allure, and the pursuit of desire. Its presence in the scene adds to the tension and drama of the heist, as the characters navigate the laser field to steal the (fake) coronation egg."}], "answer_with_body_base": [{"generated_text": " The statue you are referring to in the movie Ocean's 12 is a representation of the Greek goddess Athena. Athena is a prominent figure in Greek mythology, known as the goddess of wisdom, courage, inspiration, civilization, law and justice, strategic warfare, mathematics, strength, strategy, the arts, crafts, and skill. She is often depicted with a helmet, shield, and spear, and is frequently accompanied by an owl, which symbolizes wisdom.\n\nIn the movie, the statue of Athena is used as a dramatic backdrop for the heist scene, adding to the tension and atmosphere of the moment. The statue's haunting beauty and classical Greek style make it a memorable and iconic image in the film."}]}