{"Unnamed: 0": 5724231, "id": "opensource_499", "Title": "In a Wikipedia article am I able to insert information licensed with CC BY even though they use a CC BY-SA license?", "Body": "Background:While writing an article on Wikipedia I needed to include text that is licensed under a CC-BY license. After a bit of digging I found that Wikipedia uses a CC BY-SA license.  Question:Despite Wikipedia using a CC-BY-SA license, will I run into problems if I include CC-BY licensed text?", "top5_tags": "licensing, creative-commons, software, project-management, cc-by", "answer_with_body_context": [{"generated_text": " Answer: Yes, you can include information licensed under a CC BY license in a Wikipedia article, even though Wikipedia uses a CC BY-SA license. The Creative Commons licenses are designed to be compatible with each other, and in this case, the CC BY license is compatible with the CC BY-SA license.\n\nThe CC BY license allows others to distribute, remix, adapt, and build upon your work, even commercially, as long as they credit you for the original creation. The CC BY-SA license has the same permissions as the CC BY license, but it also requires that any derivative works be licensed under the same terms (i.e., the CC BY-SA license).\n\nWhen you include CC BY licensed text in a Wikipedia article, you are allowed to do so as long as you provide proper attribution to the original author. Since Wikipedia is a collaborative platform, the content is already licensed under the CC BY-SA license, which means that any derivative works created from the content will also be licensed under the CC BY-SA license.\n\nIn summary, you can include CC BY licensed text in a Wikipedia article without any issues, as long as you provide proper attribution to the original author. The content will be licensed under the CC BY-SA license, which is compatible with the CC BY license."}], "answer_with_body_base": [{"generated_text": " Answer: Yes, you can include text licensed under a CC-BY license in a Wikipedia article, even though Wikipedia uses a CC BY-SA license. The Creative Commons licenses are designed to be compatible with each other, and in this case, the CC BY license is compatible with the CC BY-SA license.\n\nThe CC BY license allows others to distribute, remix, adapt, and build upon the work, even commercially, as long as they credit the original creator. The CC BY-SA license has the same permissions, but it also requires that any derivative works be licensed under the same terms (ShareAlike).\n\nWhen you include CC-BY licensed text in a Wikipedia article, you must provide proper attribution to the original creator, as required by the CC BY license. Since Wikipedia's content is licensed under CC BY-SA, any derivative works created from the Wikipedia article (such as translations or adaptations) must also be licensed under CC BY-SA.\n\nIn summary, you can include CC-BY licensed text in a Wikipedia article, but you must provide proper attribution to the original creator. The resulting Wikipedia article will be licensed under CC BY-SA, and any derivative works must also be licensed under CC BY-SA."}]}