{"Unnamed: 0": 5750426, "id": "scifi_108401", "Title": "What language did the first Edain awake speak if they did?", "Body": "I ask this because I was wondering, since Morgoth came across them first, they had to have had some sort of language in order to communicate with him - or is that not specified?", "top5_tags": "tolkiens-legendarium, the-silmarillion, the-lord-of-the-rings, valar, morgoth", "answer_with_body_context": [{"generated_text": " In the context of J.R.R. Tolkien's Middle-earth, the Edain were the ancestors of the N\u00famen\u00f3reans and the D\u00fanedain, and they were the first Men to awaken in Beleriand. The language they spoke is not explicitly mentioned in Tolkien's works, but it is likely that they spoke a proto-language that would eventually evolve into the Ad\u00fbnaic language spoken by the N\u00famen\u00f3reans.\n\nAs for the interaction between the Edain and Morgoth, it is not specified in the texts that they communicated directly with him. Morgoth, the first Dark Lord, was a Maia, a powerful spirit, and his primary language was Valarin, the language of the Ainur. However, it is possible that he could have understood the proto-language of the Edain, as he was known to have a deep understanding of the languages of Middle-earth.\n\nIn the absence of a specific language for the Edain, it is also possible that they communicated through a form of proto-Elvish, as the Elves were the first of the Children of Il\u00favatar to awaken and were present in Beleriand at the time of the Edain's awakening. The Elves were known to be skilled in languages and could have taught the Edain a rudimentary form of their own language to facilitate communication.\n\nIn summary, while the exact language spoken by the first Edain is not specified, it is likely that they spoke a proto-language that would eventually evolve into Ad\u00fbnaic. Their interaction with Morgoth is not explicitly described, but it is possible that they communicated through a form of proto-Elvish or that Morgoth could understand their language due to his deep knowledge of Middle-earth's languages."}], "answer_with_body_base": [{"generated_text": " The first Edain, also known as the First Men, did not have a specific language mentioned in J.R.R. Tolkien's works. However, it is known that they spoke a language called Ad\u00fbnaic, which was the common tongue of the N\u00famen\u00f3reans and their descendants.\n\nAs for their communication with Morgoth, it is not explicitly stated in the texts. However, it is possible that they used a primitive form of communication, such as gestures or sounds, to interact with him. It is also possible that Morgoth understood their language, as he was a powerful being with knowledge of many languages.\n\nIn summary, while the specific language spoken by the first Edain is not mentioned, it is likely that they used a form of communication to interact with Morgoth, and they later developed the Ad\u00fbnaic language."}]}