{"Unnamed: 0": 165565, "id": "cooking_20372", "Title": "What role does alcoholic liquid play in cheese fondue recipes?", "Body": "Pretty much every recipe I've seen for cheese fondue includes either white wine (sometimes alongside kirsch/brandy) or some kind of beer in the delicious cheesy sauce.Why is the added liquid (seemingly) always alcoholic - as opposed to adding, say, water? Is it because beer or wine complements the other flavors in the fondue, or because milk proteins are alcohol soluble so it achieves the desired consistency? Or is there some other reason that combines those two explanations (or presents a different one entirely)?", "top5_tags": "budget, transportation, south-africa, camping, gear", "answer_with_body_context": [{"generated_text": " Alcoholic liquids, such as white wine, beer, or brandy, play a crucial role in cheese fondue recipes for several reasons. Firstly, the alcohol helps to break down the proteins in the cheese, allowing it to melt smoothly and evenly. This is because alcohol is a solvent for the milk proteins, which helps to achieve the desired consistency of the fondue.\n\nSecondly, the addition of alcoholic liquids enhances the overall flavor profile of the fondue. The acidity in white wine or the bitterness in beer can balance the richness of the cheese, while the subtle flavors of brandy or kirsch can add depth and complexity to the dish. The alcohol also helps to prevent the cheese from becoming too stringy or clumpy, ensuring a smooth and creamy texture.\n\nLastly, the alcoholic liquid in cheese fondue serves as a medium for infusing the dish with aromatic compounds. The heat from the fondue pot releases the volatile compounds in the alcohol, which then interact with the cheese and other ingredients, creating a more flavorful and aromatic dish.\n\nIn summary, the use of alcoholic liquids in cheese fondue recipes is a combination of achieving the desired consistency, enhancing the flavor profile, and infusing the dish with aromatic compounds. While water can technically be used as a substitute, it would not provide the same benefits as alcoholic liquids in terms of flavor and texture."}], "answer_with_body_base": [{"generated_text": " The alcoholic liquid in cheese fondue recipes serves multiple purposes. Firstly, the alcohol, such as white wine or beer, complements the flavors of the cheese and other ingredients, enhancing the overall taste of the fondue. The acidity in the wine or the bitterness in the beer can balance the richness of the cheese, creating a more complex and enjoyable flavor profile.\n\nSecondly, the alcohol helps to achieve the desired consistency of the fondue. The alcohol in the wine or beer helps to break down the milk proteins in the cheese, allowing them to melt more easily and create a smooth, creamy texture. This is because alcohol is a solvent for the proteins, which helps to prevent them from clumping together and forming a grainy texture.\n\nAdditionally, the alcohol in the fondue can help to prevent the cheese from becoming too stringy or rubbery. The alcohol helps to keep the cheese in a more fluid state, making it easier to dip and enjoy with various accompaniments.\n\nIn summary, the alcoholic liquid in cheese fondue recipes serves to enhance the flavor, achieve the desired consistency, and prevent the cheese from becoming too stringy or rubbery. While it is possible to make a non-alcoholic fondue using water or other liquids, the use of alcohol in traditional fondue recipes is a time-honored technique that contributes to the overall taste and texture of the dish."}]}