{"Unnamed: 0": 7709147, "id": "sound_22079", "Title": "What do you call a rising sequence of short notes in a composition esp with strings?", "Body": "I have a noticed in a few pop songs you occasionally get a series of notes that sounds like a set of short notes rising in succession - usually done with strings. One example is in Abba's Dancing Queen, right after the lyric 'and when you get the chance..' you get this sequence I am thinking of. Another example is the very beginning of 'One in a Million' by the Pet Shop Boys.Is there a musicological term for this?", "top5_tags": "ableton-live, synthesizer, ableton, strings, effects", "answer_with_body_context": [{"generated_text": " The musical term for a rising sequence of short notes, especially in string compositions, is called an \"arpeggio.\" An arpeggio is a type of broken chord where the notes are played in succession, either ascending or descending. In the examples you mentioned, such as in Abba's \"Dancing Queen\" and the Pet Shop Boys' \"One in a Million,\" the arpeggios create a sense of movement and excitement, adding to the overall musical texture. Arpeggios are commonly used in various genres, including classical, jazz, and pop music, to create a specific mood or effect."}], "answer_with_body_base": [{"generated_text": " The musical term you're referring to is called an \"arpeggio.\" An arpeggio is a type of broken chord where the notes are played or sung in succession, either ascending or descending. In the context of string instruments, the notes of a chord are plucked or bowed individually in a rising or falling pattern.\n\nIn the examples you mentioned, the arpeggios create a sense of movement and excitement, adding to the overall energy of the song. Arpeggios are commonly used in various genres of music, including pop, classical, and jazz, to create a specific mood or effect.\n\nIn Abba's \"Dancing Queen,\" the arpeggio you mentioned occurs right after the lyric \"and when you get the chance,\" and it helps to build anticipation and excitement for the chorus. Similarly, in the Pet Shop Boys' \"One in a Million,\" the arpeggio at the beginning of the song sets the tone and introduces the melody.\n\nArpeggios can be played on various instruments, including strings, piano, guitar, and even synthesizers. They are a versatile and expressive musical technique that can be used to create a wide range of emotions and textures in a composition."}]}