{"Unnamed: 0": 1461679, "id": "martialarts_2942", "Title": "Etymology and meaning of ukemi", "Body": "I believe that ukemi can be translated as receiving body (\u53d7\u3051\u8eab). It is what uke (\u53d7\u3051, whoever receives the technique) does when nage (\u6295\u3052 thrower) or tori (\u53d6\u308a, grabber) applies a technique.Am I correct in my assumptions?Are my kanji correct?Japanese SE: Etymology and meaning of ukemi (\u53d7\u3051\u8eab?) as part of \u5408\u6c17\u9053", "top5_tags": "aikido, history, weapons, system-agnostic, training", "answer_with_body_context": [{"generated_text": " Yes, your assumptions are correct. The term \"ukemi\" (\u53d7\u3051\u8eab) in the context of martial arts, particularly in Aikido, can be translated as \"receiving body.\" It refers to the techniques and skills that the uke (\u53d7\u3051, the person who receives the technique) employs to safely and effectively receive the force of a technique executed by the nage (\u6295\u3052, the person who throws) or tori (\u53d6\u308a, the person who grabs).\n\nThe kanji characters you have used for \"ukemi\" (\u53d7\u3051\u8eab) are indeed correct. The first character, \"\u53d7\u3051\" (uke), means \"to receive\" or \"to accept,\" and the second character, \"\u8eab\" (mi), means \"body.\" Together, they form the term \"ukemi,\" which can be understood as \"receiving body\" or \"receiving technique.\"\n\nIn Aikido, ukemi is an essential aspect of training, as it helps practitioners develop the ability to safely and gracefully fall or roll, minimizing the risk of injury when receiving techniques. It also helps to cultivate a sense of awareness, balance, and harmony with the partner, which are key principles in Aikido practice."}], "answer_with_body_base": [{"generated_text": " Yes, your assumptions are correct. The term \"ukemi\" (\u53d7\u3051\u8eab) in Japanese can indeed be translated as \"receiving body.\" It refers to the art of safely receiving a technique in martial arts such as Aikido, Judo, and others. The kanji characters you have used are also correct.\n\nIn the context of Aikido, ukemi is an essential skill that allows the uke (\u53d7\u3051, the person who receives the technique) to safely and effectively receive the techniques applied by the nage (\u6295\u3052, the person who throws) or tori (\u53d6\u308a, the person who grabs). The practice of ukemi helps the uke to develop balance, coordination, and an understanding of the principles of the martial art.\n\nThe etymology of the term \"ukemi\" can be broken down as follows:\n\n1. \u53d7\u3051 (\u3046\u3051, uke): This kanji character means \"to receive\" or \"to accept.\" It is used to refer to the person who is receiving the technique in martial arts.\n2. \u8eab (\u307f, mi): This kanji character means \"body\" or \"self.\" It is used to refer to the physical aspect of the person receiving the technique.\n\nTogether, the term \"ukemi\" (\u53d7\u3051\u8eab) represents the concept of the receiving body in martial arts, emphasizing the importance of safely and effectively receiving techniques."}]}