{"Unnamed: 0": 1444604, "id": "hsm_2687", "Title": "Did Hooke's law come from experiments, or was it mathematically derived from Newtonian mechanics?", "Body": "Was Hooke's law first coming from experiment or from math derivation of which Newtonian mechanical laws are the only prerequisite? Also can the law itself be reinvented in this way, or is it impossible to derive it mathematically from Newton's fundamental laws?I want to know if Hooke's law is an axiom or a theorem, even though it was called a law...", "top5_tags": "united-states, logic, international, mathematics, classical-mechanics", "answer_with_body_context": [{"generated_text": " Hooke's law, which states that the force needed to extend or compress a spring by some distance is proportional to that distance, was first discovered through experimentation by Robert Hooke in the 17th century. Hooke observed the behavior of springs and other elastic materials and formulated the law based on his empirical findings.\n\nWhile Hooke's law can be derived mathematically from Newtonian mechanics, it is not a direct consequence of Newton's fundamental laws. The law is a specific case of the more general principle of elasticity, which can be derived from the principles of conservation of energy and Newton's laws. However, the derivation of Hooke's law from these principles is not straightforward and requires additional assumptions and approximations.\n\nIn this sense, Hooke's law can be considered both an axiom and a theorem. It is an axiom in the sense that it is a fundamental principle that is taken as true based on empirical observations. At the same time, it is a theorem in the sense that it can be derived from more general principles of mechanics, although the derivation is not as direct as that of other theorems in physics.\n\nIn summary, Hooke's law was first discovered through experimentation, but it can also be derived mathematically from Newtonian mechanics. It is both an axiom and a theorem, depending on the context in which it is considered."}], "answer_with_body_base": [{"generated_text": " Hooke's law originated from experiments conducted by Robert Hooke in the 17th century. Hooke observed that the extension of a spring was directly proportional to the applied force, and he formulated this relationship as a law. While Hooke's law can be mathematically derived from Newtonian mechanics, it was not initially derived in this manner.\n\nHooke's law states that the force (F) required to extend or compress a spring by a distance (x) is proportional to that distance, and can be expressed as F = -kx, where k is the spring constant. This relationship can be derived from Newton's second law of motion (F = ma) and the concept of potential energy in a spring system.\n\nHowever, Hooke's law itself is not an axiom or a theorem. It is a physical law that describes the behavior of springs and other elastic materials. The term \"law\" in this context refers to an empirical relationship that has been observed and tested through experiments. While it can be mathematically derived from Newtonian mechanics, the original formulation of Hooke's law was based on experimental observations.\n\nIn summary, Hooke's law was first discovered through experiments and later mathematically derived from Newtonian mechanics. It is a physical law that describes the behavior of elastic materials, and not an axiom or theorem."}]}