{"Unnamed: 0": 171277, "id": "diy_120432", "Title": "Found an old tool - What is it?", "Body": "I found this with a bunch of other old tools. This is the only one I can't figure out what it is. I wonder if it's a home made tool for some unique purpose. Or maybe it was just for made for fun out of random available parts. Or was this something mass produced in the 1800s? I'm curious. The two black bulb handles rotate and the metal piece on the bottom also rotates. Kind of looks like a door handle. Also looks like it could be a spool of some sort. Any ideas?", "top5_tags": "plumbing, sprinkler-system, irrigation, tools, water", "answer_with_body_context": [{"generated_text": " Based on your description, it's a bit challenging to identify the exact tool without a visual reference. However, I can provide some possibilities that might help you narrow down its purpose.\n\n1. A hand-cranked grinder: The rotating metal piece at the bottom could be a grinding wheel, and the two black bulb handles could be used to turn the wheel. This tool could have been used for sharpening blades or grinding down rough edges on metal objects.\n\n2. A hand-cranked lathe: The rotating metal piece could be a chuck or a spindle, and the two black bulb handles could be used to turn the workpiece. This tool could have been used for shaping wood or metal by spinning the material while a cutting tool is applied to it.\n\n3. A hand-cranked drill press: The rotating metal piece could be a chuck or a spindle, and the two black bulb handles could be used to turn the workpiece. This tool could have been used for drilling holes in wood or metal.\n\n4. A hand-cranked spool winder: The rotating metal piece could be a spool holder, and the two black bulb handles could be used to turn the spool. This tool could have been used for winding thread, wire, or other materials onto spools.\n\n5. A hand-cranked pump: The rotating metal piece could be a piston or a plunger, and the two black bulb handles could be used to pump water or other fluids.\n\nTo determine the exact purpose of the tool, you may want to consult with a local antique tool expert or search for similar tools in antique tool catalogs or online forums. Additionally, examining the tool for any markings or manufacturer's labels could provide clues about its origin and intended use."}], "answer_with_body_base": [{"generated_text": " Based on your description, it's difficult to determine the exact purpose of the tool without a visual reference. However, I can offer a few possibilities:\n\n1. It could be a type of hand-cranked device, possibly used for grinding or polishing. The rotating metal piece might have been a grinding wheel or a polishing pad.\n\n2. The tool might be a type of hand-operated pump, perhaps for drawing water or air. The rotating handles could be used to create suction or pressure.\n\n3. It could be a type of manual drill or screwdriver, with the rotating metal piece serving as a chuck to hold the drill bit or screwdriver bit.\n\n4. The tool might be a type of hand-operated lathe, used for shaping or cutting metal or wood. The rotating metal piece could be the workpiece holder.\n\n5. It could be a type of hand-operated press, used for pressing or stamping materials. The rotating metal piece might be the press plate.\n\nWithout a visual reference or more detailed information, it's difficult to determine the exact purpose of the tool. If you can provide a photo or more specific details, it would be easier to identify the tool and its potential uses. Additionally, you may want to consult with a local antique tool expert or a museum curator who specializes in historical tools. They may be able to provide more insight into the tool's origin and purpose."}]}