{"Unnamed: 0": 5724597, "id": "outdoors_10426", "Title": "Is a portable jump starter dangerous?", "Body": "Like many campers, I bought a portable jump starter, which contains liquids and gases. In what situation does it get dangerous? Can I simply carry this portable charger along with all my camping gear such as butane gases and stove? Can it be stored under hot/cold weather?", "top5_tags": "ipad, macos, macbook-pro, windows, safety", "answer_with_body_context": [{"generated_text": " A portable jump starter is a useful tool for campers and outdoor enthusiasts, as it can help you start your vehicle in case of a dead battery. However, there are certain situations where it can be dangerous if not handled properly.\n\n1. Mishandling: A portable jump starter contains high voltage and powerful electrical components. If you accidentally short-circuit the device or connect the cables incorrectly, it can cause sparks, electric shocks, or even an explosion.\n\n2. Exposure to extreme temperatures: Portable jump starters are designed to operate within a specific temperature range. Storing or using them in extremely hot or cold weather can damage the internal components, leading to malfunction or even a hazardous situation.\n\n3. Mixing with flammable substances: While it is generally safe to carry a portable jump starter with your camping gear, you should avoid storing it near flammable substances such as butane gases and stoves. The heat generated by the jump starter or any potential sparks could ignite these substances, causing a fire or explosion.\n\n4. Leakage of liquids and gases: Portable jump starters contain liquids and gases that can be hazardous if they leak. If the device is damaged or not properly maintained, it can leak these substances, which can be harmful to both you and the environment.\n\nTo ensure your safety while using a portable jump starter during your camping trips, follow these guidelines:\n\n1. Read the user manual: Familiarize yourself with the device's specifications, operating instructions, and safety precautions.\n\n2. Store and use it properly: Keep the jump starter in a cool, dry place away from direct sunlight and extreme temperatures. Avoid storing it near flammable substances.\n\n3. Handle with care: Always handle the jump starter with dry hands and avoid dropping it or exposing it to impact.\n\n4. Regular maintenance: Check the device for any signs of damage or wear and tear. Replace any damaged cables or connectors and ensure the device is properly sealed.\n\n5. Use appropriate cables: Use the cables provided with the jump starter or high-quality, compatible cables to avoid short-circuits or other electrical issues.\n\nIn summary, a portable jump starter can be a valuable tool for campers, but it is essential to handle it with care and follow the manufacturer's guidelines to avoid any dangerous situations."}], "answer_with_body_base": [{"generated_text": " A portable jump starter is generally safe to use and carry with your camping gear, but there are certain situations where it can become dangerous. Here are some precautions to consider:\n\n1. Handling and storage: Always handle the jump starter with care, as it contains liquids and gases that can be hazardous if mishandled. Store it in a cool, dry place away from direct sunlight, heat sources, and open flames.\n\n2. Temperature extremes: Avoid exposing the jump starter to extreme temperatures, both hot and cold. High temperatures can cause the internal components to degrade, while low temperatures can affect the battery's performance.\n\n3. Incompatible batteries: Do not attempt to jump-start a vehicle with a battery that is incompatible with the jump starter. This can cause damage to the vehicle's electrical system or even result in an explosion.\n\n4. Proper connection: Ensure that the clamps are securely attached to the battery terminals, and that the polarity is correct (red clamp to positive terminal, black clamp to negative terminal).\n\n5. Ventilation: When using the jump starter, make sure the area is well-ventilated to prevent the buildup of gases.\n\n6. Avoid short circuits: Keep the jump starter away from metal objects and other conductive materials to prevent accidental short circuits.\n\n7. Do not overcharge: If your jump starter has a built-in charger, do not leave it plugged in for extended periods, as this can cause overheating and damage the battery.\n\n8. Keep away from children: Store the jump starter out of reach of children, as the chemicals inside can be harmful if ingested.\n\nIn summary, a portable jump starter can be safely carried and stored with your camping gear, as long as you follow the manufacturer's instructions and take the necessary precautions. Avoid exposing it to extreme temperatures, ensure proper connection, and keep it away from open flames and incompatible batteries."}]}