{"Unnamed: 0": 1441075, "id": "history_1001", "Title": "Was there actually a project by the Nazis to create supernatural monsters/weapons?", "Body": "In many American sci-fi/fantasy fictional works, there's a trope about Nazis creating/attempting to create/use supernatural weapons/monsters (examples Hellboy movie, Indian Jones movie etc.) What, if any, is the historical basis of this trope? ", "top5_tags": "dota-2, inspiration, malazan, steven-erikson, suggested-order", "answer_with_body_context": [{"generated_text": " The historical basis for the trope of Nazis creating supernatural weapons or monsters in American sci-fi/fantasy works can be traced back to the real-life Nazi research and development projects during World War II. While these projects did not involve actual supernatural creatures, they did involve some unconventional and ambitious ideas that have inspired the trope.\n\nOne of the most well-known projects was the Nazi's pursuit of advanced weaponry, such as the V-2 rocket, which was the world's first long-range guided ballistic missile. The Nazis also experimented with jet-powered aircraft, advanced submarines, and even developed the first operational jet fighter, the Messerschmitt Me 262.\n\nAnother area of Nazi research that has contributed to the supernatural trope is their interest in the occult and pseudoscience. The Nazis were fascinated by the idea of harnessing supernatural forces for their own purposes, and they supported various occult and esoteric groups. One of the most infamous examples is the Ahnenerbe, an organization dedicated to researching the occult and the supernatural, as well as promoting the idea of Aryan racial superiority.\n\nThe Ahnenerbe conducted various experiments and investigations, some of which involved the study of ancient ruins, artifacts, and even the alleged existence of mythical creatures like the Yeti and the Loch Ness Monster. While these projects did not result in the creation of actual supernatural weapons or monsters, they did contribute to the perception of the Nazis as being interested in the occult and the supernatural.\n\nIn summary, while there is no historical evidence of the Nazis actually creating supernatural weapons or monsters, their ambitious and unconventional research projects, as well as their interest in the occult and pseudoscience, have inspired the trope in American sci-fi/fantasy works. The trope serves as a metaphor for the Nazis' dangerous and unethical pursuit of power and their willingness to explore unconventional and morally questionable avenues in their quest for dominance."}], "answer_with_body_base": [{"generated_text": " The trope of Nazis creating supernatural weapons or monsters in American sci-fi/fantasy works is largely a product of popular culture and has been perpetuated by various movies, books, and other media. However, there is a historical basis for this trope, albeit not as fantastical as depicted in fiction.\n\nDuring World War II, the Nazis were known for their interest in the occult and the supernatural. They believed that harnessing these forces could give them an advantage in the war. This led to the formation of the Ahnenerbe, an organization dedicated to researching the occult, rune magic, and other esoteric subjects. The Ahnenerbe conducted various experiments and investigations, some of which involved the study of ancient artifacts, rituals, and even the possibility of resurrecting the dead.\n\nOne of the most infamous projects associated with the Ahnenerbe was the attempt to create a \"super-race\" through eugenics and racial purity. This involved the forced sterilization and extermination of millions of people deemed \"inferior\" by the Nazi regime. While this project was not supernatural in nature, it was driven by a belief in the power of racial purity and the idea that the Aryan race was superior.\n\nAnother project that has been linked to the Nazis' interest in the supernatural was the search for the mythical city of Atlantis. The Nazis believed that Atlantis was the origin of the Aryan race and that it held powerful artifacts and knowledge that could be used to their advantage. This led to expeditions to various locations, including the North Atlantic and the Arctic, in search of evidence of Atlantis.\n\nWhile these projects were not directly related to the creation of supernatural weapons or monsters, they do demonstrate the Nazis' interest in the occult and the supernatural. The trope of Nazis creating supernatural weapons or monsters in popular culture likely stems from this historical context, combined with the desire to create a more dramatic and fantastical narrative.\n\nIn conclusion, while there is a historical basis for the trope of Nazis creating supernatural weapons or monsters, the actual projects undertaken by the Nazis were not as fantastical as depicted in popular culture. The Ahnenerbe's research into the occult and the search for Atlantis were driven by a belief in the power of the supernatural, but they did not result in the creation of supernatural weapons or monsters."}]}