{"Unnamed: 0": 178882, "id": "english_1183", "Title": "What is the difference between using a colon and a semi-colon to join two sentences?", "Body": "I've seen a few questions on this site relating to semi-colons, which I believe I correctly understand, but what I'm not as clear about is colons.  For example:  The man ate the apple; it tasted good.Is this not correctly also written as:  The man ate the apple: it tasted good.In this case, what is the difference between the two sentences?", "top5_tags": "food-safety, substitutions, potatoes, united-kingdom, punctuation", "answer_with_body_context": [{"generated_text": " In the given example, both sentences convey the same meaning, but the punctuation used (semicolon and colon) has different implications and usage rules.\n\n1. Semicolon (;): A semicolon is used to join two independent clauses that are closely related in thought and can stand alone as separate sentences. It indicates a stronger connection between the clauses than a period would. In the example, \"The man ate the apple; it tasted good,\" the semicolon shows that the two clauses are related and that the second clause is a result or consequence of the first.\n\n2. Colon (:): A colon is used to introduce a list, explanation, or elaboration of the preceding clause. It can also be used to emphasize a point or to create a dramatic effect. In the example, \"The man ate the apple: it tasted good,\" the colon is used to introduce the explanation of why the man ate the apple. However, this usage is less common and may be considered stylistically awkward or incorrect by some grammarians.\n\nIn summary, the difference between using a semicolon and a colon in the given example is that the semicolon connects two related independent clauses, while the colon introduces an explanation or elaboration of the preceding clause. The semicolon is the more appropriate choice in this case, as it clearly conveys the relationship between the two clauses."}], "answer_with_body_base": [{"generated_text": " The primary difference between using a colon and a semi-colon to join two sentences lies in the relationship between the two clauses and the emphasis they convey.\n\nA semi-colon is used to connect two independent clauses that are closely related in thought, but could stand alone as separate sentences. It indicates a stronger connection between the clauses than a period would, but not as strong as a conjunction. In your example, \"The man ate the apple; it tasted good,\" the semi-colon suggests that the second clause is a direct result or consequence of the first clause.\n\nOn the other hand, a colon is used to introduce an explanation, a list, or a consequence that is directly related to the preceding clause. It emphasizes that the second clause is a direct result or elaboration of the first clause. In your example, \"The man ate the apple: it tasted good,\" the colon indicates that the second clause is an explanation or consequence of the first clause.\n\nIn summary, the difference between using a colon and a semi-colon to join two sentences is the level of emphasis and the relationship between the clauses. A semi-colon suggests a close connection between the clauses, while a colon emphasizes that the second clause is a direct result or explanation of the first clause. Both punctuation marks can be used to join two related sentences, but the choice depends on the writer's intended emphasis and the relationship between the clauses."}]}