{"Unnamed: 0": 155992, "id": "boardgames_2279", "Title": "Does the cooperative Lord of the Rings game require a decent amount of experience with the books to be playable?", "Body": "I love cooperative games, and Lord of the Rings seems to be fairly high on the list. (I have Pandemic, Forbidden Island, and Shadows over Camelot. I'm considering Space Alert and Space Hulk Death Angel).I love the Lord of the Rings series, but how deep does the game get into the story line? If people who don't really know the Lord of The Rings books (however few of them there may be) can't play it I'll probably go with something else. How will having little familiarity with the books affect the other players' enjoyment?", "top5_tags": "magic-the-gathering, dominion, house-rules, mtg-drafting, diplomacy", "answer_with_body_context": [{"generated_text": " The cooperative Lord of the Rings game, known as \"The Lord of the Rings: The Card Game,\" does not require a deep understanding of the books to be playable. While it is based on the rich lore of J.R.R. Tolkien's world, the game is designed to be accessible to both fans and newcomers alike.\n\nThe game focuses on the iconic characters and locations from the books, but it does not delve deeply into the intricate storylines or complex relationships between characters. Instead, it emphasizes the cooperative gameplay and strategic decision-making that make it enjoyable for all players.\n\nHaving little familiarity with the books should not significantly affect the other players' enjoyment. The game's mechanics and objectives are clear and easy to understand, and the gameplay experience is engaging and immersive regardless of one's knowledge of the source material.\n\nIn summary, if you enjoy cooperative games and are a fan of the Lord of the Rings series, \"The Lord of the Rings: The Card Game\" is a great choice. Even if you're not familiar with the books, you'll still be able to enjoy the game and have a great time playing with your friends."}], "answer_with_body_base": [{"generated_text": " The Lord of the Rings cooperative board game, designed by Reiner Knizia, is a great choice for fans of cooperative games and the Lord of the Rings series. While having a decent amount of experience with the books can enhance your understanding of the game's context and the characters' motivations, it is not a strict requirement to enjoy the game.\n\nThe game focuses on the Fellowship's journey through Middle-earth, with players working together to overcome various challenges and obstacles. The gameplay is based on dice rolling and card play, and the storyline is not as deeply explored as in the books. However, the game does feature recognizable locations, characters, and events from the Lord of the Rings series.\n\nHaving little familiarity with the books may affect your understanding of some references and character motivations, but it should not significantly impact your enjoyment of the game. The game is designed to be accessible to both fans and newcomers to the series.\n\nIn summary, while having a good understanding of the Lord of the Rings books can enhance your experience, it is not a requirement to play and enjoy the cooperative Lord of the Rings board game. The game is accessible to both fans and newcomers, and the focus is on cooperative gameplay and strategic decision-making."}]}