{"Unnamed: 0": 1445163, "id": "interpersonal_14104", "Title": "Can I quote a private message in a public post?", "Body": "In a public post in Reddit, I feel that the content of a private message sent to me is necessary to illustrate my point. I haven't asked them whether I should public it or not, but my reply on their message hasn't been replied yet, and the account seems to be inactive since them. Since the public conversation needs to go on, should I quote the message anyway? I feel that this is OK both ethically and legally. Ethically because the content is appropriate for the public conversation, and legally because I am a partner in the private one. I can rephrase it, but quoting seems more trustful.I plan to write like this:I'll quote a person that PMed me:[Their entire message]Unfortunately they haven't replied since then. (/u/X: sorry for doing this without your permission, but I hope that you don't mind. If anything, I'll remove this.)[Then go on with my point]Is this fine?", "top5_tags": "single-word-requests, statement-of-purpose, graduate-admissions, terminology, email", "answer_with_body_context": [{"generated_text": " In the context of interpersonal communication, it's essential to consider the privacy and consent of the person whose private message you wish to quote in a public post. While you may feel that the content is appropriate for the public conversation and that you are a partner in the private conversation, it's still best practice to seek permission from the original sender before quoting their message.\n\nHere's a revised version of your post that includes a request for permission:\n\nTitle: Can I quote a private message in a public post?\n\nBody: In a public post on Reddit, I feel that the content of a private message sent to me is necessary to illustrate my point. I haven't asked them whether I should publicize it or not, but my reply on their message hasn't been replied to, and the account seems to be inactive since then. Since the public conversation needs to go on, I'm considering quoting the message anyway. I feel that this is OK both ethically and legally because the content is appropriate for the public conversation, and I am a partner in the private one.\n\nI plan to write like this:\n\n\"I'll quote a person that PMed me:[Their entire message]\n\nUnfortunately, they haven't replied since then. (/u/X: sorry for doing this without your permission, but I hope that you don't mind. If anything, I'll remove this.)\n\n[Then go on with my point]\n\nBefore I proceed, I wanted to reach out to you and ask for your permission to quote your message in this public post. If you're comfortable with it, please let me know. If not, I'll rephrase the content or remove the quote altogether.\n\nIs this approach acceptable to you?\"\n\nBy seeking permission, you're respecting the sender's privacy and ensuring that you're not inadvertently violating any Reddit rules or guidelines. This approach also demonstrates your commitment to ethical communication and maintaining a positive online community."}], "answer_with_body_base": [{"generated_text": " It's generally best to obtain permission before quoting someone's private message in a public post, as it respects their privacy and autonomy. However, if you believe that the content is crucial for the public conversation and you have made an effort to contact the person, you can proceed with caution.\n\nIn your case, since the account appears to be inactive and you have not received a response, you can quote the message with a disclaimer, as you suggested. Here's a revised version of your plan:\n\n\"I'd like to share a private message I received that I believe is relevant to our discussion. I've attempted to contact the sender for permission, but they have not responded, and their account seems to be inactive. I'll quote the message below, but please note that I have not received explicit permission to share it. If the sender contacts me or returns to the platform, I will remove the quote and apologize for any inconvenience caused.\n\n[Their entire message]\n\nI hope this helps illustrate my point, and I apologize for any potential breach of privacy.\"\n\nBy providing this context and disclaimer, you are being transparent about the situation and showing respect for the sender's privacy. However, it's essential to remember that this approach may not be suitable for all situations, and you should always consider the potential consequences before sharing someone else's private message."}]}