{"Unnamed: 0": 160041, "id": "buddhism_30951", "Title": "Who said 'if you haven't started on the Buddhist path then don't start at all'?", "Body": "I recall a story that goes something like this  A Buddhist monk was giving a lecture on Buddhism. At the start he said  'Who hasn't yet started on the Buddhist path?' Half the audience  stands. He continues 'To those people I say if you haven't started  then do not start. Please go to the entrance and your entrance fee  will be refunded'. Half the audience then leaves. He says 'to those of  you who are left who have started on the path I say you must continue.  Do not stop.'This is paraphrased but that's the essence of it. Has anyone heard of this and get the reference, the exact story and who said it. Is it true at all?Many Thanks as always", "top5_tags": "reference-request, pali-canon, terminology, personal-practice, texts", "answer_with_body_context": [{"generated_text": " The story you've shared is a paraphrased version of a teaching that emphasizes the importance of commitment and dedication to the Buddhist path. While it's difficult to attribute this exact story to a specific Buddhist teacher or scripture, the sentiment aligns with the teachings of many Buddhist masters.\n\nOne possible reference to this idea can be found in the Dhammapada, a collection of sayings of the Buddha. In verse 203, it states:\n\n\"He who has not begun the holy life, let him not begin. He who has begun the holy life, let him not abandon it.\"\n\nThis verse emphasizes the importance of commitment to the Buddhist path and discourages those who are not fully dedicated from starting.\n\nAnother possible reference is from the teachings of the Zen master Dogen, who emphasized the importance of wholehearted commitment to the practice of Zen Buddhism.\n\nWhile the exact story you've shared may not be found in any specific Buddhist text, the underlying message is consistent with the teachings of many Buddhist masters. The idea is to encourage those who are truly committed to the path to continue their practice, while discouraging those who are not fully dedicated from starting."}], "answer_with_body_base": [{"generated_text": " The story you're referring to is often attributed to the Zen master, Hakuin Ekaku (1686-1769). However, it's important to note that the story has been passed down through oral tradition and may have been embellished or altered over time. The essence of the story is to emphasize the commitment and dedication required to follow the Buddhist path.\n\nIn the story, Hakuin is giving a lecture and asks who has not started on the Buddhist path. Half the audience stands up. He then tells them that if they haven't started, they should not start and can leave. The remaining audience members, who have already begun their journey, are encouraged to continue and not give up.\n\nWhile the story may not be an exact historical account, it serves as a powerful reminder of the importance of commitment and perseverance in the pursuit of spiritual growth and enlightenment."}]}