{"Unnamed: 0": 5658213, "id": "musicfans_1", "Title": "What does it mean for an album to be remastered?", "Body": "There are times when older albums get re-released as a remastered version.  What is the difference between the original version and the remastered version? ", "top5_tags": "theory, terminology, dnd-5e, history, notation", "answer_with_body_context": [{"generated_text": " A remastered album is a version of an older album that has been reprocessed and enhanced to improve its sound quality and overall listening experience. This process is typically done by audio engineers and music producers who use modern technology and techniques to refine the original recordings.\n\nThe main differences between the original version and the remastered version of an album can be summarized as follows:\n\n1. Sound quality: Remastering often involves cleaning up the audio by removing background noise, hiss, and other imperfections that may have been present in the original recording. This results in a clearer and more polished sound.\n\n2. Dynamic range: Remastering can also involve adjusting the dynamic range of the album, which is the difference between the loudest and softest parts of the music. This can make the music sound more balanced and consistent across all tracks.\n\n3. Equalization: The remastering process may include equalization, which is the adjustment of the frequency response of the audio. This can help to bring out certain elements of the music, such as the bass or treble, and create a more pleasing overall sound.\n\n4. Mastering: The remastered version of an album may also have a different mastering approach, which is the final step in the production process where the audio is prepared for distribution. This can involve adjusting the overall volume, panning, and other elements to create a cohesive listening experience.\n\n5. Bonus content: Remastered albums often come with additional content, such as bonus tracks, alternate takes, or previously unreleased material. This can provide fans with a more comprehensive and enriched experience of the artist's work.\n\nIn summary, a remastered album is a re-release of an older album that has been enhanced and refined to improve its sound quality and overall listening experience. This can involve various audio processing techniques, as well as the inclusion of bonus content, to create a more polished and enjoyable version of the original recording. Music fans who appreciate the original album may find the remastered version to be a worthwhile upgrade, while others may prefer the raw and authentic sound of the original release."}], "answer_with_body_base": [{"generated_text": " A remastered album is a version of an older album that has been reprocessed and enhanced to improve its sound quality and overall listening experience. The main differences between the original version and the remastered version are as follows:\n\n1. Sound quality: Remastering involves using modern technology to improve the audio quality of the original recording. This can include reducing background noise, enhancing the clarity of instruments and vocals, and adjusting the overall balance of the mix.\n\n2. Dynamic range: Remastering can also involve adjusting the dynamic range of the album, which is the difference between the loudest and softest parts of the music. This can help to create a more consistent listening experience and make the music sound more polished.\n\n3. Format: Remastered albums are often released in different formats, such as CD, vinyl, or digital downloads. This allows listeners to enjoy the improved sound quality in a format that suits their preferences.\n\n4. Additional content: Remastered versions of albums may also include bonus tracks, previously unreleased material, or new liner notes that provide additional context and insight into the album's creation.\n\n5. Artwork: The artwork and packaging of a remastered album may also be updated to reflect the improved sound quality and to appeal to modern audiences.\n\nIn summary, a remastered album is a re-release of an older album that has been enhanced and updated to provide a better listening experience. The improvements can include better sound quality, adjusted dynamic range, and additional content, making the remastered version a fresh and updated take on the original recording."}]}