{"Unnamed: 0": 202172, "id": "gaming_10883", "Title": "How can I consistently jump over the water near the end of Toad's Factory?", "Body": "The world record holders do it every time - I was able to do it once. What is a consistent way to do it?  It is so easy to fall in the water...", "top5_tags": "macos, iphone, ios, pokemon-go, ipad", "answer_with_body_context": [{"generated_text": " To consistently jump over the water near the end of Toad's Factory in Super Mario 64, you need to master the timing and the running speed. Here's a step-by-step guide to help you achieve this:\n\n1. Approach the water: Start by running towards the water. Make sure you're at a comfortable speed, not too fast or too slow.\n\n2. Build up speed: As you approach the edge of the water, build up your running speed by holding down the run button (usually the 'R' button on Nintendo 64 controllers).\n\n3. Time your jump: When you're about to reach the edge of the water, press the jump button (usually the 'A' button on Nintendo 64 controllers) at the right moment. The key is to jump right as you reach the edge of the water.\n\n4. Use the wall jump technique: If you're having trouble with the timing, try using the wall jump technique. Run towards the wall next to the water and jump off it at the right moment. This will give you the extra height and momentum needed to clear the water.\n\n5. Practice: Consistency comes with practice. Keep trying until you get the timing and speed right.\n\nRemember, the world record holders have mastered this technique through countless attempts. Don't get discouraged if you don't get it right away. Keep practicing, and you'll eventually be able to consistently jump over the water near the end of Toad's Factory. Good luck!"}], "answer_with_body_base": [{"generated_text": " To consistently jump over the water near the end of Toad's Factory in Super Mario 64, you need to master the timing and the running speed. Here are some tips to help you achieve this:\n\n1. Build up speed: Before you approach the water, make sure you have enough momentum. Run back and forth along the platform to build up speed.\n\n2. Timing: As you approach the edge of the platform, start to slow down slightly. This will help you maintain control and make a more precise jump.\n\n3. Jump technique: When you're ready to jump, press the jump button (A on Nintendo 64 controller) and hold it down. This will make Mario perform a long jump, which is essential for clearing the water.\n\n4. Practice: Consistency comes with practice. Keep trying and adjust your timing and speed until you find the sweet spot that works for you.\n\n5. Watch the world record holders: Observe how they approach the jump and try to replicate their technique. You can find videos of world record holders online to study their approach.\n\nRemember, it's normal to fall in the water a few times while you're learning. Don't get discouraged and keep practicing until you can consistently clear the water. Good luck!"}]}