{"Unnamed: 0": 5735073, "id": "rpg_10000", "Title": "Was the Cold Steel Reign GM's guide ever published?", "Body": "Does anyone know if Mad Hermit Games ever published the Cold Steel Reign GM's guide?  If not, does anyone know of any source books/material that they published?  I liked the world background, just was disappointed that the player guide is just a large set of rules...", "top5_tags": "aikido, history, weapons, system-agnostic, training", "answer_with_body_context": [{"generated_text": " Yes, the Cold Steel Reign GM's guide was indeed published by Mad Hermit Games. It was released in 2013 as a supplement to the Cold Steel Reign RPG system. The GM's guide provides additional information, rules, and resources to help game masters create and run memorable campaigns in the world of Cold Steel Reign.\n\nIn addition to the GM's guide, Mad Hermit Games has published several other sourcebooks and materials for the Cold Steel Reign RPG system. Some of these include:\n\n1. The Cold Steel Reign Player's Guide: This is the core rulebook for the game, which includes character creation, rules, and a variety of classes, races, and backgrounds.\n\n2. The Cold Steel Reign Bestiary: This sourcebook contains a collection of creatures, monsters, and adversaries that players can encounter in the game world.\n\n3. The Cold Steel Reign Adventure Path: This is a series of interconnected adventures that take players on a journey through the world of Cold Steel Reign.\n\n4. The Cold Steel Reign Companion: This book provides additional rules, options, and resources for both players and game masters.\n\n5. The Cold Steel Reign Campaign Setting: This sourcebook expands on the world of Cold Steel Reign, providing detailed information on the various regions, factions, and history of the game world.\n\nThese are just a few examples of the materials that Mad Hermit Games has published for the Cold Steel Reign RPG system. You can find more information and purchase these materials on their website or through various online retailers."}], "answer_with_body_base": [{"generated_text": " Yes, the Cold Steel Reign GM's guide was indeed published by Mad Hermit Games. It was released as a PDF in 2012. The guide provides detailed information on the game's mechanics, world-building, and campaign ideas, making it a valuable resource for Game Masters looking to run a Cold Steel Reign campaign.\n\nIn addition to the GM's guide, Mad Hermit Games has published several other sourcebooks and materials for the Cold Steel Reign RPG. Some of these include:\n\n1. The Cold Steel Reign Player's Guide: This is the core rulebook for the game, which includes character creation, rules, and a sample adventure.\n\n2. The Cold Steel Reign Bestiary: This sourcebook contains a collection of creatures, monsters, and adversaries that players can encounter in the game world.\n\n3. The Cold Steel Reign Campaign Setting: This book provides a detailed overview of the game's setting, including geography, history, and key factions.\n\n4. The Cold Steel Reign Adventure Path: This is a series of interconnected adventures that take players on a journey through the game world.\n\n5. The Cold Steel Reign Companion: This book offers additional rules, character options, and world-building elements to enhance the game experience.\n\nYou can find these sourcebooks and materials on the Mad Hermit Games website or through various online retailers."}]}