{"Unnamed: 0": 1463047, "id": "money_117227", "Title": "What does \"volume\" refer to?", "Body": "I heard that \"volume\" refers to something like how much of a stock is traded but have no clue what that means. It seems that no one is using proper definitions for it and that no one in finance ever uses units. Wherever I look, there are no units for anything.I of course read the Wikipedia article but it's of little help. At least it does specify that \"commonly [volume is] reported as the number of shares that changed hands during a given day\" (source). Is this convention held up by Yahoo Finance? Every stock I'm looking at seems to be listed there, but again there are no units nor any explanation or details I was able to find. Do sales and purchases both count toward that \"volume\"? So if I sell 1 share to you, does that count as one or two magical volume units? Are only stock exchange transactions counted, not transactions people do with banks that offer external exchanges? If yes, do all stock exchanges count or only one specific one?There also is a different value called \"Avg. Volume\":Again, Wikipedia is of little help. In fact, that definition confuses me further: \"The average volume of a security over a longer period of time is the total amount traded in that period, divided by the length of the period. Therefore, the unit of measurement for average volume is shares per unit of time, typically per trading day.\" It's again about 1 day. Granted a trading day, not a regular day. But these numbers don't seem to have a fixed ratio during the week and its name talks about an average, so I guess it has to be about a longer time span that \"volume\".Not trying to talk poorly about Wikipedia btw. Those were the best definitions I was able to find but I'm still clueless. Most \"definitions\" don't even specify whether they are talking about money or number of shares.", "top5_tags": "germany, mortality, survival, credit-score, banking", "answer_with_body_context": [{"generated_text": " In the context of finance and trading, \"volume\" refers to the total number of shares or contracts traded for a specific security or market during a given period of time. It is a measure of the activity and liquidity of a particular stock or market.\n\nWhen you mention that volume is reported as the number of shares that changed hands during a given day, you are correct. This is a common convention used by financial platforms like Yahoo Finance. Both sales and purchases count toward the volume, so if you sell 1 share to someone, it would count as one unit of volume.\n\nThe \"Avg. Volume\" you mentioned is the average number of shares traded per trading day over a longer period of time. This helps to smooth out daily fluctuations and provide a more stable measure of trading activity. The unit of measurement for average volume is shares per trading day.\n\nIn terms of which transactions are counted, typically only stock exchange transactions are included in the volume calculation. Transactions done through banks or other external exchanges may not be included, depending on the specific platform or data source.\n\nTo summarize, \"volume\" in finance refers to the total number of shares or contracts traded for a specific security or market during a given period of time, and it is a measure of the activity and liquidity of that security or market. The \"Avg. Volume\" is the average number of shares traded per trading day over a longer period of time, providing a more stable measure of trading activity."}], "answer_with_body_base": [{"generated_text": " Volume in the context of stock trading refers to the total number of shares of a particular stock that are traded during a specific period, typically a trading day. It is a measure of the activity or liquidity of a stock, indicating how many shares are being bought and sold in the market.\n\nTo answer your questions:\n\n1. Yes, both sales and purchases count toward the volume. If you sell 1 share to someone, it counts as one unit of volume. Similarly, if someone buys 1 share from you, it also counts as one unit of volume.\n\n2. Stock exchange transactions are the primary contributors to the volume. Transactions done through banks or other external exchanges may also contribute to the volume, but it depends on the specific exchange and its reporting practices.\n\n3. All stock exchanges contribute to the overall volume of a stock, but the volume reported for a particular stock is typically based on the primary exchange where the stock is listed.\n\nAs for the \"Avg. Volume,\" it is the average number of shares traded per trading day over a longer period of time, such as a week, month, or year. This helps to smooth out daily fluctuations in volume and provides a more stable measure of a stock's liquidity.\n\nIn summary, volume is a measure of the number of shares traded in a stock, and it is reported in units of shares per trading day. The average volume is calculated over a longer period of time to provide a more consistent measure of a stock's liquidity."}]}