{"Unnamed: 0": 1438731, "id": "hinduism_11822", "Title": "Did any Kaurava survive the Mahabharata war?", "Body": "Did any Kaurava survive the Mahabharata war? If so, what happened to them after the war?", "top5_tags": "history, mahabharata, ramayana, astrology, rama", "answer_with_body_context": [{"generated_text": " Title: Did any Kaurava survive the Mahabharata war?\n\nBody: Yes, there were a few Kauravas who survived the Mahabharata war. The most notable survivors were Yuyutsu and Vidura.\n\nYuyutsu was the son of Dhritarashtra and a Vaishya woman. He chose to fight on the side of the Pandavas during the war, and as a result, he survived. After the war, Yuyutsu was appointed as the king of Hastinapur by the Pandavas, as he was the only remaining Kaurava.\n\nVidura, on the other hand, was the son of Ved Vyasa and a Sudra woman. He was a wise and just advisor to the Kuru dynasty and played a crucial role in the events leading up to the war. During the war, Vidura did not participate in the battle but instead served as a counselor to both the Pandavas and the Kauravas. After the war, Vidura retired to the forest and spent the rest of his life in meditation and spiritual pursuits.\n\nThe rest of the Kauravas, including Duryodhana, Dushasana, and the other 98 brothers, were killed during the war. The war ended with the victory of the Pandavas, and the surviving Kauravas were either killed in battle or chose to renounce their lives."}], "answer_with_body_base": [{"generated_text": " Yes, one Kaurava survived the Mahabharata war. Karna, the eldest of the Kauravas, was the only one to survive the war. However, his survival was short-lived.\n\nDuring the war, Karna was a formidable warrior and fought valiantly on the side of the Kauravas. He was known for his generosity, loyalty, and exceptional skills in archery. However, he was also cursed by his guru Parashurama, which ultimately led to his downfall.\n\nIn the final battle, Karna was killed by Arjuna, his half-brother and the greatest warrior of the Pandavas. Arjuna was unaware of Karna's true identity at the time of their duel. Karna's death was a significant event in the Mahabharata war, as he was considered one of the most powerful warriors on the battlefield.\n\nAfter the war, the Pandavas emerged victorious, and Yudhishthira was crowned as the king. The Kauravas were defeated, and their dynasty came to an end. The surviving Kauravas, including Karna, were mourned by their family and allies.\n\nIn conclusion, Karna was the only Kaurava to survive the Mahabharata war, but his survival was short-lived as he was killed by Arjuna in the final battle. The Kaurava dynasty was ultimately defeated, and their legacy came to an end."}]}