{"Unnamed: 0": 171273, "id": "diy_120335", "Title": "What is the name of this metal bar with holes at the ends?", "Body": "I need to find a metal part that looks a bit like this:     hole for bolt                strong metal      |                            |   ___|____________________________v_______  /   v                                    \\ (   (_)                              (_)   ) <--round end  \\________________________________________/This looks like a common part from a Meccano set, but with just two holes at either end for bolts. Two of these can go around a 2x4, then bolts run through the holes.    /__\\                             /__\\<--end of bolt ____________________________________________<--the part     __                               __     __                               __     __                               __     __                               __ <---bolt     __                               __     __                               __     __                               __ ____________________________________________<--the part    [==]                             [==]<---nutI am searching for a name so that I can find these to buy. Is there a common application where these appear? Are they commonly used by a particular contractor for a particular type of job? What is the name of this kind of part?", "top5_tags": "single-word-requests, united-states, teaching, pond, citations", "answer_with_body_context": [{"generated_text": " The metal part you are describing is commonly known as a \"flat bar\" or \"rectangular bar\" with holes at the ends. These bars are often used in construction, woodworking, and metalworking projects for various purposes, such as framing, joining, or reinforcing structures.\n\nFlat bars with holes at the ends are versatile and can be found in different sizes, thicknesses, and materials, such as steel, aluminum, or stainless steel. They are commonly used in the following applications:\n\n1. Joining two or more pieces of wood, metal, or other materials together using bolts, screws, or nuts.\n2. Creating a frame or structure by connecting multiple flat bars at right angles or other angles.\n3. Reinforcing existing structures or providing additional support in construction projects.\n4. Creating custom furniture or shelving units by connecting flat bars to wooden or metal components.\n\nTo find these parts for purchase, you can search for \"flat bar with holes,\" \"rectangular bar with holes,\" or \"metal bar with holes\" on online marketplaces, hardware stores, or specialty metalworking suppliers. Make sure to specify the desired dimensions, material, and quantity to find the right part for your project.\n\nAdditionally, you can also consider visiting local metalworking shops or fabrication companies, as they may be able to custom-cut and drill holes in a flat bar to meet your specific requirements."}], "answer_with_body_base": [{"generated_text": " The metal part you are describing is commonly known as a \"flat bar\" or \"rectangular bar\" with holes at the ends. These bars are often used in construction, woodworking, and metalworking projects. They can be found in various sizes and materials, such as steel or aluminum, depending on the specific application.\n\nFlat bars with holes at the ends are commonly used for creating frames, supports, or connections in various projects. They can be used to join two or more pieces of material together, such as a 2x4, as you mentioned in your description.\n\nThese bars can be found in hardware stores, home improvement stores, or online marketplaces. When searching for them, you can use terms like \"flat bar with holes,\" \"rectangular bar with holes,\" or \"metal bar with bolt holes.\"\n\nIn terms of specific applications, flat bars with holes at the ends are often used in the following areas:\n\n1. Construction: They can be used to create frames, supports, or connections in building structures, such as decks, fences, or sheds.\n2. Woodworking: Flat bars with holes can be used to create frames or supports for furniture, cabinets, or other woodworking projects.\n3. Metalworking: These bars can be used to create frames, supports, or connections in metalworking projects, such as welding or fabrication.\n\nAs for contractors, any professional working in construction, woodworking, or metalworking may use flat bars with holes at the ends for various projects. The specific type of contractor and job will depend on the project requirements and the materials being used."}]}