{"Unnamed: 0": 1438631, "id": "hinduism_1", "Title": "Is there an Orthodox Hinduism?", "Body": "Orthodoxy in Christianity is the holding to the oldest beliefs.  It is of course impossible for the religion not to evolve at all as new questions and there answer have to addressed. The \"Orthodox\" version is often considered to be the least evolved sect of a religion.  Does the concept of Orthodox apply in Hinduism? ", "top5_tags": "rabbits, health, safety, cats, canoes", "answer_with_body_context": [{"generated_text": " In Hinduism, the concept of orthodoxy is not as clearly defined as it is in Christianity. Hinduism is a diverse and pluralistic religion with a vast array of beliefs, practices, and traditions. It does not have a centralized authority or a single holy book that dictates the \"correct\" or \"orthodox\" way of practicing the faith.\n\nHowever, there are certain core beliefs and practices that are widely accepted and followed by most Hindus. These include the belief in a Supreme Reality (Brahman), the cycle of birth and rebirth (samsara), karma, and the pursuit of liberation (moksha) through various paths such as devotion (bhakti), knowledge (jnana), and selfless action (karma yoga).\n\nWithin Hinduism, there are several major schools of thought, each with its own interpretations and emphasis on different aspects of the religion. Some of the prominent schools include Advaita Vedanta, Dvaita Vedanta, and Vishishtadvaita Vedanta. These schools have their own orthodox interpretations of Hindu scriptures and philosophy, but they are not considered \"orthodox\" in the same sense as the Eastern Orthodox Church in Christianity.\n\nIn conclusion, while the concept of orthodoxy does not apply to Hinduism in the same way it does to Christianity, there are certain core beliefs and practices that are widely accepted and followed by most Hindus. The diversity and pluralism of Hinduism allow for a wide range of interpretations and practices, making it difficult to define a single \"orthodox\" version of the religion."}], "answer_with_body_base": [{"generated_text": " In Hinduism, the concept of orthodoxy is not as clearly defined as it is in Christianity. Hinduism is a diverse and pluralistic religion with a wide range of beliefs, practices, and traditions. It does not have a centralized authority or a single holy book that dictates the \"correct\" or \"orthodox\" way of practicing the faith.\n\nHowever, there are certain core beliefs and practices that are widely accepted among Hindus, such as the belief in karma, dharma, and the cycle of birth, death, and rebirth (samsara). These core beliefs can be considered as the \"orthodox\" elements of Hinduism, as they are shared by the majority of Hindus.\n\nAdditionally, there are four main branches of Hinduism, known as the \"orthodox\" schools of thought, which are:\n\n1. Vedanta: Focuses on the philosophical teachings of the Upanishads and the Bhagavad Gita, emphasizing the unity of the individual soul (atman) with the ultimate reality (Brahman).\n\n2. Mimamsa: Concentrates on the interpretation of the Vedas, particularly the ritualistic and ceremonial aspects of the texts.\n\n3. Yoga: Emphasizes the practice of physical and mental disciplines to achieve spiritual enlightenment and union with the divine.\n\n4. Nyaya: Focuses on logic and reasoning as a means to understand the nature of reality and the self.\n\nThese four schools of thought represent the \"orthodox\" philosophical traditions within Hinduism, but they do not necessarily dictate the beliefs and practices of all Hindus.\n\nIn conclusion, while the concept of orthodoxy does not apply to Hinduism in the same way it does to Christianity, there are certain core beliefs and philosophical schools of thought that can be considered as the \"orthodox\" elements of the religion. However, Hinduism's diversity and pluralistic nature mean that there is no single \"orthodox\" version of the faith, and individual Hindus may follow different beliefs and practices based on their personal preferences and cultural backgrounds."}]}