{"Unnamed: 0": 5725507, "id": "outdoors_18474", "Title": "What is the minimum amount of water per day to survive?", "Body": "I am disabled in the wildness, there are no natural water sources available.  I have 2 gallons (7.5 liters) of water.  The only practical solution is to sit and wait for rescue. I will be resting in the shade. How much water should I drink each day to survive as long as possible?I have a memory from school that the kidney is obligated to produce 500ML of urine each day.  That would seem to be lowest possible consumption.I found a variety of amounts during an internet search.    With the possibility of urine output dropping to 500 ml, the minimum could be just over 1 liter a day or for the sake of making it easy to understand, this would be just over 32 ounces a day for a 154 lb manSource  A normally active person needs about three quarters of a gallon of fluid daily, from water and other beverages. Source(ready.gov)  Absolute Minimum Requirements...for replacement purposes, for an \"average\" person, has been estimated to be approximately 3 liters (3.2 quarts) per day, given average temperate climate conditions.Source  one gallon of water per person, per day Source (FEMA)  a minimum of 7.5 litres per capita per day will meet the requirements of most people under most conditions. This water needs to be of a quality that represents a tolerable level of risk. However, in an emergency situation, a minimum of 15 litres is required Source (WHO) With daily consumption of 500ML (~ 1/2 quart) the water would last 2 weeks, but would I survive?  A 7.5 liters (~2 gallons) the water would last a single day and I would die in about 3 days. How much water should I ration myself each day? ", "top5_tags": "rabbits, health, safety, cats, canoes", "answer_with_body_context": [{"generated_text": " In your situation, it's crucial to balance the need to stay hydrated with the need to conserve your water supply. While the minimum water requirement for survival can vary depending on factors such as climate, activity level, and individual health, a general guideline is to consume at least 2-3 liters (approximately 0.5-0.8 gallons) of water per day.\n\nGiven that you have 2 gallons (7.5 liters) of water, you should aim to ration it over a period of time to maximize your chances of survival. Considering the possibility of urine output dropping to 500 ml, you could start by drinking around 1 liter (32 ounces) per day. This would allow you to stay hydrated while also conserving your water supply.\n\nHowever, it's essential to monitor your body's response to this rationing plan. If you experience symptoms of dehydration, such as dizziness, confusion, or a rapid heartbeat, you may need to increase your daily water intake. On the other hand, if you're able to maintain your hydration levels with less water, you can adjust your rationing plan accordingly.\n\nIn addition to rationing your water, it's important to take other steps to conserve your resources and increase your chances of being rescued. This may include staying in the shade, avoiding unnecessary physical exertion, and using any available materials to create a signal for rescuers.\n\nRemember that these recommendations are general guidelines, and your specific needs may vary. It's essential to listen to your body and adjust your water intake as needed to maintain your health and well-being while waiting for rescue."}], "answer_with_body_base": [{"generated_text": " To maximize your chances of survival, it's crucial to ration your water carefully. While the minimum water requirement for survival can vary depending on factors such as climate, activity level, and individual health, a general guideline is to consume at least 2-3 liters (approximately 0.5-0.8 gallons) of water per day.\n\nIn your situation, with 2 gallons (7.5 liters) of water available, you should aim to consume around 1 liter (34 ounces) of water per day. This amount should help maintain your hydration levels while also allowing you to conserve water for a longer period.\n\nRemember to drink water in small sips throughout the day, rather than consuming large amounts at once. This will help your body absorb the water more efficiently and prevent dehydration. Additionally, try to minimize water loss by staying in the shade, avoiding strenuous activities, and keeping your body cool.\n\nWhile 1 liter of water per day may not be ideal, it is a reasonable compromise between maintaining hydration and conserving your water supply. By following these guidelines, you can increase your chances of survival until rescue arrives."}]}