{"Unnamed: 0": 5729200, "id": "pets_6271", "Title": "How costly are dental procedures on dogs?", "Body": "We are planning to adopt a couple of older dogs, and are concerned that they may have dental problems.I am wondering, what types of dental procedures are generally done on dogs, and are they generally very costly (e.g. like they are for humans)?I don't have thousands of dollars to shell out for dental procedures if that is what it will take. Does anyone know how much dental procedures typically run for dogs?", "top5_tags": "dogs, eating, heaven, training, vision", "answer_with_body_context": [{"generated_text": " Dental procedures for dogs can vary in cost depending on the type and severity of the dental issue. Generally, the most common dental procedures for dogs include dental cleanings, extractions, and periodontal treatments.\n\n1. Dental Cleanings: A professional dental cleaning for a dog typically includes scaling, polishing, and fluoride treatment. This procedure is usually performed under anesthesia and can cost between $200 to $500, depending on the size of the dog and the veterinary clinic.\n\n2. Extractions: If a dog has severely decayed or infected teeth, extractions may be necessary. The cost of extractions can range from $200 to $800 per tooth, depending on the complexity of the procedure and the number of teeth that need to be removed.\n\n3. Periodontal Treatments: Periodontal disease is a common issue in older dogs, and treatments can include deep cleanings, root planing, and antibiotics. The cost of periodontal treatments can range from $300 to $1,000, depending on the severity of the disease and the specific treatments required.\n\nIt's essential to note that the cost of dental procedures for dogs can vary depending on the location, the veterinary clinic, and the specific needs of the dog. Additionally, some pet insurance plans may cover a portion of the cost of dental procedures, so it's worth checking with your insurance provider to see if you're eligible for any coverage.\n\nTo help manage the cost of dental care for your older dogs, consider the following tips:\n\n1. Preventive care: Regular brushing and dental chews can help maintain your dog's dental health and potentially reduce the need for costly procedures.\n\n2. Regular check-ups: Schedule regular dental check-ups with your veterinarian to catch any issues early and prevent them from becoming more severe and expensive to treat.\n\n3. Pet insurance: Research pet insurance plans that cover dental procedures and consider enrolling your dogs to help offset the cost of future dental care.\n\n4. Payment plans: Some veterinary clinics offer payment plans to help pet owners manage the cost of dental procedures.\n\nIn summary, the cost of dental procedures for dogs can vary depending on the type and severity of the issue. However, with proper preventive care and regular check-ups, you can help maintain your dogs' dental health and potentially reduce the need for costly procedures."}], "answer_with_body_base": [{"generated_text": " Dental procedures for dogs can vary in cost depending on the type and severity of the dental issue. Here are some common dental procedures for dogs and their approximate costs:\n\n1. Dental cleaning (prophylaxis): This is a routine procedure that involves scaling and polishing the teeth to remove plaque and tartar. The cost of a dental cleaning for dogs typically ranges from $200 to $400, depending on the size of the dog and the veterinary clinic.\n\n2. Dental X-rays: X-rays are essential for diagnosing dental problems that are not visible to the naked eye. The cost of dental X-rays for dogs can range from $50 to $150, depending on the number of X-rays taken and the veterinary clinic.\n\n3. Tooth extractions: If a dog has a severely decayed or infected tooth, it may need to be extracted. The cost of tooth extractions can vary depending on the number of teeth that need to be removed and the complexity of the procedure. On average, the cost of a single tooth extraction for a dog can range from $150 to $300.\n\n4. Root canal therapy: In some cases, a dog's tooth may be saved through root canal therapy. The cost of root canal therapy for dogs can range from $500 to $1,500, depending on the complexity of the procedure and the veterinary clinic.\n\n5. Dental surgery: In more severe cases, a dog may require dental surgery to address issues such as jaw fractures or oral tumors. The cost of dental surgery for dogs can range from $1,000 to $5,000 or more, depending on the complexity of the procedure and the veterinary clinic.\n\nIt's essential to note that the cost of dental procedures for dogs can vary depending on the location, the veterinary clinic, and the specific needs of the dog. Additionally, some pet insurance plans may cover a portion of the cost of dental procedures, so it's worth checking with your insurance provider to see if you're eligible for any coverage.\n\nTo minimize the cost of dental procedures for your dogs, consider investing in preventative care, such as regular dental cleanings and at-home dental care, like brushing their teeth and providing dental chews. This can help reduce the likelihood of severe dental issues that require costly procedures."}]}