{"Unnamed: 0": 1435490, "id": "health_12024", "Title": "What happened to this guy? (Graphic)", "Body": "There's an image floating round the internet.The source, near as I can tell, is an upload to Pinterest with no explanation.If there were just one wound you might think it was a spider bite, but there are several all in a row. And they're all tied off as if the cavities are all connected underneath the skin.What is going on here? What happened to this guy?", "top5_tags": "story-identification, single-word-requests, star-trek, plot-explanation, time-travel", "answer_with_body_context": [{"generated_text": " The image you're referring to appears to show a person with multiple puncture wounds, all in a row and tied off with what seems to be thread or string. This is not a typical presentation of a spider bite, which usually results in a single, swollen, and red area.\n\nOne possible explanation for this image is that it depicts a traditional form of acupuncture, a practice that originated in ancient China. Acupuncture involves the insertion of thin needles into specific points on the body to stimulate nerves, muscles, and connective tissue. The goal of acupuncture is to alleviate pain and promote overall wellness.\n\nIn this case, the multiple puncture wounds could represent the acupuncture points that were targeted during the treatment. The thread or string may have been used to secure the needles in place. However, it's important to note that modern acupuncture uses sterile, single-use needles, and the practitioner would typically not leave the needles in place for an extended period.\n\nAnother possibility is that the image is a representation of a traditional medical practice called cupping therapy. Cupping therapy involves placing cups on the skin and creating a vacuum to draw the skin and underlying tissue upward. This practice is believed to promote blood flow and relieve muscle tension. In some cases, cupping therapy may be combined with acupuncture, which could explain the presence of the puncture wounds.\n\nIt's also worth mentioning that the image could be a hoax or a digitally altered image, as it's difficult to verify the authenticity of such images found on the internet.\n\nIn any case, it's essential to consult a licensed healthcare professional before undergoing any alternative or traditional medical treatments."}], "answer_with_body_base": [{"generated_text": " The image you're referring to seems to depict a person with multiple puncture wounds, all in a row, and tied off with some sort of thread or string. This could be a result of a medical procedure called \"cupping therapy.\"\n\nCupping therapy is an ancient form of alternative medicine that originated in China and has been practiced for thousands of years. It involves placing cups on the skin to create suction, which is believed to stimulate blood flow and promote healing. In this case, the cups may have been placed in a line along the person's body, and the puncture wounds could be the result of the suction.\n\nThe thread or string tied around the puncture wounds may be used to keep the cups in place or to create a stronger suction effect. It's also possible that the person in the image is undergoing a different type of therapy or treatment, but without more information, it's difficult to say for sure.\n\nIt's important to note that while cupping therapy is generally considered safe when performed by a trained professional, it can cause side effects such as bruising, soreness, and skin irritation. It's always a good idea to consult with a healthcare provider before trying any new treatment or therapy.\n\nIn conclusion, the image you're referring to likely depicts a person undergoing cupping therapy, a form of alternative medicine that involves creating suction on the skin to promote healing. The puncture wounds and tied-off thread or string are part of the therapy process."}]}