{"Unnamed: 0": 5729136, "id": "pets_5832", "Title": "Why is zinc oxide bad for dogs?", "Body": "This answer to applying sunscreen to dogs says that you shouldn't apply human sunscreen to them because it contains zinc oxide and that's bad for dogs. What about it is bad, and what would happen if a dog did come in contact with it?", "top5_tags": "cats, reptiles, terminology, aquarium, bearded-dragon", "answer_with_body_context": [{"generated_text": " Zinc oxide is bad for dogs because it can be toxic to them if ingested or absorbed through their skin. Dogs may lick or chew on their skin after applying sunscreen, which can lead to zinc oxide ingestion. This can cause a range of health issues, including gastrointestinal problems, kidney damage, and anemia.\n\nWhen a dog comes in contact with zinc oxide, they may experience symptoms such as vomiting, diarrhea, loss of appetite, lethargy, and pale gums. In severe cases, it can lead to organ failure and even death.\n\nTo protect your dog from the sun, it's best to use pet-specific sunscreens that are free of zinc oxide and other potentially harmful ingredients. These sunscreens are formulated to be safe for dogs and provide effective sun protection. Additionally, you can help protect your dog by limiting their sun exposure during peak hours, providing shade, and using protective clothing such as doggy sun hats or UV-protective shirts."}], "answer_with_body_base": [{"generated_text": " Zinc oxide is bad for dogs because it can be toxic to them if ingested or absorbed through their skin. Dogs may lick or chew on their skin after applying sunscreen containing zinc oxide, leading to potential ingestion of the substance.\n\nWhen a dog ingests zinc oxide, it can cause a range of health issues, including:\n\n1. Gastrointestinal problems: Zinc oxide can irritate the stomach and intestines, leading to symptoms such as vomiting, diarrhea, and abdominal pain.\n\n2. Anemia: Zinc oxide can interfere with the body's ability to absorb copper, which is essential for the production of red blood cells. This can lead to a decrease in red blood cell count, causing anemia.\n\n3. Kidney and liver damage: High levels of zinc oxide can cause damage to the kidneys and liver, leading to organ dysfunction and failure.\n\n4. Neurological issues: In severe cases, zinc oxide toxicity can lead to neurological problems, such as tremors, seizures, and even coma.\n\nTo avoid these potential health risks, it is essential to use pet-safe sunscreen products specifically formulated for dogs. These products typically contain ingredients that are safe for dogs and do not pose a risk of toxicity. Always consult with your veterinarian before applying any new product to your dog's skin, and follow the instructions on the product label carefully."}]}