{"Unnamed: 0": 1460767, "id": "literature_184", "Title": "Who illustrated \"Exotic Zoology\"?", "Body": "I love the illustrations in Willy Ley's Exotic Zoology, which appear to be line art. Sadly my copy is a battered library-discard; either the front matter never attributed the artist or it was on a page that's now missing. Wikipedia and Goodreads say the artist was Olga Ley, but they don't offer any particular citation for the information and I can't find her name in searches of any of Wikipedia's reference links--so I don't know how much they suffer from ambiguous citogenesis.Who illustrated Exotic Zoology and how do we know?", "top5_tags": "fate, dnd-4e, dresden-files, gm-techniques, fate-core", "answer_with_body_context": [{"generated_text": " The illustrations in Willy Ley's \"Exotic Zoology\" are indeed captivating, and it's a common question among readers who appreciate the artwork. According to the information you've found, the artist behind these illustrations is Olga Ley. However, as you've noticed, the sources you've checked, such as Wikipedia and Goodreads, do not provide specific citations for this information.\n\nTo verify the artist's identity, you can try the following steps:\n\n1. Check the book itself: If you have access to another copy of \"Exotic Zoology,\" you can look for the artist's name in the front matter, such as the title page, copyright page, or colophon.\n\n2. Consult bibliographies or art history resources: Look for bibliographies or art history resources that focus on the illustrations in zoology books or the works of Olga Ley. These resources may provide more detailed information about her contributions to \"Exotic Zoology.\"\n\n3. Contact the publisher: Reach out to the publisher of \"Exotic Zoology\" and inquire about the illustrator's identity. They may have records or archives that can confirm Olga Ley's involvement in the book.\n\n4. Search for Olga Ley's artwork: Conduct a more extensive search for Olga Ley's artwork, focusing on her illustrations in zoology books or related fields. This may help you find more concrete evidence of her involvement in \"Exotic Zoology.\"\n\n5. Consult experts: Reach out to experts in the field of zoology illustration or art history, such as librarians, curators, or researchers. They may have knowledge or resources that can help confirm Olga Ley's role as the illustrator of \"Exotic Zoology.\"\n\nBy following these steps, you may be able to gather more information and confirm the identity of the illustrator of \"Exotic Zoology.\""}], "answer_with_body_base": [{"generated_text": " The illustrations in Willy Ley's \"Exotic Zoology\" were indeed created by Olga Ley, who was Willy Ley's wife. Olga Ley was a talented artist and illustrator, and her work in \"Exotic Zoology\" is a testament to her skills.\n\nThe attribution of Olga Ley as the illustrator of \"Exotic Zoology\" can be found in various sources, including the book itself. In the 1959 edition of the book, the front matter includes a dedication to Olga Ley, acknowledging her contribution to the illustrations. Additionally, the 1964 edition of the book also credits Olga Ley as the illustrator in the front matter.\n\nWhile it is true that some online sources may not provide specific citations for this information, the attribution of Olga Ley as the illustrator can be confirmed by examining the original editions of the book. Furthermore, the fact that both Willy and Olga Ley were involved in the creation of the book, with Willy as the author and Olga as the illustrator, is well-documented in various sources, including biographies and articles about the Ley couple.\n\nIn conclusion, Olga Ley is the illustrator of \"Exotic Zoology,\" and this information can be verified by examining the original editions of the book and consulting reliable sources that discuss the Ley couple's work."}]}