{"Unnamed: 0": 1434729, "id": "genealogy_12188", "Title": "Did bigamous marriages need to be annulled?", "Body": "I have a great great uncle Ernest who was legally married in England in 1905. He and wife went separate ways shortly after the birth of their daughter, who died at 11 months, but they did not divorce.Ernest went on to marry bigamously in 1914. He was caught and convicted. This seems not to put him off, as he married bigamously to another woman in 1927. He was still legally married to his first wife. He got away with it for about 12 months, but when he proposed to another woman while already bigamously married, and had banns called in two parish churches, his second bigamous wife got suspicious, informed the police, and he was sentenced to another much longer stint in prison. I know these details from various newspaper reports of his trials.A marriage where one or both parties were already married was legally null and void. However, it is unclear to me whether the innocent party would need to obtain an annulment or declaration of nullity in order to marry again, since a void marriage never actually took place? Would nullity have been implied with conviction for bigamy?", "top5_tags": "england, wales, 20th-century, dna, medicine", "answer_with_body_context": [{"generated_text": " In the context of genealogy and the legal aspects of bigamous marriages, it is important to understand the distinction between a void marriage and a voidable marriage. A void marriage is one that is considered never to have existed in the eyes of the law, while a voidable marriage is one that can be annulled by a court if certain conditions are met.\n\nIn the case of bigamous marriages, they are generally considered void ab initio, meaning they are void from the beginning. This is because one or both parties were already legally married to someone else at the time of the bigamous marriage. As a result, the bigamous marriage is not legally recognized, and no annulment or declaration of nullity is required for the innocent party to marry again.\n\nIn the case of your great great uncle Ernest, his bigamous marriages would have been considered void from the beginning, and the innocent parties would not have needed to obtain an annulment or declaration of nullity to marry again. The conviction for bigamy would have served as sufficient evidence that the marriages were void.\n\nHowever, it is always a good idea to consult with a legal professional or genealogist to ensure that you have a complete understanding of the legal implications of bigamous marriages in your family history. They can help you navigate the complexities of the law and provide guidance on how to properly document and record these events in your genealogical research."}], "answer_with_body_base": [{"generated_text": " In the case of bigamous marriages, the marriage is considered void from the outset, as it is against the law to marry someone while already being married to another person. Therefore, the marriage never legally existed, and no annulment or declaration of nullity would be required for the innocent party to marry again.\n\nIn the case of your great great uncle Ernest, his bigamous marriages were void, and his first wife would not have needed to obtain an annulment or declaration of nullity to remarry. However, it is essential to note that the innocent party may still need to provide proof of the void marriage when applying for a marriage license for a new marriage, as some jurisdictions may require evidence of the termination of the previous marriage, even if it was void.\n\nIn summary, while an annulment or declaration of nullity is not required for a void marriage, the innocent party may need to provide evidence of the void marriage when remarrying, depending on the jurisdiction."}]}