{"Unnamed: 0": 6111, "id": "anime_2738", "Title": "Who is Domo-kun?", "Body": "Who is Domo-kun? Is he an anime character or a manga character? I often see him in anime stores so I wonder if Domo-kun is an anime character or a manga character? ", "top5_tags": "naruto, anime-history, anime-production, tropes, code-geass", "answer_with_body_context": [{"generated_text": " Domo-kun is a popular Japanese mascot character, known for his distinctive appearance and cheerful personality. He is not a character from a specific anime or manga series, but rather a standalone character created by the Japanese company Tsukamoto Lab. Domo-kun first appeared in a 1998 commercial for the NHK network, and since then, he has become a well-known symbol of Japanese pop culture.\n\nDomo-kun is characterized by his large, round head, small eyes, and a wide, toothy grin. He is often depicted wearing a red bib with the word \"Domo\" written on it. His unique design and friendly demeanor have made him a beloved figure in Japan and around the world.\n\nWhile Domo-kun is not a character from a specific anime or manga, he has made appearances in various media and merchandise. You may have seen him in anime stores because his image is often used on merchandise, such as plush toys, keychains, and clothing. Additionally, Domo-kun has appeared in a few anime series and video games as a guest character or mascot.\n\nIn summary, Domo-kun is a standalone mascot character created by Tsukamoto Lab, and while he is not from a specific anime or manga, his image is widely recognized and used in various forms of media and merchandise."}], "answer_with_body_base": [{"generated_text": " Domo-kun is a popular Japanese mascot character created by Tsuyoshi Yoshida and Astronaut Animation. He is not an anime or manga character, but rather a character that originated from a TV commercial for the Tsukuba Sosei no Kai (Tsukuba Future Creations Association) in 1998. Domo-kun is a small, blue, and white creature with a large head, a small body, and a cheerful personality.\n\nAlthough Domo-kun did not originate from an anime or manga, he has become a widely recognized character in Japan and has appeared in various media, including anime, manga, and video games. His popularity has led to the creation of merchandise, such as plush toys, stationery, and clothing.\n\nIn summary, Domo-kun is not an anime or manga character, but a character that originated from a TV commercial. However, he has since appeared in various media and has become a popular mascot in Japan."}]}