{"Unnamed: 0": 5749426, "id": "scifi_10000", "Title": "What Percentage Makes Someone a Half-blood?", "Body": "I was checking on something in the Harry Potter wiki and saw Harry listed as \"Half-Blood.\"  Both his parents were magical, but, as we know, his grandparents on his Mother's side were muggles.  This reminds me of the racially loaded terms like octoroon.  (In the south, you still hear those terms every once in a while.)  When there was still segregation, having only 1 great-grandparent of an ethnic group was enough to classify a person of that group.So how far down the line did it go in the Harry Potter universe?  Just how many generations removed from a muggle-born would a person have to be before they're no longer classified as half-blood or something similar?", "top5_tags": "harry-potter, star-wars, star-trek, comics, dc", "answer_with_body_context": [{"generated_text": " In the Harry Potter universe, the term \"half-blood\" refers to a witch or wizard who has one magical parent and one non-magical (Muggle) parent. The term is not strictly quantified by generations, as it is more about the direct lineage of magical heritage.\n\nHowever, to address the question of how many generations removed from a Muggle-born a person would have to be before they're no longer classified as half-blood or something similar, we can look at the examples provided in the series.\n\nHarry Potter himself is considered a half-blood, as his mother, Lily Evans, was a witch, and his father, James Potter, was a wizard. His maternal grandparents, on his mother's side, were Muggles. This makes Harry a half-blood, as he has one magical parent and one Muggle parent.\n\nIn the series, there is no specific mention of a term for someone who is more than one generation removed from a Muggle-born, but it is implied that the term \"half-blood\" is used to describe someone with one magical parent, regardless of how many generations removed they are from a Muggle-born ancestor.\n\nFor example, Hermione Granger is considered a Muggle-born, as both of her parents are Muggles. However, her great-grandfather, Daniel Granger, was a wizard. Despite this, Hermione is still considered a Muggle-born, as her magical heritage is not directly passed down from her parents.\n\nIn conclusion, the Harry Potter universe does not have a specific term for someone who is more than one generation removed from a Muggle-born, but the term \"half-blood\" is used to describe someone with one magical parent, regardless of how many generations removed they are from a Muggle-born ancestor. The focus is more on the direct lineage of magical heritage rather than the number of generations removed from a Muggle-born."}], "answer_with_body_base": [{"generated_text": " In the Harry Potter universe, the term \"half-blood\" is used to describe a witch or wizard who has one magical parent and one non-magical (Muggle) parent. This term is not strictly defined by the number of generations removed from a Muggle ancestor, but rather by the presence of magical blood in the family line.\n\nIn the case of Harry Potter, his mother Lily was a witch, and his father James was a wizard, making him a half-blood. However, his maternal grandparents, who were Muggles, do not affect his classification as a half-blood.\n\nThe term \"half-blood\" is not as rigidly defined as the terms used in the context of racial classifications in the real world. In the Harry Potter universe, there is no specific percentage or number of generations that determines whether someone is considered a half-blood or not.\n\nIn general, the wizarding community in the Harry Potter universe tends to focus more on the presence of magical abilities and the quality of magical blood rather than the number of generations removed from a Muggle ancestor. This is evident in the fact that many characters, such as Hermione Granger, who is considered a \"Muggle-born\" witch, are not classified as half-bloods despite having no magical ancestry.\n\nIn conclusion, the term \"half-blood\" in the Harry Potter universe is not strictly defined by the number of generations removed from a Muggle ancestor, but rather by the presence of magical blood in the family line."}]}