{"Unnamed: 0": 8053369, "id": "writers_349", "Title": "Is there a standardized size for Books?", "Body": "I noticed that my softcover/paperback books are all roughly the same size, but have slight differences.Are there standardized sizes (and are they different between US and Europe, just as US Letter and Din A4 are different?) or does each publisher decide it's own size?Edit: I'm sorry, I don't mean Number of Pages, I mean physical Page Size/Dimensions :)", "top5_tags": "macos, mac-pro, dnd-5e, macbook-pro, style", "answer_with_body_context": [{"generated_text": " There is no strict standardization for the physical size of books, but there are common sizes that are widely used by publishers. These sizes are often determined by the genre, type of book, and the publisher's preferences. However, there are some general guidelines that many publishers follow.\n\nIn the United States, the most common book sizes are:\n\n1. Trade paperback: 5.5 x 8.5 inches (140 x 216 mm)\n2. Mass market paperback: 4.25 x 6.87 inches (108 x 174 mm)\n3. Hardcover: 6 x 9 inches (152 x 229 mm)\n\nIn Europe, the most common book sizes are:\n\n1. A5: 5.8 x 8.3 inches (148 x 210 mm)\n2. A4: 8.3 x 11.7 inches (210 x 297 mm)\n3. B5: 6.6 x 9.8 inches (165 x 247 mm)\n\nThese sizes are not strict standards, but they are widely used and recognized by publishers and readers. The differences between US and European sizes are similar to the differences between US Letter and A4 paper sizes.\n\nIt's also worth noting that some publishers may choose to use non-standard sizes for their books, especially for special editions, art books, or books with unique design elements. In these cases, the physical size of the book may vary significantly from the common sizes mentioned above.\n\nIn summary, while there is no strict standardization for book sizes, there are common sizes that are widely used by publishers in both the US and Europe. However, publishers may choose to use non-standard sizes for their books, depending on the type of book and their design preferences."}], "answer_with_body_base": [{"generated_text": " There is no strict standardization for the physical size of books, but there are common sizes that are widely used in the publishing industry. These sizes are often determined by the type of book, its intended use, and the preferences of the publisher.\n\nIn the United States, the most common sizes for softcover/paperback books are:\n\n1. Mass Market Paperback: 4.25 x 7 inches (108 x 178 mm)\n2. Trade Paperback: 5.5 x 8.5 inches (140 x 216 mm)\n3. Mass Market Paperback (Large): 5.5 x 8.5 inches (140 x 216 mm)\n\nIn Europe, the most common sizes for softcover/paperback books are:\n\n1. A5: 5.8 x 8.3 inches (148 x 210 mm)\n2. A6: 4.9 x 6.6 inches (124 x 168 mm)\n3. B-format: 5.3 x 8 inches (135 x 203 mm)\n\nThese sizes are not strictly standardized, and publishers may choose to use different sizes based on their preferences and the specific needs of the book. Additionally, there are other sizes used for specialized types of books, such as pocket-sized editions, coffee table books, and art books.\n\nIt's also worth noting that the sizes of hardcover books can vary even more than those of softcover books, as they are often designed to be more visually appealing and to accommodate larger illustrations or photographs.\n\nIn summary, while there are common sizes for softcover/paperback books in both the US and Europe, there is no strict standardization, and publishers have the freedom to choose the size that best suits their needs and the specific book they are producing."}]}