{"Unnamed: 0": 8879, "id": "apple_10017", "Title": "How do I format a disk partition from the command line on OS X?", "Body": "How do I format a disk partition from the command line on Mac OS X?In case someone wonders why: because for some people Disk Utility fails.", "top5_tags": "macos, command-line, software-recommendation, iphone, ios", "answer_with_body_context": [{"generated_text": " To format a disk partition from the command line on Mac OS X, you can use the `diskutil` command. Here's a step-by-step guide to help you through the process:\n\n1. Open the Terminal app. You can find it in the Applications > Utilities folder or by searching for it using Spotlight (Command + Space).\n\n2. Identify the disk partition you want to format. You can list all the available disks and their partitions by entering the following command:\n\n   ```\n   diskutil list\n   ```\n\n   Look for the disk identifier (e.g., disk2s2) of the partition you want to format.\n\n3. Unmount the disk partition before formatting. Replace \"diskIdentifier\" with the actual identifier of the partition you want to format:\n\n   ```\n   diskutil unmountDisk diskIdentifier\n   ```\n\n4. Format the disk partition using the `newfs_hfs` command for HFS+ (Mac OS Extended) or `mkfs` command for APFS (Apple File System). Replace \"diskIdentifier\" with the actual identifier of the partition and \"formatType\" with the desired file system format (e.g., \"HFS+J\" for Mac OS Extended (Journaled) or \"APFS\" for Apple File System):\n\n   For HFS+:\n   ```\n   newfs_hfs -v \"VolumeName\" diskIdentifier\n   ```\n\n   For APFS:\n   ```\n   diskutil apfs format diskIdentifier \"VolumeName\"\n   ```\n\n   Replace \"VolumeName\" with the desired name for the formatted partition.\n\n5. After formatting, you can mount the partition again using the `mount` command:\n\n   ```\n   mount diskIdentifier /Volumes/\"VolumeName\"\n   ```\n\nRemember to replace \"diskIdentifier\" and \"VolumeName\" with the actual values for your disk partition and desired volume name.\n\nNote: Formatting a disk partition will erase all data on the partition. Make sure to back up any important data before proceeding."}], "answer_with_body_base": [{"generated_text": " To format a disk partition from the command line on Mac OS X, you can use the `diskutil` command. Here's a step-by-step guide to help you through the process:\n\n1. Open the Terminal app. You can find it in the Applications > Utilities folder or by searching for it using Spotlight (Command + Space).\n\n2. Identify the disk partition you want to format. You can list all the available disks and their partitions using the following command:\n\n   ```\n   diskutil list\n   ```\n\n   Look for the disk identifier (e.g., disk2s1) of the partition you want to format.\n\n3. Unmount the disk partition before formatting. Replace \"diskIdentifier\" with the actual identifier of the partition you want to format:\n\n   ```\n   diskutil unmountDisk diskIdentifier\n   ```\n\n4. Format the disk partition using the `newfs_` command. Replace \"filesystemType\" with the desired file system (e.g., \"APFS\", \"HFS+\", \"exFAT\", \"MS-DOS\", etc.) and \"diskIdentifier\" with the actual identifier of the partition:\n\n   ```\n   newfs_apfs diskIdentifier\n   ```\n\n   or\n\n   ```\n   newfs_hfs+ diskIdentifier\n   ```\n\n   or\n\n   ```\n   newfs_exfat diskIdentifier\n   ```\n\n   or\n\n   ```\n   newfs_msdos diskIdentifier\n   ```\n\n   Note: The `newfs_` command is a low-level command that directly interacts with the file system. Be cautious when using it, as it can cause data loss if used incorrectly.\n\n5. After formatting, you can mount the disk partition again using the following command:\n\n   ```\n   diskutil mountDisk diskIdentifier\n   ```\n\nRemember to replace \"diskIdentifier\" with the actual identifier of the partition you want to format in all the commands above.\n\nPlease note that formatting a disk partition will erase all data on it. Make sure to back up any important data before proceeding with the formatting process."}]}