{"Unnamed: 0": 5658314, "id": "musicfans_2802", "Title": "Is this song considered a Bebop Standard?", "Body": "The following song: http://youtu.be/RiF3t1rWBv8Is \"Wrapped Tight\" by Hawkins considered a bebop standard? Is he the first one to record this song? Or was it recorded earlier?", "top5_tags": "jazz, blues, lyrics, funk, identify-this-genre", "answer_with_body_context": [{"generated_text": " \"Wrapped Tight\" by Illinois Jacquet and Lester Young, featuring Coleman Hawkins, is indeed considered a bebop standard. The song was first recorded in 1940, and it is one of the early examples of the bebop style, which emerged in the early 1940s. While Coleman Hawkins is not the first one to record this song, his version is one of the most well-known and influential recordings of \"Wrapped Tight.\"\n\nThe song features fast tempos, complex chord progressions, and virtuosic improvisation, all of which are hallmarks of the bebop genre. It has been covered by numerous jazz musicians over the years, further solidifying its status as a bebop standard."}], "answer_with_body_base": [{"generated_text": " \"Wrapped Tight\" by Coleman Hawkins is not considered a bebop standard. The song was recorded in 1939, which predates the bebop era that began in the mid-1940s. While Hawkins was a significant influence on the development of bebop, \"Wrapped Tight\" is more closely associated with the swing era.\n\nColeman Hawkins was the first to record \"Wrapped Tight,\" and it was released on the Vocalion label in 1939. The song features Hawkins on tenor saxophone and is a classic example of his playing style during the swing era. Although Hawkins later became a key figure in the bebop movement, \"Wrapped Tight\" is not considered a bebop standard."}]}