{"Unnamed: 0": 1444600, "id": "hsm_2659", "Title": "What is the decade of experimentation that start to verify the formulas from mechanics of vibration?", "Body": "What is the decade of experimentation that start to verify the formulas from classical mechanics of vibration?People unable to \"see\" or \"hear\" the vibration of the objects in the late 19 century...", "top5_tags": "united-states, logic, international, mathematics, classical-mechanics", "answer_with_body_context": [{"generated_text": " Title: The Dawn of Vibration Experimentation: The 19th Century\n\nBody: The 19th century marked a significant period in the field of classical mechanics of vibration, as it was the decade of experimentation that began to verify the formulas and theories proposed by earlier scientists. During this time, advancements in technology and scientific understanding allowed researchers to explore and validate the principles of vibration in a more systematic and empirical manner.\n\nOne of the key figures in this era was Ernst Chladni, a German physicist and musician, who is often referred to as the \"father of acoustics.\" In the late 18th and early 19th centuries, Chladni conducted a series of experiments that demonstrated the relationship between the shape of a vibrating object and the patterns of sound it produced. He used a technique called \"Chladni figures,\" which involved sprinkling fine sand on a metal plate and then vibrating the plate with a violin bow. The sand would then settle into patterns that corresponded to the vibrational modes of the plate, providing a visual representation of the vibrations.\n\nAnother important contributor to the field of vibration mechanics during this time was Lord Rayleigh, a British physicist who made significant advancements in the understanding of sound and vibration. In 1877, he published a seminal work titled \"Theory of Sound,\" which provided a comprehensive mathematical treatment of the subject and laid the foundation for modern acoustics.\n\nThe 19th century also saw the development of new experimental techniques and instruments that allowed for more precise measurements and observations of vibrations. For example, the invention of the electromagnetic vibrating string by Hermann von Helmholtz in 1863 enabled researchers to study the vibrations of strings in a controlled environment.\n\nIn summary, the 19th century was a pivotal decade for the verification of formulas and theories in classical mechanics of vibration. The work of pioneers like Ernst Chladni and Lord Rayleigh, along with advancements in experimental techniques and instruments, helped to establish a solid foundation for the study of vibrations and their applications in various fields, such as engineering, music, and acoustics."}], "answer_with_body_base": [{"generated_text": " The decade of experimentation that began to verify the formulas from classical mechanics of vibration was the 1870s. During this period, significant advancements were made in the field of vibration analysis, and experimental methods were developed to validate the theoretical formulas proposed by earlier scientists.\n\nOne of the key figures in this era was Lord Rayleigh (John William Strutt), who published his influential book \"The Theory of Sound\" in 1877. This work provided a comprehensive treatment of the subject of acoustics and vibrations, and it included experimental verification of the formulas and principles of classical mechanics of vibration.\n\nAnother important contribution came from Ernst Chladni, a German physicist and musician, who is often referred to as the \"father of acoustics.\" In the late 18th century, Chladni developed a technique called \"Chladni figures\" to visualize the vibrational patterns of objects. Although his work predates the 1870s, it laid the foundation for the experimental verification of vibration formulas in the following decades.\n\nIn the 1870s, researchers and engineers began to apply these theoretical principles and experimental techniques to practical problems, such as the design of bridges, buildings, and machinery. This led to a better understanding of the behavior of vibrating systems and the development of methods to control and mitigate the effects of vibrations in various applications.\n\nIn summary, the 1870s marked a significant period of experimentation and verification of the formulas from classical mechanics of vibration, with contributions from notable scientists like Lord Rayleigh and the continued influence of earlier work by Ernst Chladni."}]}