{"Unnamed: 0": 178879, "id": "english_11826", "Title": "Why are people from Sunderland called \"mackems\"?", "Body": "In the north-east of England, if nowhere else, people from Sunderland are called \"mackems\". Does anyone know why this should be? Wikipedia suggests a number of possibilities. Are any of these correct?", "top5_tags": "etymology, slang, meaning, expressions, single-word-requests", "answer_with_body_context": [{"generated_text": " The term \"mackems\" is indeed used to refer to people from Sunderland, a city in the north-east of England. The origin of this nickname is not entirely clear, but there are several theories that attempt to explain its etymology. Here are some of the most popular ones:\n\n1. The \"mackem\" theory: This theory suggests that the term originated from the shipbuilding industry in Sunderland during the 19th century. The shipbuilders in Sunderland were known for \"taking the jobs\" (making the ships), while their counterparts in nearby Newcastle were known for \"makin' the jobs\" (supplying the materials). This led to the rivalry between the two cities, and the term \"mackem\" was born as a way to differentiate the people of Sunderland from those of Newcastle.\n\n2. The \"mackem\" theory (alternative): Another version of this theory suggests that the term \"mackem\" comes from the phrase \"mack'em and tak'em,\" which refers to the process of making and taking apart ships. Sunderland was known for its shipbuilding industry, and the term \"mackem\" was used to describe the people who were involved in this process.\n\n3. The \"mackem\" theory (language): Some linguists believe that the term \"mackem\" is derived from the local dialect of the region. The word \"mackem\" could be a contraction of the phrase \"mak'em,\" which means \"to make\" in the local dialect. This theory suggests that the term was used to describe the industrious nature of the people of Sunderland.\n\n4. The \"mackem\" theory (sports rivalry): The rivalry between Sunderland and Newcastle is not only limited to the shipbuilding industry but also extends to sports, particularly football. The term \"mackem\" may have originated from the football rivalry between the two cities, with Sunderland fans using the term to differentiate themselves from Newcastle fans.\n\nWhile these theories provide some insight into the possible origins of the term \"mackem,\" the exact reason for its usage remains uncertain. It is likely that the term has evolved over time and has been influenced by various factors, including regional dialect, industry, and sports rivalry. Regardless of its origin, the term \"mackem\" has become an integral part of the identity of the people of Sunderland and is embraced by many as a symbol of their city's unique heritage and culture."}], "answer_with_body_base": [{"generated_text": " The term \"mackems\" is indeed used to refer to people from Sunderland, a city in the north-east of England. The origin of this term is not definitively known, but there are several theories that attempt to explain its etymology. Here are some of the most popular ones:\n\n1. Industrial rivalry: One theory suggests that the term \"mackem\" originated from the rivalry between Sunderland and Newcastle, another city in the north-east of England. The term \"mackem\" is said to be derived from the phrase \"We Mak'em and They Tak'em,\" referring to the shipbuilding and coal mining industries in the region. Sunderland was known for its shipbuilding industry, while Newcastle was known for its coal mining.\n\n2. Language and dialect: Another theory suggests that the term \"mackem\" is derived from the local dialect of the region. The word \"mak\" is a common verb in the dialect, meaning \"to make\" or \"to do.\" It is possible that the term \"mackem\" was derived from this verb, with the \"em\" suffix being added to create a noun.\n\n3. Historical reference: A third theory suggests that the term \"mackem\" is derived from a historical reference to the city of Sunderland. In the 18th century, Sunderland was known for its production of \"mackem\" cloth, a type of coarse woolen fabric. The term \"mackem\" may have been derived from this historical reference to the city's textile industry.\n\nWhile these theories provide some possible explanations for the origin of the term \"mackem,\" it is difficult to determine which one is the most accurate. The true origin of the term may never be known, but it remains a part of the cultural identity of the people of Sunderland."}]}