{"Unnamed: 0": 5732653, "id": "politics_2322", "Title": "Is there any difference between a dissident and a whistleblower?", "Body": "During the Cold War people who criticized Soviet government, its practices and abuses were called \"dissidents\" in the West, even if they politically supported Socialism or advocated better application of the Soviet laws, such as the constitution.Yet now it seems similar people in the West are not called \"dissidents\" but a new term \"whistleblower\" was invented. Was it invented specifically so to not attract any association with the USSR and to underline that those people are not opposed to the system as a whole bet merely criticize abuses?Or is there a fundamental difference?", "top5_tags": "etymology, proto-indo-european, united-states, soviet-union, ancient-history", "answer_with_body_context": [{"generated_text": " Title: Dissidents vs. Whistleblowers: Understanding the Distinctions\n\nBody: The terms \"dissident\" and \"whistleblower\" are often used interchangeably, but they have distinct meanings and implications in the political context.\n\nA dissident is an individual who openly disagrees with and criticizes the policies, practices, or ideologies of a government or political system. Dissidents may advocate for change within the system or may even call for its complete overhaul. During the Cold War, dissidents in the Soviet Union and other communist countries were often persecuted for their views, as they were seen as a threat to the existing regime. In the West, dissidents were generally viewed as champions of human rights and democracy, even if they supported socialism or advocated for better application of the Soviet laws.\n\nOn the other hand, a whistleblower is an individual who exposes wrongdoing, corruption, or illegal activities within an organization, often at great personal risk. Whistleblowers may be employees, contractors, or even government officials who have access to sensitive information. Their primary goal is to bring attention to the issue and hold those responsible accountable. Whistleblowers are protected by various laws and regulations in many countries, which aim to encourage transparency and accountability within organizations.\n\nWhile there may be some overlap between dissidents and whistleblowers, the key difference lies in their motivations and objectives. Dissidents are primarily concerned with challenging and changing the political system, while whistleblowers focus on exposing and addressing specific instances of wrongdoing within an organization.\n\nThe term \"whistleblower\" was not invented to avoid any association with the USSR or to underline that those people are not opposed to the system as a whole. Instead, it emerged as a way to describe individuals who expose wrongdoing within organizations, regardless of their political affiliations or beliefs. The term has since been widely adopted and is now used globally to describe individuals who take a stand against corruption and abuse of power.\n\nIn conclusion, while dissidents and whistleblowers may share some similarities, they are distinct in their motivations, objectives, and the contexts in which they operate. Understanding these differences is crucial for appreciating the unique roles that both dissidents and whistleblowers play in promoting transparency, accountability, and democratic values in society."}], "answer_with_body_base": [{"generated_text": " There is indeed a fundamental difference between a dissident and a whistleblower, although the terms may sometimes be used interchangeably in certain contexts.\n\nA dissident is an individual who openly disagrees with and criticizes the policies, practices, or ideologies of a government or political system. Dissidents may advocate for change within the system, or they may call for a complete overhaul of the system itself. Dissidents are often associated with political activism and may face persecution or punishment for their beliefs and actions.\n\nOn the other hand, a whistleblower is an individual who exposes wrongdoing, corruption, or illegal activities within an organization, which can be a government agency, a private company, or any other type of institution. Whistleblowers typically have insider knowledge of the organization and choose to reveal this information to the public or to authorities in order to bring attention to the issue and hold those responsible accountable. Whistleblowers may or may not be opposed to the system as a whole, but their primary focus is on addressing specific instances of abuse or misconduct.\n\nThe term \"whistleblower\" was not invented specifically to avoid association with the USSR or to underline that those people are not opposed to the system as a whole. Rather, it emerged as a way to describe individuals who expose wrongdoing within organizations, regardless of the political context. The term has been used in various contexts, including within the United States and other Western countries, to describe individuals who have come forward to expose corruption, fraud, or other forms of misconduct.\n\nIn summary, while both dissidents and whistleblowers may criticize abuses within a system, the key difference lies in their primary focus and objectives. Dissidents are primarily concerned with challenging and changing the system itself, while whistleblowers focus on exposing and addressing specific instances of wrongdoing within an organization."}]}