{"Unnamed: 0": 8048801, "id": "workplace_103794", "Title": "Why does HR request I bring a birth certificate or passport to interview?", "Body": "I've completed my phone screen with the company about a week ago, and they are now scheduling me for an onsite interview. However, they are asking me to bring either my birth certificate or passport with me. This is the first time I've been asked this as part of the job interviewing process. They had asked me in the phone screen whether or not I was a US citizen, I am, but I've been asked that numerous times before and have never been required to show my birth certificate. What's the purpose behind showing a birth certificate or passport before even finishing the interview process?", "top5_tags": "interviewing, united-states, internship, email, salary", "answer_with_body_context": [{"generated_text": " The request to bring a birth certificate or passport to an interview is likely due to the company's need to verify your eligibility to work in the United States. This is a standard procedure for many employers, especially for positions that require security clearance or involve sensitive information.\n\nThe company may be required to complete an Employment Eligibility Verification Form (Form I-9) for all new hires, which requires documentation to prove both identity and employment authorization. A birth certificate or passport can serve as proof of both identity and citizenship, making it easier for the company to complete the necessary paperwork.\n\nIt's essential to understand that this request is not meant to be intrusive or discriminatory. Instead, it is a legal requirement for employers to ensure that all employees are authorized to work in the United States. By providing your birth certificate or passport, you are helping the company comply with these regulations and streamline the hiring process.\n\nIf you have any concerns or questions about this request, it's best to discuss them with the HR representative or the hiring manager before the interview. They should be able to provide you with more information about the company's policies and the reasons behind this request."}], "answer_with_body_base": [{"generated_text": " The request to bring a birth certificate or passport to an interview is likely due to the company's need to verify your identity and confirm your eligibility to work in the United States. This is a standard procedure for many companies, especially those that are government contractors or have strict compliance requirements.\n\nThere are several reasons why a company may ask for this documentation:\n\n1. To ensure compliance with government regulations: Some companies are required to verify the eligibility of their employees to work in the United States. This is particularly true for government contractors or companies that work with sensitive information.\n\n2. To prevent identity theft: By asking for a birth certificate or passport, the company can ensure that the person they are interviewing is indeed the person they claim to be. This helps to prevent identity theft and fraud.\n\n3. To maintain accurate records: Companies may need to maintain accurate records of their employees' personal information, including their citizenship status. This information may be required for tax purposes or to comply with other regulations.\n\n4. To protect the company's reputation: By verifying the identity and eligibility of their employees, companies can protect their reputation and avoid potential legal issues.\n\nIt is essential to understand that this request is not meant to be intrusive or discriminatory. It is a standard procedure that many companies follow to ensure compliance with government regulations and protect their interests.\n\nIf you have any concerns about this request, you can always ask the HR representative for more information about the company's policies and procedures. They should be able to provide you with a clear explanation of why they are asking for this documentation and how it will be used."}]}