{"Unnamed: 0": 5730488, "id": "philosophy_38559", "Title": "Is there a name for, \"there's a time and a place for that\" fallacy?", "Body": "This is something all activists have dealt with at some point in time. You present the best form of your argument only to have someone dismiss it outright because, \"it's not the time or the place for that\".Of course, asking when an appropriate time or place is results in scoffs or scowls, but the question is not answered. Even Martin Luther King Jr. had to address this ideology (\"The time is always right to do what is right.\")Sometimes it is wrong to protest in certain places and times, such as the funerals of soldiers, but assume that the protest is topical with the location/time.Is there a name for this invalidation of arguments based on location and timing?", "top5_tags": "macos, terminology, fallacies, identify-this-movie, animation", "answer_with_body_context": [{"generated_text": " The fallacy you're describing, where an argument is dismissed based on the timing or location of its presentation, does not have a specific name in the realm of formal logic. However, it can be considered a form of the \"appeal to circumstances\" fallacy, which is a subtype of the \"appeal to emotion\" fallacy. This fallacy occurs when someone argues that a claim is true or false based on the circumstances surrounding the argument, rather than on the merits of the argument itself.\n\nIn the context of your question, the fallacy can be seen as a way of avoiding the substance of the argument by focusing on the timing or location of its presentation. This tactic can be used to dismiss an argument without engaging with its content, and it can be particularly frustrating for activists and others who are trying to engage in meaningful dialogue.\n\nWhile there may not be a specific name for this fallacy, it is important to recognize it and to challenge it when it arises. By focusing on the substance of the argument and addressing the points being made, rather than allowing the timing or location to distract from the discussion, it is possible to engage in more productive and meaningful conversations."}], "answer_with_body_base": [{"generated_text": " The fallacy you're describing, where an argument is dismissed based on the timing or location of the discussion, doesn't have a specific, widely-recognized name. However, it can be considered a form of \"contextual fallacy\" or \"appeal to context.\" This fallacy occurs when someone argues that the context (in this case, time and place) is the primary factor in determining the validity of an argument, rather than addressing the argument's merits.\n\nIn the case of activism, this fallacy can be used to avoid engaging with the substance of the argument by claiming that the timing or location is inappropriate. While there may be situations where the timing or location of a protest is indeed inappropriate, this should not be used as a blanket dismissal of the argument itself.\n\nTo counter this fallacy, it's essential to focus on the argument's content and merits, rather than allowing the context to overshadow the discussion. By doing so, you can encourage a more meaningful and productive dialogue that addresses the core issues at hand."}]}