{"Unnamed: 0": 1445334, "id": "interpersonal_19497", "Title": "How to explain to my girlfriend that I enjoy certain video games?", "Body": "I would like to ask for advice about my current situation, my girlfriend (26) and I (31) have been together for 2 months now and we really have lots in common and always have a great time together but! I am an IT guy so I am into technology very much and currently own a Nintendo Switch.I really quite enjoy some video games (like Hand of fate 2, dark souls, doom, etc..), it is a way to entertain myself, to clear my head a bit after work and I do not play much at all, around 6 hours per week and some weeks I do not play at all.The thing is, she despises video games from the bottom of her heart, her position is quite radical. I do not get why, when I try to explain why I like to play her answer is something like \"-video games are for freaky and creepy nerds-\" and that's it! I cannot discuss any further about it, she just doesn't hear me at all.I could just sell my console and not play anymore, but I would like to first try to make her understand me, since she does not give me any reasonable answer about it so I would like to ask for some advice:How can I explain to her that it is something I enjoy?Thanks a lot in advance.Edit:To add some more details about it, our relationship is pretty new and this is the first major disagreement we have had so far.I have tried so little to be honest because she just does not want to listen, like really, she just says things like \"no no, that's for creepies, for smelly nerds\" and stuff like that, I have tried to explain to her:That it is no different from watching series or movies (which shedoes).That I only play in my spare time when we do not meet normally afterwork and would never prefer to play instead of meeting her or doingsomething together.To explain that it helps me to clear my mind after work.I actually tried to show her and explain a video game once and after 20 seconds she told me \"are we going to do something else?\" and that was it, I just turned it off.I was quite surprised because our communication is very good actually, we have discussed important matters openly in a very productive way, but with this topic she gets just too aggressive.Thanks again for your answers.", "top5_tags": "germany, relationships, approach, texting, armenia", "answer_with_body_context": [{"generated_text": " First, it's important to understand that your girlfriend's perspective on video games may be influenced by her own experiences or preconceived notions. It's essential to approach the conversation with empathy and patience. Here are some steps you can take to help her understand your interest in video games:\n\n1. Choose the right time and place: Find a calm and relaxed moment to discuss the topic, ensuring that both of you are in a receptive mood.\n\n2. Share your passion: Explain why video games are important to you, focusing on the positive aspects such as entertainment, stress relief, and the opportunity to engage in a hobby you enjoy.\n\n3. Draw parallels: Compare video games to other forms of entertainment that she enjoys, such as watching movies or TV shows. Emphasize that video games are just another way to unwind and have fun.\n\n4. Address her concerns: Listen to her perspective and try to understand her concerns. If she believes that video games are isolating or time-consuming, reassure her that you only play in moderation and that it doesn't interfere with your relationship.\n\n5. Invite her to try it out: Offer to play a game together, choosing one that she might find interesting or enjoyable. This can help her see the fun and social aspects of gaming.\n\n6. Be patient and understanding: It may take time for her to change her opinion, so be patient and continue to communicate openly about your interests.\n\n7. Compromise: If she remains uncomfortable with the idea of you playing video games, consider finding a middle ground, such as limiting your gaming time or playing only when she's not around.\n\nRemember that a healthy relationship involves respecting each other's interests and finding ways to support one another. By approaching the conversation with empathy and understanding, you can help your girlfriend see the value in your hobby and strengthen your bond as a couple."}], "answer_with_body_base": [{"generated_text": " It's great that you're looking for ways to communicate with your girlfriend about your interests. Here are some suggestions on how to approach the conversation:\n\n1. Choose the right time: Find a calm and relaxed moment to discuss your hobby with her. Avoid bringing up the topic when she's already stressed or busy.\n\n2. Be patient and understanding: Acknowledge her feelings and opinions, and try to understand her perspective. This will help her feel heard and respected.\n\n3. Explain the benefits: Share with her the positive aspects of playing video games, such as stress relief, problem-solving skills, and the opportunity to connect with friends.\n\n4. Compare it to her interests: Draw parallels between video games and her hobbies, such as watching movies or TV shows. Explain that video games are just another form of entertainment and storytelling.\n\n5. Share your passion: Show her the aspects of video games that you enjoy, such as the art, music, and storytelling. You can even invite her to watch you play a game she might find interesting or relatable.\n\n6. Set boundaries: Assure her that you will prioritize your relationship and time together. Explain that you only play video games in your spare time and that it doesn't interfere with your commitment to her.\n\n7. Be open to compromise: If she's still not interested in video games, consider finding a hobby or activity that you both enjoy. This will help you bond and create shared experiences.\n\n8. Seek common ground: Find a way to incorporate her interests into your gaming experience. For example, you could play a game that has elements of her favorite genre or theme.\n\n9. Be respectful: Avoid getting defensive or dismissive of her opinions. Instead, listen to her concerns and try to address them in a calm and respectful manner.\n\n10. Give it time: Changing someone's opinion about a topic can take time. Be patient and continue to share your passion for video games with her, while also respecting her feelings and interests.\n\nRemember, the goal is to have an open and honest conversation about your hobbies and interests. By being patient, understanding, and respectful, you can help your girlfriend see the value in your passion for video games."}]}