{"Unnamed: 0": 1461695, "id": "martialarts_3117", "Title": "What are the belt colors of Tae Kwon Do in order?", "Body": "What are the belt colors of Tae Kwon Do in order? Also could you add the degrees, I have had a hard time finding a reliable site?", "top5_tags": "substitute-tool, harry-potter, summer, game-of-thrones, marvel", "answer_with_body_context": [{"generated_text": " In Tae Kwon Do, the belt colors represent the practitioner's level of knowledge, skill, and experience. The order of belt colors and degrees can vary slightly depending on the specific Tae Kwon Do organization or school. However, a common belt progression in Tae Kwon Do is as follows:\n\n1. White Belt (10th Degree)\n2. Yellow Belt (9th Degree)\n3. Green Belt (8th Degree)\n4. Blue Belt (7th Degree)\n5. Red Belt (6th Degree)\n6. Black Belt (1st Degree)\n\nAfter achieving a Black Belt, practitioners can continue to advance through the degrees, which are often represented by stripes or different colored belts. The degrees for Black Belts are as follows:\n\n1. Black Belt (1st Degree)\n2. Black Belt (2nd Degree)\n3. Black Belt (3rd Degree)\n4. Black Belt (4th Degree)\n5. Black Belt (5th Degree)\n6. Black Belt (6th Degree)\n7. Black Belt (7th Degree)\n8. Black Belt (8th Degree)\n9. Black Belt (9th Degree)\n10. Black Belt (10th Degree)\n\nIt's essential to note that the belt progression and degrees may differ between organizations, such as the World Taekwondo Federation (WTF), International Taekwon-Do Federation (ITF), or other regional or national associations. To get the most accurate information, it's best to consult with your specific Tae Kwon Do school or organization."}], "answer_with_body_base": [{"generated_text": " In Tae Kwon Do, the belt colors represent a practitioner's rank and progression through the martial art. The order of belt colors can vary slightly depending on the specific Tae Kwon Do organization or school, but a common belt progression is as follows:\n\n1. White Belt (10th Kyu)\n2. Yellow Belt (9th Kyu)\n3. Green Belt (8th Kyu)\n4. Blue Belt (7th Kyu)\n5. Red Belt (6th Kyu)\n6. Red and Black Belt (6th Kyu - 4th Kyu)\n7. Black Belt (1st Kyu - 4th Degree Black Belt)\n\nThe degrees of Black Belt are as follows:\n\n1. 1st Degree Black Belt (Cho Dan Bo)\n2. 2nd Degree Black Belt (I Dan Bo)\n3. 3rd Degree Black Belt (Sam Dan Bo)\n4. 4th Degree Black Belt (Sa Dan Bo)\n5. 5th Degree Black Belt (O Dan Bo)\n6. 6th Degree Black Belt (Sa Dang Bo)\n7. 7th Degree Black Belt (I Dang Bo)\n8. 8th Degree Black Belt (Hu Dang Bo)\n9. 9th Degree Black Belt (Ku Dang Bo)\n10. 10th Degree Black Belt (Judan)\n\nPlease note that some organizations may have additional belt colors or degrees, and the order of belts may differ slightly. It's always best to consult with your specific Tae Kwon Do school or organization for the most accurate information."}]}