{"Unnamed: 0": 1448441, "id": "judaism_13429", "Title": "Moshe's speech impediment(s)", "Body": "In Sh'mos 4:10, after Hashem instructs him to speak to the Jews, Moshe describes himself to Hashem as not an \"\u05d0\u05b4\u05d9\u05e9\u05c1 \u05d3\u05b0\u05bc\u05d1\u05b8\u05e8\u05b4\u05d9\u05dd\", literally \"man of words\", and as \"\u05db\u05b0\u05d1\u05b7\u05d3 \u05e4\u05b6\u05bc\u05d4\", literally \"heavy of mouth\", and \"\u05db\u05b0\u05d1\u05b7\u05d3 \u05dc\u05b8\u05e9\u05c1\u05d5\u05b9\u05df\", literally \"heavy of tongue\". In 6:12, after Hashem instructs him to speak to Par'o, Moshe describes himself to Hashem as \"\u05e2\u05b2\u05e8\u05b7\u05dc \u05e9\u05b0\u05c2\u05e4\u05b8\u05ea\u05b8\u05d9\u05b4\u05dd\", close-to-literally \"uncircumcised of lips\" (Rashi: \"sealed-up of lips\").What does each of these four refer to?", "top5_tags": "halacha, words, blessing, shabbat, minhag", "answer_with_body_context": [{"generated_text": " In the context of Judaism, Moshe's speech impediments as described in the Torah are understood to be both literal and metaphorical, reflecting his unique role as the prophet and leader of the Jewish people. Here is an explanation of each of the four descriptions:\n\n1. \"\u05d0\u05b4\u05d9\u05e9\u05c1 \u05d3\u05b0\u05bc\u05d1\u05b8\u05e8\u05b4\u05d9\u05dd\" (man of words): In Sh'mos 4:10, Moshe describes himself as not being a \"man of words.\" This phrase is understood to mean that Moshe did not possess the natural eloquence or persuasive speaking abilities that would be necessary for the task of leading the Jewish people and communicating with Pharaoh. This description highlights Moshe's humility and his recognition of his own limitations.\n\n2. \"\u05db\u05b0\u05d1\u05b7\u05d3 \u05e4\u05b6\u05bc\u05d4\" (heavy of mouth) and \"\u05db\u05b0\u05d1\u05b7\u05d3 \u05dc\u05b8\u05e9\u05c1\u05d5\u05b9\u05df\" (heavy of tongue): These phrases, also found in Sh'mos 4:10, are often interpreted as referring to Moshe's difficulty in speaking clearly and fluently. The Torah suggests that Moshe's speech was not smooth or easy, which could have made it challenging for him to communicate effectively with others. This aspect of Moshe's speech impediment is seen as a test of his faith and trust in Hashem, who would ultimately empower him to speak with confidence and authority.\n\n3. \"\u05e2\u05b2\u05e8\u05b7\u05dc \u05e9\u05b0\u05c2\u05e4\u05b8\u05ea\u05b8\u05d9\u05b4\u05dd\" (uncircumcised of lips): In Sh'mos 6:12, Moshe describes himself as \"uncircumcised of lips\" when speaking to Hashem about his reluctance to confront Pharaoh. Rashi, a renowned medieval Jewish commentator, explains this phrase as meaning that Moshe's lips were \"sealed-up,\" indicating that he was hesitant to speak and express his thoughts. This description emphasizes Moshe's initial lack of self-assurance and his need for divine guidance and support.\n\nIn summary, Moshe's speech impediments as described in the Torah reflect both his literal challenges with speech and his metaphorical struggles with self-confidence and leadership. These descriptions serve to highlight Moshe's humility, his reliance on Hashem, and the divine empowerment he ultimately receives to fulfill his role as the leader of the Jewish people."}], "answer_with_body_base": [{"generated_text": " In the context of Moshe's speech impediments, each of the four descriptions mentioned in the verses refers to different aspects of his difficulty in speaking:\n\n1. \"\u05d0\u05b4\u05d9\u05e9\u05c1 \u05d3\u05b0\u05bc\u05d1\u05b8\u05e8\u05b4\u05d9\u05dd\" (man of words): This phrase, used in Sh'mos 4:10, suggests that Moshe felt he lacked the ability to articulate his thoughts and ideas effectively. He may have struggled with finding the right words or expressing himself clearly.\n\n2. \"\u05db\u05b0\u05d1\u05b7\u05d3 \u05e4\u05b6\u05bc\u05d4\" (heavy of mouth) and \"\u05db\u05b0\u05d1\u05b7\u05d3 \u05dc\u05b8\u05e9\u05c1\u05d5\u05b9\u05df\" (heavy of tongue): These phrases, also found in Sh'mos 4:10, indicate that Moshe had difficulty speaking fluently and smoothly. His speech may have been slow, labored, or stilted, making it challenging for him to communicate effectively.\n\n3. \"\u05e2\u05b2\u05e8\u05b7\u05dc \u05e9\u05b0\u05c2\u05e4\u05b8\u05ea\u05b8\u05d9\u05b4\u05dd\" (uncircumcised of lips): This phrase, mentioned in Sh'mos 6:12, is a metaphorical expression that Rashi interprets as \"sealed-up of lips.\" It suggests that Moshe's speech was not only difficult but also somewhat restricted or limited. This could imply that he had trouble expressing himself fully or that his speech was not as eloquent as it could be.\n\nIn summary, these four descriptions of Moshe's speech impediments highlight various aspects of his difficulty in communicating effectively. They suggest that he struggled with finding the right words, speaking fluently, and expressing himself eloquently. Despite these challenges, Moshe was ultimately chosen by Hashem to lead the Jewish people and deliver the Torah, demonstrating that one's ability to communicate is not the sole determinant of their worth or capability."}]}