{"Unnamed: 0": 26031, "id": "bicycles_30726", "Title": "Help on calculating spoke length", "Body": "I am going to replace my bent hub on my MTB. The hub is Novatec D042SB and the rim which I am going to order is Sun Ringle Inferno 25 29er. Since my hub is not so popular there are not any default dimensions available in online spoke calculator databases. I cannot take apart all the stuff on the wheel for precise measurements and that's why I have to ask for your help. I have used several calculators and all of them gave me different result ranging from 290mm to 294mm. Here are the dimensions of my hub in Novatec's official website.Flange to Flange 58.4mmFlange Diameter 58mmOver Locknut 135mmOffset of centers 6.8 mmRim ERD 602 mmIf anyone has experience with building a wheel, please help me to determine the exact length of the spokeThanks in advance", "top5_tags": "cassette, brakes, rotor, wheels, rims", "answer_with_body_context": [{"generated_text": " Based on the dimensions you provided, I can help you calculate the spoke length for your Novatec D042SB hub and Sun Ringle Inferno 25 29er rim.\n\nFirst, let's calculate the Effective Rim Diameter (ERD) of your rim. You've mentioned that the ERD is 602mm, so we'll use that value.\n\nNext, we need to calculate the Center to Flange Radius (C to F Radius) of your hub. This can be done using the following formula:\n\nC to F Radius = (Flange to Flange / 2) - (Flange Diameter / 2) + Offset of centers\n\nPlugging in the values you provided:\n\nC to F Radius = (58.4 / 2) - (58 / 2) + 6.8\nC to F Radius = 29.2 - 29 + 6.8\nC to F Radius = 6.8mm\n\nNow, we can calculate the spoke length using the following formula:\n\nSpoke Length = \u221a((C to F Radius + ERD / 2)^2 - (ERD / 2)^2)\n\nPlugging in the values we have:\n\nSpoke Length = \u221a((6.8 + 602 / 2)^2 - (602 / 2)^2)\nSpoke Length = \u221a((6.8 + 301)^2 - 301^2)\nSpoke Length = \u221a((307.8)^2 - 301^2)\nSpoke Length = \u221a(94744.84 - 90601)\nSpoke Length = \u221a(4143.84)\n\nSpoke Length \u2248 64.37mm\n\nHowever, this is the length of a straight spoke. To account for the bend at the hub, we need to add the bend relief. The bend relief is typically around 2-3mm for a 3-cross lacing pattern.\n\nSo, the final spoke length would be approximately:\n\nSpoke Length = 64.37 + 2.5 (average bend relief)\nSpoke Length \u2248 66.87mm\n\nBased on these calculations, I would recommend using a spoke length of around 67mm. However, it's always a good idea to double-check with a local bike shop or a professional wheel builder to ensure the best results."}], "answer_with_body_base": [{"generated_text": " To calculate the spoke length for your Novatec D042SB hub and Sun Ringle Inferno 25 29er rim, you can use the following formula:\n\nSpoke Length = \u221a(Rim ERD^2 + (OC - (2 * Flange Diameter) + (2 * Flange to Flange))^2)\n\nUsing the dimensions you provided:\n\nRim ERD = 602mm\nOffset of centers (OC) = 6.8mm\nFlange Diameter = 58mm\nFlange to Flange = 58.4mm\n\nPlugging in the values:\n\nSpoke Length = \u221a(602^2 + (6.8 - (2 * 58) + (2 * 58.4))^2)\nSpoke Length = \u221a(362404 + (-49.6)^2)\nSpoke Length = \u221a(362404 + 2460.16)\nSpoke Length = \u221a(364864.16)\nSpoke Length \u2248 604.03mm\n\nHowever, this calculation does not account for the bracing angle, which can affect the spoke length. To get a more accurate result, you can use a spoke length calculator that allows you to input the bracing angle.\n\nFor example, you can use the Park Tool Spoke Length Calculator (https://www.parktool.com/blog/repair-help/spoke-length-calculator) or the J-Spoke Calculator (https://www.jspoke.com/).\n\nEnter the dimensions you provided and the bracing angle (if known) to get a more accurate spoke length.\n\nKeep in mind that the spoke length may vary slightly depending on the manufacturer and the specific rim and hub combination. It's always a good idea to order a few extra spokes to account for any errors or damages during the wheel-building process."}]}