{"Unnamed: 0": 8047789, "id": "vegetarianism_1935", "Title": "Are McDonald's fries vegan in Canada?", "Body": "I've heard mixed information about whether McDonald's fries are vegan. There's mixed information about flavourings used in manufacture, or different fats used for deep frying. Even this recent Reddit thread seems to have mixed information. And since it varies by country, I'll ask this question in the context of Canada specifically.Are McDonald's fries vegan in Canada?", "top5_tags": "veganism, macos, nutrition, health, canada", "answer_with_body_context": [{"generated_text": " In Canada, McDonald's fries are not considered vegan. While the fries themselves are made from potatoes, the cooking process involves the use of beef tallow, which is a type of animal fat derived from cows. This makes the fries unsuitable for a vegan diet.\n\nHowever, it's worth noting that McDonald's Canada has been working on making their menu more inclusive for various dietary preferences. In some locations, they have started using vegetable oil instead of beef tallow for frying their fries. This change has made the fries vegan-friendly in those specific locations.\n\nTo be certain about the ingredients and cooking methods used in your local McDonald's, it's best to contact the restaurant directly or check their website for the most up-to-date information. Keep in mind that the availability of vegan options may vary by location."}], "answer_with_body_base": [{"generated_text": " In Canada, McDonald's fries are considered vegan. The primary ingredients in the fries are potatoes, vegetable oil, and salt. However, it's essential to note that McDonald's does not disclose the specific type of vegetable oil used for frying, which may vary by location.\n\nWhile the fries themselves do not contain any animal products, there is a possibility of cross-contamination with non-vegan ingredients in the restaurant's kitchen. This means that if you have severe allergies or dietary restrictions, it's always a good idea to consult with the restaurant staff to ensure that your food is prepared in a way that meets your needs.\n\nIn summary, McDonald's fries in Canada are vegan, but it's essential to be aware of potential cross-contamination and to communicate with the restaurant staff if you have specific dietary concerns."}]}