{"Unnamed: 0": 165570, "id": "cooking_20438", "Title": "half-life of caffeine molecules", "Body": "I am interested in the caffeine content in various coffees.Will day-old coffee have much less caffeine?  I am refering to espresso drinks such as the Starbucks Americano or the drip coffees also available there.  Does refrigeration make much difference to the half-life?  What about re-heating?How about instant?  I have seen charts comparing caffeine content in various fresh coffees but not instant.  What is the typical caffeine content of instant coffee?  What is the half-life of caffeine in instant coffee on the shelf as a room temperature solid?", "top5_tags": "etymology, transit, trade, china, jargon", "answer_with_body_context": [{"generated_text": " The half-life of caffeine in the human body is typically around 5 to 6 hours, meaning that it takes this amount of time for the body to eliminate half of the caffeine consumed. However, the half-life of caffeine in coffee itself is not a relevant factor when considering the caffeine content in day-old coffee or refrigerated coffee.\n\nDay-old coffee, whether it's espresso-based like a Starbucks Americano or drip coffee, will have a slightly lower caffeine content than freshly brewed coffee. This is because caffeine is a volatile compound and can slowly evaporate over time. However, the difference in caffeine content between freshly brewed and day-old coffee is minimal and may not be noticeable.\n\nRefrigeration does not significantly affect the caffeine content in coffee. The main purpose of refrigerating coffee is to preserve its flavor and prevent the growth of bacteria.\n\nReheating coffee does not have a significant impact on the caffeine content either. However, reheating coffee multiple times can lead to a loss of flavor and aroma.\n\nInstant coffee typically contains less caffeine than freshly brewed coffee. The caffeine content in instant coffee can vary depending on the brand and type, but on average, it contains about 30-90 mg of caffeine per serving (2-3 teaspoons).\n\nThe half-life of caffeine in instant coffee on the shelf as a room temperature solid is not a relevant factor when considering the caffeine content. The caffeine content in instant coffee is determined during the manufacturing process and remains relatively stable over time.\n\nIn summary, the caffeine content in day-old coffee, refrigerated coffee, and reheated coffee is not significantly different from freshly brewed coffee. Instant coffee generally contains less caffeine than freshly brewed coffee, but the caffeine content in instant coffee remains stable over time."}], "answer_with_body_base": [{"generated_text": " The half-life of caffeine in the human body is typically around 5 to 6 hours, meaning that it takes this amount of time for the body to eliminate half of the caffeine consumed. However, the half-life of caffeine in coffee itself is a different matter.\n\nCaffeine is a stable compound, and its degradation in coffee is primarily due to oxidation and other chemical reactions that occur over time. The half-life of caffeine in coffee is not a well-defined concept, as it depends on various factors such as storage conditions, temperature, and exposure to light.\n\nDay-old coffee, whether it is espresso, Americano, or drip coffee, will generally have a slightly lower caffeine content than freshly brewed coffee. This is because some caffeine may degrade over time, but the difference is usually not significant. Refrigeration can help slow down the degradation process, but it won't stop it completely.\n\nReheating coffee can cause some loss of caffeine due to evaporation, but again, the difference is usually not significant.\n\nInstant coffee typically has a similar caffeine content to regular coffee, with an average of around 60-100 mg of caffeine per 8 oz serving. The half-life of caffeine in instant coffee on the shelf as a room temperature solid is not well-defined, as it depends on factors such as the packaging and storage conditions. However, it is generally safe to assume that the caffeine content in instant coffee will remain relatively stable over time, as long as it is stored properly in a cool, dry place.\n\nIn summary, the half-life of caffeine in coffee is not a well-defined concept, and the caffeine content in day-old coffee, refrigerated coffee, or reheated coffee will not be significantly different from freshly brewed coffee. Instant coffee has a similar caffeine content to regular coffee, and its caffeine content should remain relatively stable over time if stored properly."}]}