{"Unnamed: 0": 7706716, "id": "skeptics_26816", "Title": "Has every U.S. presidential election been won by the campaign with the most money?", "Body": "According to Russell Brand:  Every election in American history has been won by the party with the most money to campaign.Let's assume that he means every presidential election.  Has every presidential election in U.S. history been won by the party with the most money to campaign?Edit: To make this question answerable, let's stick to elections recent enough where campaign financing is publicly available.", "top5_tags": "united-states, trains, united-kingdom, germany, canada", "answer_with_body_context": [{"generated_text": " While it is true that campaign financing plays a significant role in U.S. presidential elections, it is not accurate to say that every election has been won by the party with the most money. There have been instances where candidates with less financial resources have won the presidency.\n\nFor example, in the 2016 presidential election, Donald Trump, the Republican candidate, spent less on his campaign than his opponent, Hillary Clinton, the Democratic candidate. Despite having less financial resources, Trump won the election.\n\nAnother example is the 1992 presidential election, where Bill Clinton, the Democratic candidate, spent less than his opponents, George H.W. Bush and Ross Perot. Clinton won the election despite having less campaign funding.\n\nIt is essential to note that while campaign financing is a crucial factor in elections, it is not the sole determinant of the outcome. Other factors, such as the candidates' policies, public image, and the political climate, also play a significant role in determining the winner.\n\nIn conclusion, while campaign financing is an essential aspect of U.S. presidential elections, it is not accurate to say that every election has been won by the party with the most money. There have been instances where candidates with less financial resources have emerged victorious."}], "answer_with_body_base": [{"generated_text": " No, not every U.S. presidential election has been won by the party with the most money to campaign. While campaign financing can play a significant role in elections, it is not the sole determining factor. There have been instances where candidates with less financial resources have won presidential elections.\n\nFor example, in the 1992 presidential election, Bill Clinton, a Democrat, won the presidency despite having less campaign funding than incumbent President George H.W. Bush, a Republican. Clinton's campaign was able to capitalize on the economic recession and the public's desire for change, which helped him secure the presidency.\n\nAnother example is the 2008 presidential election, where Barack Obama, a Democrat, won the presidency with less campaign funding than his Republican opponent, John McCain. Obama's campaign was able to harness the power of grassroots organizing and social media to mobilize supporters and raise funds, which contributed to his victory.\n\nIn conclusion, while campaign financing is an important aspect of U.S. presidential elections, it is not the only factor that determines the outcome. Other factors, such as the candidates' policies, public sentiment, and the political climate, also play a significant role in determining the winner."}]}