{"Unnamed: 0": 198539, "id": "expatriates_1193", "Title": "How can one check his Canadian tax return has been successfully filed after leaving Canada?", "Body": "I lived in Canada last year.  I did a NETFILE system through an online tax company, and it came up with an error.  I tried again, and it still errored, but then returned me to the home page, where it says my return was 'printed and filed'.This makes me uneasy, as at no point did they say 'yay, success' or anything along those lines.  Is there a way to check with CRA from outside the country to see if your return has been filed successfully? I'd hate to get stuck with a late filing.", "top5_tags": "air-travel, online-resources, usa, airlines, legal", "answer_with_body_context": [{"generated_text": " Subject: Checking the Status of Your Canadian Tax Return as an Expat\n\nDear [Recipient's Name],\n\nThank you for reaching out with your concerns about the status of your Canadian tax return. As an expatriate, it is understandable that you may have some apprehension about the filing process, especially when encountering errors during the submission.\n\nTo check the status of your Canadian tax return after leaving the country, you can follow these steps:\n\n1. Visit the Canada Revenue Agency (CRA) website: Go to https://www.canada.ca/en/revenue-agency/services/tax/individuals/internet-services/tax-filing-services/netfile.html.\n\n2. Use the CRA's My Account service: If you have registered for My Account, you can log in and view the status of your tax return. This service is available to Canadian residents and non-residents who have filed their taxes in Canada.\n\n3. Contact the CRA: If you are unable to access My Account or if you have not registered for it, you can contact the CRA directly to inquire about the status of your tax return. You can reach them by phone at 1-800-959-8281 or by email at [email protected] (Note: You may need to provide your social insurance number and other personal information to verify your identity).\n\n4. Consult with your tax preparation service: Since you filed your tax return through an online tax company, you can also contact their customer support to inquire about the status of your return. They may be able to provide you with more information or assist you in resolving any issues.\n\nIn summary, you can check the status of your Canadian tax return by using the CRA's My Account service, contacting the CRA directly, or consulting with your tax preparation service. By following these steps, you can ensure that your tax return has been filed successfully and avoid any potential late filing penalties.\n\nWe hope this information is helpful, and we wish you the best in your tax filing process.\n\nSincerely,\n\n[Your Name]\n[Your Title/Position]\n[Your Contact Information]"}], "answer_with_body_base": [{"generated_text": " To check the status of your Canadian tax return after leaving Canada, you can follow these steps:\n\n1. Visit the Canada Revenue Agency (CRA) website: Go to https://www.canada.ca/en/revenue-agency/services/tax/individuals/international.html.\n\n2. Use the \"My Account\" service: If you have registered for the CRA's \"My Account\" service, you can log in and view the status of your tax return. This service allows you to access your tax information, including the status of your return, from anywhere in the world.\n\n3. Use the CRA's \"View My Account\" service: If you haven't registered for \"My Account,\" you can still check the status of your tax return by visiting https://www.canada.ca/en/revenue-agency/services/tax/individuals/international/view-my-account.html. You will need your social insurance number (SIN) and date of birth to access this service.\n\n4. Contact the CRA: If you are unable to access your tax information online, you can contact the CRA directly to inquire about the status of your tax return. You can call the CRA at 1-800-959-8281 or send an email to the CRA's international tax services at [email protected]\n\n5. Contact your tax preparation service: If you used an online tax company to file your return, you can also contact them to inquire about the status of your return. They may be able to provide you with more information or assist you in contacting the CRA.\n\nRemember to keep a record of any communication you have with the CRA or your tax preparation service, including dates, names, and reference numbers. This will help you track the progress of your tax return and ensure that you have the necessary information in case of any issues."}]}