{"Unnamed: 0": 8038123, "id": "sports_3702", "Title": "Is it allowed to play a cricket match without positioning any fielder as a wicket keeper?", "Body": "In a cricket match , there are total 11 players which we called as playing eleven who will be there fielding and batting for a side.There are different positions on which the fielders can be placed such as a gully,slip,third man etc.In a standard cricket match we can remove fielder from slip and put him at the gully or anywhere else we want(of course within and according the ICC rules for fielding positions).  My question is can we remove a wicket keeper from his position leaving  his field blank(no one behind the stumps) and make him field at the  slip?    Is it required to have a wicket keeper behind the stumps every time?    Is there any rule?", "top5_tags": "cricket, rules, history, meaning, differences", "answer_with_body_context": [{"generated_text": " In cricket, it is mandatory to have a wicket-keeper behind the stumps at all times during a match. According to the Laws of Cricket, specifically Law 27, a team must have a designated wicket-keeper who is responsible for standing behind the wicket and catching the ball if the batsman misses it. The wicket-keeper also plays a crucial role in stumping and run-outs.\n\nWhile the wicket-keeper is an essential part of the team, they can also be used as a fielder in the outfield. However, they must return to their position behind the stumps when the ball is being bowled. This means that the wicket-keeper can be positioned in the slip cordon or any other fielding position, but they must be behind the stumps when the bowler is delivering the ball.\n\nIn summary, it is not allowed to play a cricket match without a wicket-keeper behind the stumps at all times. The wicket-keeper can be used as a fielder in the outfield, but they must return to their position behind the stumps when the ball is being bowled."}], "answer_with_body_base": [{"generated_text": " In cricket, it is mandatory to have a wicket-keeper behind the stumps at all times during a match. According to the Laws of Cricket, specifically Law 27, a team must have a designated wicket-keeper who is responsible for standing behind the wicket and catching the ball if the batsman misses it.\n\nThe wicket-keeper plays a crucial role in the game, not only in catching the ball but also in stumping the batsman and providing a backup catching option for the bowler. The wicket-keeper's position is unique and cannot be substituted by any other fielder.\n\nIf a team decides to remove the wicket-keeper from his position, it would be considered a breach of the rules, and the umpires would intervene. The team would be penalized, and the match could be forfeited in extreme cases.\n\nIn summary, it is not allowed to play a cricket match without a wicket-keeper behind the stumps. The wicket-keeper's position is essential for the proper conduct of the game, and the rules clearly state that a designated wicket-keeper must be present at all times."}]}