{"Unnamed: 0": 201099, "id": "freelancing_656", "Title": "Is pet business insurance required for a dog walking business?", "Body": "My fiance has decided that she wants to start a dog walking business here in Florida.  We've already discussed her forming an LLC to protect her from liability but she also mentioned having dog walking insurance (like this).  I'm a software developer and have only ever freelanced or started a business in that field so I don't know much about dog walking businesses.Is this dog walking or pet business insurance necessary for starting a dog walking business?  If it's not required, is it recommended and/or beneficial to have it or is it just a wasted expense?", "top5_tags": "eyeshield-21, kingdoms-of-amalur-reckoning, xbox-360, call-of-duty-black-ops-2, castlevania-lords-of-shadow", "answer_with_body_context": [{"generated_text": " Dog walking or pet business insurance is not strictly required for starting a dog walking business, but it is highly recommended and beneficial to have it. While forming an LLC can provide some liability protection, it may not cover all potential risks associated with dog walking.\n\nHere are some reasons why pet business insurance is beneficial for a dog walking business:\n\n1. Liability coverage: Dog walking businesses face potential risks such as dog bites, accidents, or injuries to the dog or the owner. Liability insurance can help cover the costs of legal fees, medical expenses, and damages in case of such incidents.\n\n2. Protection for your business: Pet business insurance can help protect your business assets, such as your vehicle, equipment, and supplies, in case of theft, damage, or loss.\n\n3. Professional credibility: Having insurance can help establish your business as a professional and trustworthy service provider. Clients may feel more comfortable hiring a dog walker with insurance, knowing that their pet is in good hands.\n\n4. Peace of mind: Knowing that you have insurance coverage can provide peace of mind for both you and your clients. It can help you focus on providing the best possible service without worrying about potential risks.\n\n5. Requirements from clients: Some clients may require proof of insurance before hiring a dog walker. Having insurance can help you secure more clients and grow your business.\n\nIn conclusion, while pet business insurance is not required for starting a dog walking business, it is highly recommended and beneficial to have it. It can help protect your business, provide peace of mind, and establish your credibility as a professional dog walker."}], "answer_with_body_base": [{"generated_text": " Dog walking insurance, also known as pet business insurance, is not legally required for starting a dog walking business in Florida. However, it is highly recommended and beneficial to have it. Here are a few reasons why:\n\n1. Liability protection: Dog walking businesses involve inherent risks, such as dog bites, accidents, or injuries. Having insurance can help protect your fiance from potential lawsuits and financial losses in case of such incidents.\n\n2. Client trust: Clients are more likely to trust and hire a dog walker who has insurance, as it demonstrates professionalism and a commitment to their pets' safety.\n\n3. Business protection: In addition to liability coverage, pet business insurance can also provide coverage for property damage, theft, and other unforeseen events that could impact your business.\n\n4. Peace of mind: Having insurance can give you and your fiance peace of mind, knowing that you are protected in case of any unfortunate incidents.\n\nIn conclusion, while pet business insurance is not required, it is highly recommended and beneficial for a dog walking business. It is not a wasted expense, but rather an investment in the safety and success of your business. You can research different insurance providers and policies to find one that best suits your needs and budget."}]}