{"Unnamed: 0": 1446831, "id": "islam_45098", "Title": "How to accurately translate \u062a\u0631\u0643 in the context of the hadith \"Between man and polytheism and unbelief is the [abandonment/negligence] of prayer\"?", "Body": "There are two similar ahadith with different translations:\u0625\u0650\u0646\u0651\u064e \u0628\u064e\u064a\u0652\u0646\u064e \u0627\u0644\u0631\u0651\u064e\u062c\u064f\u0644\u0650 \u0648\u064e\u0628\u064e\u064a\u0652\u0646\u064e \u0627\u0644\u0634\u0651\u0650\u0631\u0652\u0643\u0650 \u0648\u064e\u0627\u0644\u0652\u0643\u064f\u0641\u0652\u0631\u0650 \u062a\u064e\u0631\u0652\u0643\u064e \u0627\u0644\u0635\u0651\u064e\u0644\u0627\u064e\u0629\u0650Verily between man and between polytheism and unbelief is the negligence of prayer.Sahih Muslim 82 a\u0628\u064e\u064a\u0652\u0646\u064e \u0627\u0644\u0631\u0651\u064e\u062c\u064f\u0644\u0650 \u0648\u064e\u0628\u064e\u064a\u0652\u0646\u064e \u0627\u0644\u0634\u0651\u0650\u0631\u0652\u0643\u0650 \u0648\u064e\u0627\u0644\u0652\u0643\u064f\u0641\u0652\u0631\u0650 \u062a\u064e\u0631\u0652\u0643\u064f \u0627\u0644\u0635\u0651\u064e\u0644\u0627\u064e\u0629\u0650Between man and polytheism and unbelief is the abandonment of salat.Sahih Muslim 82 bIt looks like the relevant Arabic word is \u062a\u0631\u0643, which Wiktionary translates to to leave, to relinquish.  The impression I get from the English translation is that it means permanently.Question: How to accurately translate \u062a\u0631\u0643 in the context of the hadith \"Between man and polytheism and unbelief is the [abandonment/negligence] of prayer\"?This is relevant to my previous question here: Can someone end up leaving Islam through neglect?Google Translate gives a ranking of translations, favouring \"leave\" over \"neglect\":", "top5_tags": "women, tafseer, nikah, hadith, quran", "answer_with_body_context": [{"generated_text": " In the context of the hadith \"Between man and polytheism and unbelief is the [abandonment/neglect] of prayer,\" the Arabic word \"\u062a\u0631\u0643\" (tarak) can be accurately translated as \"abandonment\" or \"neglect.\" Both translations convey the idea of leaving or relinquishing the obligation of prayer, which is a crucial aspect of Islamic faith.\n\nThe term \"\u062a\u0631\u0643\" (tarak) in Arabic can be used in various contexts, but in this particular hadith, it refers to the act of not fulfilling the religious duty of prayer. The hadith emphasizes the importance of prayer in Islam and warns that neglecting it can lead to a state of disbelief or polytheism.\n\nIn this context, \"abandonment\" and \"neglect\" are both suitable translations for \"\u062a\u0631\u0643\" (tarak), as they both convey the idea of not fulfilling a religious obligation. The choice between the two may depend on the translator's preference or the context in which the hadith is being discussed.\n\nAs for the question of whether someone can leave Islam through neglect, it is essential to understand that Islamic scholars have different opinions on this matter. Some scholars argue that neglecting religious duties, such as prayer, can lead to a state of disbelief, while others believe that it is not sufficient to cause someone to leave Islam. Ultimately, the matter is a complex one and may depend on the individual's intentions and circumstances."}], "answer_with_body_base": [{"generated_text": " In the context of the hadith \"Between man and polytheism and unbelief is the [abandonment/neglect] of prayer,\" the Arabic word \"\u062a\u0631\u0643\" (tarak) can be accurately translated as \"abandonment\" or \"neglect.\" Both translations convey the idea of leaving or relinquishing the obligation of prayer, which is a crucial aspect of Islamic faith.\n\nThe term \"\u062a\u0631\u0643\" (tarak) in Arabic can be used in various contexts, but in this particular hadith, it refers to the act of not fulfilling the religious duty of prayer. The translations \"abandonment\" and \"neglect\" both capture the essence of the original Arabic term, emphasizing the importance of maintaining regular prayer as a means of avoiding polytheism and unbelief.\n\nIn conclusion, the most accurate translations of \"\u062a\u0631\u0643\" (tarak) in the context of the hadith would be \"abandonment\" or \"neglect\" of prayer, as both convey the idea of leaving or relinquishing the obligation of prayer, which is a significant aspect of Islamic faith."}]}