{"Unnamed: 0": 6110, "id": "anime_27376", "Title": "Is Garp the only Vice Admiral to have a customized ship?", "Body": "After watching One Piece for about 500 episodes I noticed that I have only seen Garp with a customized naval ship. The theme of his ship is a dog theme like the mask he was seen wearing early on in the series. I was wondering if there are any other personnel within the Navy that have a customized ship instead of the standard design. (Canon only)Garp's Ship:", "top5_tags": "one-piece, hunter-x-hunter, united-states, investing, 401k", "answer_with_body_context": [{"generated_text": " In the world of One Piece, Vice Admiral Garp is indeed known for having a customized ship with a unique dog theme, which reflects his personal style and preferences. However, he is not the only naval officer to have a customized ship.\n\nOne notable example is Admiral Kizaru, who has a ship with a distinctive design featuring a blue and white color scheme, and a large, glowing \"K\" on the front. This ship is called the \"Blue Thunder\" and is equipped with advanced technology, including the ability to fly and shoot powerful energy beams.\n\nAnother example is Admiral Fujitora, who has a ship called the \"Sky Poseidon.\" This ship is designed to resemble a giant wave and is equipped with a powerful cannon that can fire a massive water-based attack.\n\nAdditionally, Admiral Aokiji's ship, the \"Iceberg,\" is also customized to match his ice-based abilities. The ship is designed to resemble a massive iceberg and is equipped with a freezing cannon that can create massive ice formations.\n\nIn conclusion, while Vice Admiral Garp's ship is one of the most recognizable customized naval ships in One Piece, he is not the only naval officer to have a ship with a unique design. Admirals Kizaru, Fujitora, and Aokiji also have customized ships that reflect their individual abilities and personalities."}], "answer_with_body_base": [{"generated_text": " In the One Piece universe, Vice Admiral Garp is indeed known for having a customized ship with a dog theme, which reflects his personal style and preferences. However, he is not the only naval officer to have a customized ship.\n\nOne notable example is Admiral Kizaru, who has a ship with a unique design featuring a blue and white color scheme, and a distinctive \"K\" symbol on the front. This ship is not only customized but also equipped with advanced technology, such as the ability to transform into a submarine.\n\nAnother example is Admiral Fujitora, who has a ship with a distinctive design featuring a red and black color scheme, and a large, ornate dragon-shaped figurehead. This ship is also equipped with advanced technology, such as the ability to create a powerful shockwave.\n\nIn conclusion, while Garp's ship is one of the most recognizable customized naval ships in One Piece, he is not the only naval officer to have a customized ship. Other high-ranking officers, such as Admirals Kizaru and Fujitora, also have ships with unique designs and advanced technology."}]}