{"Unnamed: 0": 1434731, "id": "genealogy_12242", "Title": "What happened to Gustav Adolf Neumann, 1859 immigrant to the US?", "Body": "According to notes passed down by my granddad (from an unknown source), I have an relative, Gustav Adolf Neumann, who was born 1824 in Leipzig, Saxony, and who eventually immigrated to the United states, arriving on the sailing ship Louisiana in 1858/1859 from Bremen, Germany, to New York, USA -- see the ship manifest New York Passenger Lists, 1820-1891 and the general United States Germans to America Index, 1850-1897. (I know that the birth year on the passenger list is estimated as 1825, but this is a proven mistake, due to a calculation error in the databases linked above.)I found potential informatiopn that he might have fought in the US Civil War -- either in the 7th Regiment, New York Infantry or in the 75th Regiment, Pennsylvania Infantry or in the 15th Regiment, New York Heavy Artillery, as seen on the U.S. National Park Service's Soldiers and Sailors Database. But there is no (dis-)proof yet.Where can I look for more records about his whereabouts, death, marriage or eventual army records?Search results from U.S. National Park Service Soldiers and Sailors Database:  Results for Soldiers Showing Results 1 - 3 of 3Neumann , GustavBattle Unit Name: 75th Regiment, Pennsylvania InfantrySide:  UnionNeumann , GustaveBattle Unit Name: 15th Regiment, New York Heavy ArtillerySide: UnionNeumann , GustavBattle Unit Name: 7th Regiment, New York InfantrySide: Union(No results with the same search for Confederate Soldiers.)Addendum:After a break, I continued the search for Gustav Adolf Neumann whereabouts. I tried the following collections on familysearch: New York Deaths and Burials, 1795-1952New York Marriages, 1686-1980New York Naturalization Index (Soundex), 1792-1906New York State Census, 1865 without any results.Do you have any suggestions where to look online for Gustav Adolf Neumann (1824-?)?If he was fighting in the American Civil War, he might have been killed/went missing in action. Is there a \"complete\" list of all/most fallen soldiers during that war somewhere?How likely was it that Gustav Adolf changed his name to one more English and, if so, which would it be given his original names?", "top5_tags": "gramps, germany, immigration, united-states, phd", "answer_with_body_context": [{"generated_text": " To further your research on Gustav Adolf Neumann, you can explore the following resources and strategies:\n\n1. U.S. Federal Census Records: Search for Gustav Adolf Neumann in the U.S. Federal Census records from 1860 to 1930. These records can provide information on his residence, occupation, and family members.\n\n2. U.S. Military Pension Records: If Gustav Adolf Neumann served in the Civil War, he may have applied for a military pension. Search the National Archives' Civil War Pension Index for any records related to him.\n\n3. Newspapers: Search for obituaries, news articles, and other mentions of Gustav Adolf Neumann in newspapers from the time period. Newspapers.com and Chronicling America are two online databases that can help you with this search.\n\n4. Probate Records: Check for probate records in the county where Gustav Adolf Neumann lived. These records can provide information on his death, estate, and family members.\n\n5. Local Historical Societies and Libraries: Contact local historical societies and libraries in the areas where Gustav Adolf Neumann lived. They may have additional resources or suggestions for your research.\n\n6. DNA Testing: Consider taking a DNA test through a genealogy service like AncestryDNA or 23andMe. This can help you connect with potential relatives and learn more about your family history.\n\nAs for a \"complete\" list of fallen soldiers during the American Civil War, the National Park Service's Soldiers and Sailors Database is a comprehensive resource, but it may not be exhaustive. The American Battlefield Trust also maintains a database of Civil War casualties, which can be found at https://www.battlefields.org/learn/civil-war-casualties.\n\nRegarding name changes, it was not uncommon for immigrants to anglicize their names upon arrival in the United States. Some possible English equivalents for Gustav Adolf Neumann could be:\n\n1. Gustavus Adolphus Neumann\n2. Gustav Neumann\n3. Adolphus Neumann\n\nYou can search for these variations in your research to see if they yield any additional results."}], "answer_with_body_base": [{"generated_text": " To further your research on Gustav Adolf Neumann, you can explore the following resources:\n\n1. U.S. Federal Census Records: Search for Gustav Adolf Neumann in the U.S. Federal Census records from 1860 to 1930. These records can provide information on his residence, occupation, and family members.\n\n2. U.S. Civil War Pension Records: If Gustav Adolf Neumann served in the Civil War, he may have applied for a pension. Search the National Archives' Civil War Pension Index for any records related to him.\n\n3. New York City Vital Records: Check the New York City Municipal Archives for birth, marriage, and death records from the late 19th century.\n\n4. New York State Military Records: Search the New York State Military Museum and Veterans Research Center for Gustav Adolf Neumann's military service records.\n\n5. Newspapers: Search digitized newspapers from the time period for any mentions of Gustav Adolf Neumann, especially in relation to the Civil War or his life after immigration.\n\n6. German Emigration Records: Since Gustav Adolf Neumann immigrated from Germany, you can search German emigration records for any additional information about his life before coming to the United States.\n\nAs for a \"complete\" list of fallen soldiers during the American Civil War, the National Park Service's Soldiers and Sailors Database is a comprehensive resource, but it may not be exhaustive. You can also explore the Civil War Trust's \"Casualty Lists\" and the American Battlefield Trust's \"Civil War Soldiers and Sailors System\" for additional information.\n\nRegarding a name change, it is possible that Gustav Adolf Neumann changed his name to something more English-sounding. Common name changes for German immigrants included Gustavus Adolphus to Gustavus or Gustav, Adolf to Adolph, and Neumann to Newman. However, without concrete evidence, it is difficult to determine if Gustav Adolf Neumann changed his name."}]}