{"Unnamed: 0": 1446828, "id": "islam_45054", "Title": "What are \"divining arrows\" in Qur'an 5:3 and Qur'an 5:90?", "Body": "The Qur'an contains the following:... and [prohibited is] that you seek decision through divining arrows** ... -- Qur'an 5:3O you who have believed, indeed, intoxicants, gambling, [sacrificing on] stone alters [to other than Allah ], and divining arrows are but defilement from the work of Satan, so avoid it that you may be successful. -- Qur'an 5:90I'm curious as to precisely what \"divining arrows\" is referring to.Question: What are \"divining arrows\" in Qur'an 5:3 and Qur'an 5:90?Google suggests it's some kind of magic, fortune telling, or witchcraft.  This post gives an example of someone throwing arrows into the air, and where they land resulting in a decision being made.But I'm still not sure what this \"divining arrows\" is about.", "top5_tags": "women, tafseer, nikah, hadith, quran", "answer_with_body_context": [{"generated_text": " \"Divining arrows\" in the Qur'an, specifically in verses 5:3 and 5:90, refer to a form of divination or fortune-telling that was practiced in pre-Islamic Arabia and other cultures. This practice involved using arrows or other objects to seek guidance or make decisions based on their placement or the outcome of their use.\n\nIn the context of the Qur'an, the term \"divining arrows\" is mentioned as one of the prohibited activities for Muslims. The verses emphasize that seeking decisions through divining arrows is considered a form of defilement from the work of Satan, and Muslims are advised to avoid such practices in order to be successful in their faith.\n\nThe practice of divining arrows involved inscribing arrows with different options or outcomes, and then throwing them or shooting them into the air. The direction or position in which the arrows landed would then be interpreted as a sign or guidance for the person seeking a decision. This method of divination was believed to be influenced by supernatural forces or spirits, and it was considered a form of witchcraft or magic.\n\nIn Islam, the belief is that guidance and decisions should come from Allah, and Muslims are encouraged to seek knowledge, wisdom, and understanding through prayer, reflection, and consultation with knowledgeable individuals. The prohibition of divining arrows and other forms of divination in the Qur'an serves as a reminder for Muslims to rely on their faith and trust in Allah's wisdom, rather than seeking guidance through superstitious or un-Islamic practices."}], "answer_with_body_base": [{"generated_text": " \"Divining arrows\" in Qur'an 5:3 and Qur'an 5:90 refer to a form of divination or fortune-telling that was practiced in pre-Islamic Arabia and other ancient cultures. This practice involved using arrows or other objects inscribed with symbols or names to seek guidance or make decisions. The arrows would be thrown or cast, and the outcome or position of the arrows would be interpreted to provide answers or insights.\n\nIn the context of these verses, the Qur'an condemns the use of divining arrows as a form of seeking guidance or making decisions, as it is considered a form of sorcery or witchcraft that is associated with the work of Satan. The verses emphasize that believers should avoid such practices and instead rely on faith, prayer, and trust in Allah for guidance and decision-making.\n\nThe practice of divining arrows is not unique to the Arabian Peninsula and has been found in various cultures throughout history. However, in the Islamic context, the Qur'an explicitly prohibits the use of divining arrows and other forms of divination, as they are seen as a means of seeking guidance from sources other than Allah."}]}