{"Unnamed: 0": 8049944, "id": "workplace_145431", "Title": "What does permanent full-time position mean in Sweden?", "Body": "What does permanent full-time position mean in Sweden? Does that mean it is a lifetime guaranty for the whole working life period? Or such a work is rare in Europe?", "top5_tags": "word-choice, contracts, meaning, resignation, human-resources", "answer_with_body_context": [{"generated_text": " In Sweden, a permanent full-time position refers to a job where an employee is hired on an indefinite basis and is expected to work a standard number of hours per week, typically around 37-40 hours. This type of employment contract does not have a predetermined end date, and the employee is generally entitled to the same benefits and protections as other full-time employees, such as paid vacation, sick leave, and pension contributions.\n\nHowever, a permanent full-time position does not guarantee employment for the entire working life of the employee. Employers in Sweden have the right to terminate the employment contract if there is a legitimate reason, such as economic difficulties, restructuring, or poor performance. In such cases, the employer is required to follow the proper legal procedures and provide the employee with a notice period and severance pay, if applicable.\n\nPermanent full-time positions are not rare in Sweden, as the country has a strong labor market and a high level of job security. In fact, Sweden is known for its strong social welfare system and labor laws that protect employees' rights and provide a high level of job security.\n\nIn summary, a permanent full-time position in Sweden means an indefinite employment contract with standard working hours and benefits, but it does not guarantee lifetime employment. Employers can still terminate the contract under certain circumstances, but they must follow the proper legal procedures and provide the employee with appropriate compensation."}], "answer_with_body_base": [{"generated_text": " In Sweden, a permanent full-time position refers to a job where an employee is hired on an ongoing basis, typically working a standard number of hours per week (usually around 37-40 hours). This type of employment contract does not have a predetermined end date, and the employee is expected to continue working for the employer until either party decides to terminate the contract.\n\nHowever, it is essential to note that a permanent full-time position does not guarantee employment for the entire working life period. In Sweden, as in many other European countries, employment contracts can be terminated by either the employer or the employee, provided that the proper legal procedures are followed.\n\nTermination of a permanent full-time position in Sweden can occur for various reasons, such as:\n\n1. Redundancy: If the employer needs to reduce the workforce due to financial difficulties or restructuring, they may terminate the employment contracts of some employees.\n\n2. Mutual agreement: The employer and employee can mutually agree to terminate the employment contract.\n\n3. Gross misconduct: If an employee engages in serious misconduct, the employer may terminate the employment contract.\n\n4. Employee resignation: An employee can choose to resign from their position, ending the employment contract.\n\nWhile permanent full-time positions are common in Sweden, they are not unique to the country. Many European countries offer similar employment contracts, and the concept of permanent employment is widely practiced across the continent.\n\nIn summary, a permanent full-time position in Sweden means that an employee is hired on an ongoing basis, working a standard number of hours per week. However, it does not guarantee employment for the entire working life period, as employment contracts can be terminated by either the employer or the employee under specific circumstances."}]}