{"Unnamed: 0": 3891199, "id": "music_38352", "Title": "Is there a specific name for the arpeggio symbol?", "Body": "Is there a specific name for the squiggly arpeggio symbol? If so, are there different names for arpeggio symbols that point up or down or spans both clefs?I find having to write out \"arpeggio symbol\" so much gets old, but I'm guessing there isn't a better way.This does seem like a pointless question, but some symbols have their own names aside from the names of what they stand for.", "top5_tags": "star-wars-battlefront-2015, plot-explanation, united-states, star-wars, the-empire-strikes-back", "answer_with_body_context": [{"generated_text": " Yes, there is a specific name for the squiggly arpeggio symbol in music notation. It is called a \"wavy line\" or \"broken chord\" symbol. The wavy line indicates that the notes of a chord should be played in succession, rather than simultaneously.\n\nThere are no different names for arpeggio symbols that point up or down or span both clefs. The direction of the wavy line does not change the name of the symbol. However, the direction of the wavy line can indicate the direction in which the arpeggio should be played. A wavy line pointing upwards suggests that the notes should be played ascending, while a wavy line pointing downwards suggests a descending arpeggio.\n\nWhile it may seem like a pointless question, it is helpful to know the specific name for the arpeggio symbol, especially when communicating with other musicians or when reading music. The term \"arpeggio\" is widely understood, but using the term \"wavy line\" or \"broken chord\" symbol can help to clarify the notation and make it easier to understand for those who may not be familiar with the term \"arpeggio.\""}], "answer_with_body_base": [{"generated_text": " Yes, there is a specific name for the squiggly arpeggio symbol, and it is called a \"wavy line\" or \"arpeggiation mark.\" This symbol indicates that the notes should be played in a broken, ascending or descending order, rather than simultaneously.\n\nThere are no different names for arpeggio symbols that point up or down or span both clefs. However, the direction of the wavy line indicates the direction of the arpeggio. An upward-pointing wavy line indicates an ascending arpeggio, while a downward-pointing wavy line indicates a descending arpeggio.\n\nWhile it may seem like a pointless question, it is always helpful to have a specific term for a symbol, especially when communicating with other musicians or when writing about music. In this case, you can use the term \"wavy line\" or \"arpeggiation mark\" to refer to the arpeggio symbol."}]}