{"Unnamed: 0": 1432226, "id": "gardening_24226", "Title": "What is this small red fruit with a passion fruit like pulp inside?", "Body": "Can anyone identify this fruit?  Its ripening now, which is early autumn here in New Zealand.", "top5_tags": "brazilian-jiu-jitsu, equipment, gi, uniform, history", "answer_with_body_context": [{"generated_text": " Based on your description, the small red fruit with passion fruit-like pulp inside that you've found in New Zealand during early autumn could likely be a New Zealand Red Passionfruit (Actinidia cheongii). This fruit is native to New Zealand and is known for its vibrant red exterior and delicious, tangy pulp that resembles the flavor of a passion fruit.\n\nThe New Zealand Red Passionfruit is a type of kiwifruit, and it is smaller in size compared to the more common green kiwifruit (Actinidia deliciosa). The fruit is rich in vitamins, minerals, and antioxidants, making it a healthy and tasty addition to your diet.\n\nTo enjoy the New Zealand Red Passionfruit, you can cut it in half and scoop out the pulp with a spoon. The pulp can be eaten fresh, added to smoothies, or used in desserts like pavlova or fruit salads.\n\nIf you're interested in growing your own New Zealand Red Passionfruit, they thrive in a temperate climate with well-drained soil and full sun exposure. They can be grown as a vine on a trellis or fence, and they typically take around 3-4 years to start producing fruit.\n\nI hope this information helps you identify and enjoy the New Zealand Red Passionfruit!"}], "answer_with_body_base": [{"generated_text": " Based on your description, the small red fruit with passion fruit-like pulp inside that you're referring to is likely a \"Cape Gooseberry\" (Physalis peruviana), also known as \"Peruvian groundcherry\" or \"poha\". This fruit is native to South America but is now grown in various parts of the world, including New Zealand.\n\nCape Gooseberries have a papery husk that encloses the fruit, similar to the husk of a passion fruit. The pulp inside is tangy and sweet, with a texture and flavor reminiscent of passion fruit. They are typically harvested in late summer to early autumn, which aligns with your observation of ripening in early autumn in New Zealand.\n\nYou can enjoy Cape Gooseberries raw, or use them in various recipes such as jams, jellies, pies, and desserts. They are also a good source of vitamin C and dietary fiber."}]}