{"Unnamed: 0": 1467671, "id": "movies_100882", "Title": "Is \"Masterpieces of the British Museum\" cancelled?", "Body": "From the BBC Four, I can see that the last episode of Masterpieces of the British Museum was aired in 2009. In the \"Next episode\" it says \"Coming soon\".IMDb has the ending year void yet, like it is still ongoing. However, we are ten years  after the 4th episode.Are the rest two episodes going to be aired, or is it cancelled?", "top5_tags": "usa, san-francisco, california, europe, air-travel", "answer_with_body_context": [{"generated_text": " Based on the information you provided, it seems that the series \"Masterpieces of the British Museum\" aired its last episode in 2009 on BBC Four. The \"Coming soon\" message might have been a placeholder at the time, and it's possible that the series has not been continued since then.\n\nIMDb's lack of an ending year could be due to the fact that the series is not officially cancelled, but it also doesn't mean that new episodes are in the works. It's not uncommon for some series to have incomplete information on IMDb.\n\nAs of now, there is no official announcement or news about the continuation of the series or the release of the remaining two episodes. It's possible that the series has been put on hold indefinitely or that the producers have decided not to continue it.\n\nIn conclusion, it's safe to say that \"Masterpieces of the British Museum\" has not been continued since its last episode in 2009, and there is no information available about the release of the remaining two episodes. However, this doesn't necessarily mean that the series is officially cancelled, as there could be other factors at play."}], "answer_with_body_base": [{"generated_text": " The series \"Masterpieces of the British Museum\" aired its last episode in 2009 on BBC Four. While the \"Next episode\" information on the BBC Four website may have suggested a continuation, it appears that the series has not been renewed for further episodes. The fact that IMDb still lists the ending year as void could be due to the lack of updated information.\n\nAs of now, there are no official announcements or plans to air the remaining two episodes of the series. It is safe to assume that the series has been effectively cancelled, and there are no immediate plans to revive it. However, you can still enjoy the four episodes that have been aired, as they provide a fascinating insight into the British Museum's collection."}]}