{"Unnamed: 0": 8038665, "id": "sustainability_4326", "Title": "Green social media to connect with nearby people to help reduce carbon footprint", "Body": "I find that it's difficult to associate with other sustainable thinkers, especially with the biggest sustainability challenge of them all - global warming.Is there some really famous green social media network / plug-in that I could use to associate with nearby sustainable/green thinkers?I would really like to make my carbon footprint as small as possible, and nearby people would help.Almost all of the websites in this list found on Google are dead or dying...", "top5_tags": "software-industry, carbon-sequestration, carbon-footprint, colleagues, resume", "answer_with_body_context": [{"generated_text": " Answer:\n\nIt's great to hear that you're interested in connecting with like-minded individuals to reduce your carbon footprint and combat global warming. While there may not be a single, universally famous green social media network, there are several platforms and tools that can help you connect with local sustainable thinkers and communities. Here are a few suggestions:\n\n1. Meetup: This platform allows you to join or create local groups based on shared interests, including sustainability and environmentalism. You can find events, workshops, and gatherings in your area to meet and collaborate with others who share your passion for sustainability.\n\n2. Nextdoor: This hyperlocal social network connects neighbors and allows you to engage with people in your immediate vicinity. You can join or create a sustainability-focused group in your neighborhood to share ideas, resources, and initiatives.\n\n3. Facebook Groups: There are numerous local and global sustainability-focused Facebook groups that you can join to connect with like-minded individuals. Some examples include \"Sustainable Living\" and \"Zero Waste Lifestyle.\"\n\n4. GoodGuide: This app helps you find sustainable products and services in your area, as well as connect with other eco-conscious consumers. You can also join the GoodGuide community to share tips and advice on living a more sustainable lifestyle.\n\n5. Local environmental organizations: Many cities and towns have local environmental organizations that host events, workshops, and volunteer opportunities. Joining one of these organizations can help you connect with others in your community who are passionate about sustainability.\n\n6. Sustainable Cities Collective: This online platform connects people interested in sustainable urban development and offers a variety of resources, including articles, events, and networking opportunities.\n\nRemember that building a strong local network of sustainable thinkers can be a powerful way to make a positive impact on the environment. By collaborating with others in your community, you can share ideas, resources, and initiatives to help reduce your collective carbon footprint and promote a more sustainable future."}], "answer_with_body_base": [{"generated_text": " There are several green social media platforms and networks that you can use to connect with like-minded individuals in your area and work together to reduce your carbon footprint. Here are a few options that you might find helpful:\n\n1. GreenMatters: This is a popular online platform that focuses on sustainability and environmental issues. It features articles, videos, and social media content that can help you stay informed and connected with others who share your passion for the environment.\n\n2. GreenMatch: This is a dating app that connects people who are passionate about sustainability and the environment. It's a great way to meet like-minded individuals in your area and potentially form lasting relationships with people who share your values.\n\n3. Meetup: While not exclusively focused on sustainability, Meetup is a great platform for finding local groups and events related to environmental issues. You can search for groups in your area that focus on sustainability, and attend events to meet and connect with others who share your passion.\n\n4. Nextdoor: This is a hyper-local social network that connects neighbors in your area. You can use it to find and connect with other sustainable thinkers in your community, and even organize local events and initiatives to reduce your collective carbon footprint.\n\n5. Facebook Groups: There are numerous Facebook groups dedicated to sustainability and environmental issues. You can search for groups in your area or join national groups to connect with like-minded individuals and share ideas and resources.\n\n6. GoodGuide: This is a social network that helps you find and connect with sustainable brands and products. You can use it to discover eco-friendly businesses in your area and connect with others who are passionate about supporting sustainable practices.\n\nRemember that reducing your carbon footprint is a collective effort, and connecting with others in your community can help you make a bigger impact. By joining these green social media networks and platforms, you can find and connect with like-minded individuals in your area and work together to create a more sustainable future."}]}