{"Unnamed: 0": 1455697, "id": "law_12078", "Title": "Is a movie from 1955 completely copyright free?", "Body": "I'm wondering if a movie of 1955 is completely copyright free and so if I'm allowed to write and add English subtitles, and distribute it (per download or stream).It's a Dutch movie and I want it to be accessible with English subtitles for everyone to download and see it. To share about Dutch history and culture in The Netherlands.", "top5_tags": "internet, dermatology, virus, vitiligo, vaccination", "answer_with_body_context": [{"generated_text": " In general, a movie from 1955 is not automatically completely copyright-free. Copyright laws vary by country, but in most cases, the copyright term for a movie is the life of the author plus 50 to 70 years, depending on the jurisdiction.\n\nFor a Dutch movie from 1955, the copyright term in the Netherlands is 70 years after the death of the last surviving author. If the last surviving author passed away more than 70 years ago, the movie may be in the public domain, and you would be free to write and add English subtitles, distribute it, and make it available for download or streaming.\n\nHowever, if the last surviving author passed away less than 70 years ago, the movie is still under copyright protection, and you would need to obtain permission from the copyright holder before adding subtitles, distributing, or making it available for download or streaming.\n\nTo determine the copyright status of the specific movie you are interested in, you should research the life and death dates of the authors involved in the production. If the movie is in the public domain, you can proceed with your project. If it is still under copyright, you should contact the copyright holder to request permission to use the movie for your purposes.\n\nAdditionally, you should be aware that even if the movie is in the public domain, there may be other rights or restrictions that apply, such as trademark rights or rights related to the use of specific images or music in the movie. It is essential to conduct thorough research and possibly consult with a legal professional to ensure that you are not infringing on any rights when using the movie for your project."}], "answer_with_body_base": [{"generated_text": " A movie from 1955 may or may not be completely copyright-free, depending on various factors such as the country of origin, the copyright laws in place at the time of its creation, and whether the copyright has been renewed or expired.\n\nIn the case of a Dutch movie from 1955, you would need to check the copyright laws in the Netherlands to determine if the movie is in the public domain. In general, copyright protection lasts for the life of the author plus 70 years in the Netherlands. If the author of the movie passed away more than 70 years ago, the movie may be in the public domain.\n\nHowever, if the movie is still under copyright protection, you would need to obtain permission from the copyright holder to write and add English subtitles, and distribute it. This could involve contacting the rights holder, negotiating a license, and potentially paying a fee.\n\nIf the movie is in the public domain, you may be able to create and distribute English subtitles without obtaining permission. However, it's essential to ensure that the subtitles themselves do not infringe on any other copyrighted material, such as quotes or images.\n\nIn summary, to determine if a 1955 Dutch movie is completely copyright-free, you should research the copyright laws in the Netherlands and the specific circumstances of the movie's creation. If the movie is still under copyright protection, you will need to obtain permission from the rights holder before creating and distributing English subtitles. If the movie is in the public domain, you may be able to proceed without obtaining permission, but you should still be cautious about potential copyright infringement in your subtitles."}]}