{"Unnamed: 0": 8038095, "id": "sports_3421", "Title": "Formula 1 Free practice without a super licence", "Body": "Formula One drivers must have an FIA Super Licence, but what about (young) drivers who take part only in free practice sessions? Are they allowed to drive without the license?", "top5_tags": "germany, automobiles, legal, driving, regulations", "answer_with_body_context": [{"generated_text": " In Formula 1, drivers are required to hold an FIA Super Licence to participate in the race weekends. However, for young or inexperienced drivers who are only participating in free practice sessions, there are provisions in place to allow them to drive without a full Super Licence.\n\nThese drivers can obtain a Free Practice Only (FPO) Super Licence, which is a temporary licence that allows them to participate in free practice sessions only. The FPO licence is valid for a limited period, typically one year, and can be renewed if the driver continues to participate in free practice sessions.\n\nTo obtain an FPO licence, the driver must meet certain criteria, such as having a valid racing licence and completing a minimum number of race starts in junior categories. Additionally, the driver must pass a medical examination and complete an FIA-approved driving test.\n\nIn summary, while a full FIA Super Licence is required for drivers to participate in race weekends, young or inexperienced drivers can obtain a Free Practice Only Super Licence to participate in free practice sessions. This allows them to gain valuable experience and exposure to Formula 1 racing while working towards obtaining a full Super Licence."}], "answer_with_body_base": [{"generated_text": " Drivers who participate only in Formula 1 free practice sessions are not required to hold an FIA Super Licence. However, they must still meet certain criteria and obtain a valid FIA International Grade A, B, or C racing licence, depending on their level of experience and the specific regulations in place at the time.\n\nThe FIA International Grade A licence is the highest level of racing licence and is required for drivers who wish to compete in Formula 1 races. The Grade B licence is for drivers who wish to compete in Formula 2 or Formula 3 races, while the Grade C licence is for drivers who wish to compete in lower-level racing series.\n\nIn summary, while drivers who only participate in Formula 1 free practice sessions do not need an FIA Super Licence, they must still hold a valid FIA International Grade A, B, or C racing licence, depending on their experience and the regulations in place."}]}