{"Unnamed: 0": 1013, "id": "academia_126488", "Title": "Is software developed by publicly funded research groups legally public domain?", "Body": "In the United States, if a university lab develops code while receiving public funding, are they legally obligated to release their source code?", "top5_tags": "united-states, hedging, options, income-tax, tax-deduction", "answer_with_body_context": [{"generated_text": " In the United States, the legal status of software developed by publicly funded research groups, such as university labs, is not automatically considered public domain. The obligation to release the source code depends on the terms and conditions of the funding agreement and the applicable laws and regulations.\n\nPublic funding agencies may have specific requirements for the dissemination of research results, including software developed with their funds. For example, the National Institutes of Health (NIH) has a policy that requires investigators to share research data, including software, in a timely manner to ensure that the data are accessible to the scientific community.\n\nHowever, the specific terms of the funding agreement may also play a role in determining whether the software must be released. Some funding agreements may require the release of the source code, while others may not. In some cases, the software may be subject to intellectual property rights, such as copyright or patents, which may limit its distribution.\n\nIn summary, the legal status of software developed by publicly funded research groups in the United States depends on the terms of the funding agreement and the applicable laws and regulations. It is essential for researchers to understand the requirements of their funding agencies and to consult with legal experts to ensure compliance with the relevant rules and regulations."}], "answer_with_body_base": [{"generated_text": " In the United States, the legal status of software developed by publicly funded research groups, such as university labs, is not automatically considered public domain. The obligation to release the source code depends on the terms and conditions of the funding agreement and the applicable laws and regulations.\n\nFor instance, if the funding comes from the National Institutes of Health (NIH), the NIH Public Access Policy requires that all peer-reviewed publications resulting from NIH-funded research be made publicly available on PubMed Central within 12 months of publication. However, this policy does not explicitly require the release of source code.\n\nSimilarly, the National Science Foundation (NSF) has a policy that encourages the sharing of research results, but it does not mandate the release of source code.\n\nIn some cases, the funding agency may require the release of the source code as a condition of the grant. For example, the Department of Energy (DOE) has a policy that encourages the release of software developed with DOE funding, but it is not a strict requirement.\n\nIn conclusion, while publicly funded research groups may be encouraged to release their source code, they are not legally obligated to do so in all cases. The specific terms and conditions of the funding agreement and the applicable laws and regulations will determine whether the source code must be released."}]}