{"Unnamed: 0": 8039973, "id": "travel_117187", "Title": "Where near Melbourne Victoria Australia can I see snow without needing chains?", "Body": "I want to take the kids to see the snow but I don't want to stay overnight and Ideally, I want them to have a play but without having to be too involved such as getting chains on the car or staying overnight. This is based on the greater Melbourne area in Victoria Australia. ", "top5_tags": "australia, united-states, politics, covid-19, medical-science", "answer_with_body_context": [{"generated_text": " In the greater Melbourne area, you can visit Mount Donna Buang, which is the closest snow-covered mountain to Melbourne. It's a great option for a day trip with the kids, as it offers a snowy playground without the need for chains or an overnight stay.\n\nMount Donna Buang is located about 90 kilometers northeast of Melbourne and is accessible via the Maroondah Highway. The road is well-maintained and doesn't require chains, but it's always a good idea to check the road conditions before you set off.\n\nOnce you reach the summit, you'll find a car park, picnic area, and a playground for the kids to enjoy. The snow-covered slopes are perfect for sledding and snowball fights. There are also several walking tracks for those who want to explore the surrounding bushland.\n\nFor a more comfortable experience, you can visit the Mount Donna Buang Chalet, which offers a caf\u00e9, toilets, and a small shop. The chalet is open during the snow season, and you can purchase hot chocolate and snacks for the kids.\n\nRemember to dress warmly and bring appropriate snow gear for the kids, as temperatures can be quite chilly at the summit. Also, keep in mind that snow conditions can vary, so it's best to check the weather forecast and snow reports before you go.\n\nIn summary, Mount Donna Buang is a great option for a day trip to see snow near Melbourne without the need for chains or an overnight stay. It offers a fun and accessible snow playground for the whole family to enjoy."}], "answer_with_body_base": [{"generated_text": " In the greater Melbourne area, you can visit Mount Donna Buang, which is the closest snow-covered mountain to Melbourne. It's a popular spot for families to visit during the winter months, and it's a great place for the kids to play in the snow without the need for chains or an overnight stay.\n\nMount Donna Buang is located approximately 90 kilometers northeast of Melbourne, and it's accessible via the Maroondah Highway. The road is well-maintained, and chains are not required for most of the year. However, it's always a good idea to check the road conditions before you go, as weather and snowfall can vary.\n\nOnce you reach the summit, you'll find a car park, picnic area, and a small ski resort with a toboggan run and snow play area. The kids can enjoy sledding and building snowmen, and there are also some walking tracks for those who want to explore the snowy landscape.\n\nRemember to dress warmly and bring appropriate winter gear, such as gloves, hats, and waterproof boots. Also, be sure to check the weather forecast and road conditions before you head out, and plan your trip accordingly.\n\nIn summary, Mount Donna Buang is a great option for families in the greater Melbourne area who want to experience snow without the need for chains or an overnight stay. It's a fun and accessible destination for a day trip, and the kids will love playing in the snow."}]}