{"Unnamed: 0": 1432223, "id": "gardening_24218", "Title": "What are these plants growing on my lawn?", "Body": "I have these leaves sprouting all over my lawn and property. What is it? Should I be worried?NOTE: This is in Wisconsin.", "top5_tags": "plumbing, technique, electrical, design, building-regulations", "answer_with_body_context": [{"generated_text": " Based on your description, it sounds like you may be dealing with a common lawn weed called dandelions (Taraxacum officinale). Dandelions are widespread in Wisconsin and can be easily identified by their bright yellow flowers, jagged leaves, and fluffy seed heads.\n\nWhile dandelions are often considered a nuisance, they are not harmful to your lawn or property. In fact, they can provide some benefits, such as attracting pollinators and adding nutrients to the soil. However, if you prefer a more manicured lawn, you may want to consider controlling their growth.\n\nThere are several methods to manage dandelions, including:\n\n1. Hand-pulling: This is the most environmentally friendly option, but it can be time-consuming and labor-intensive. Make sure to remove the entire root to prevent regrowth.\n\n2. Pre-emergent herbicides: Apply these in early spring to prevent dandelion seeds from germinating.\n\n3. Post-emergent herbicides: These can be applied to existing dandelions to kill them. Be sure to follow the instructions on the label and avoid using chemicals that may harm other plants or wildlife.\n\n4. Improve lawn health: A healthy, dense lawn can help prevent dandelions from taking root. Regularly mow your lawn, water deeply but infrequently, and fertilize as needed.\n\n5. Overseed: Planting new grass seeds can help fill in bare spots and crowd out dandelions.\n\nIf you're unsure about the identity of the plants on your lawn, consider consulting a local garden center or extension service for a more accurate identification and advice on management."}], "answer_with_body_base": [{"generated_text": " Based on your description, it's difficult to identify the exact plant without a visual reference. However, there are a few common plants that tend to sprout in lawns in Wisconsin. Some possibilities include dandelions, clover, plantain, or even crabgrass.\n\n1. Dandelions: These are yellow-flowered plants with jagged leaves and a distinctive puffball seed head. They are considered weeds, but they are also edible and have medicinal properties.\n\n2. Clover: Clover is a small, low-growing plant with trifoliate leaves (three leaflets) and small pink, white, or red flowers. It is often considered a beneficial plant for lawns, as it can help fix nitrogen in the soil.\n\n3. Plantain: Plantain is a broadleaf plant with long, narrow leaves and small, inconspicuous flowers. It is often considered a weed, but it has medicinal properties and can be used to treat insect bites and stings.\n\n4. Crabgrass: Crabgrass is a low-growing, spreading grass with wide, flat leaves. It is considered a weed and can be difficult to control once established.\n\nTo determine the exact plant, you may want to take a clear photo and consult a local garden center or extension service.\n\nAs for whether you should be worried, it depends on your personal preferences and the specific plant. Some plants, like clover, can be beneficial for your lawn, while others, like crabgrass, can be problematic. If you're concerned about the appearance of your lawn or the potential impact of these plants, you may want to consider consulting a professional lawn care service for advice on how to manage them."}]}