{"Unnamed: 0": 8969, "id": "apple_1018", "Title": "How much RAM does the 4th Gen iPod Touch have?", "Body": "How much RAM do these iPods ship with?The iPhone 4 has 512MB, and older iPod Touch 3rd Gen have 256MB (same as the iPad).Do the new iPod Touch have 512MB as the iPhone 4 (what I would expect) or 256MB?", "top5_tags": "iphone, nba2k11, nintendo-wii, macos, keyboard", "answer_only_title_pers": [{"generated_text": " The 4th Generation iPod Touch, released in September 2010, comes with 256 MB of RAM. This amount of memory was sufficient for the device's needs at the time, allowing it to run iOS 4 smoothly and support various applications and games."}], "answer_with_body_pers": [{"generated_text": " The 4th Generation iPod Touch comes with 256MB of RAM, the same amount as the 3rd Generation iPod Touch and the iPad. Although it may be expected to have 512MB of RAM like the iPhone 4, the 4th Gen iPod Touch has the same RAM capacity as its predecessor."}]}