{"Unnamed: 0": 8038123, "id": "sports_3702", "Title": "Is it allowed to play a cricket match without positioning any fielder as a wicket keeper?", "Body": "In a cricket match , there are total 11 players which we called as playing eleven who will be there fielding and batting for a side.There are different positions on which the fielders can be placed such as a gully,slip,third man etc.In a standard cricket match we can remove fielder from slip and put him at the gully or anywhere else we want(of course within and according the ICC rules for fielding positions).  My question is can we remove a wicket keeper from his position leaving  his field blank(no one behind the stumps) and make him field at the  slip?    Is it required to have a wicket keeper behind the stumps every time?    Is there any rule?", "top5_tags": "cricket, rules, history, meaning, differences", "answer_only_title_pers": [{"generated_text": " In cricket, it is not allowed to play a match without positioning a fielder as a wicketkeeper. According to the Laws of Cricket, Law 27, a team must have a designated wicketkeeper behind the stumps at all times during a match. The wicketkeeper plays a crucial role in catching the ball, stumping the batsman, and providing a safe option for the bowler.\n\nThe wicketkeeper's position is unique and different from other fielders, as they are the only ones allowed to wear gloves and external leg guards. The wicketkeeper's role has evolved over time, with changes in equipment and techniques, but the requirement for a designated wicketkeeper has remained constant.\n\nIn summary, a cricket match cannot be played without a designated wicketkeeper, as it is a fundamental rule in the sport."}], "answer_with_body_pers": [{"generated_text": " In cricket, it is mandatory to have a wicket-keeper behind the stumps at all times during a match. According to the Laws of Cricket, specifically Law 27, a team must have a designated wicket-keeper who is responsible for standing behind the wicket and catching the ball if the batsman misses it. The wicket-keeper also plays a crucial role in stumping and run-outs.\n\nWhile the wicket-keeper is an essential part of the team, they can also be used as a fielder in the outfield. However, they must return to their position behind the stumps when the ball is being bowled. This means that a wicket-keeper can be positioned in the slip cordon or any other fielding position, but they must be behind the stumps when the bowler is delivering the ball.\n\nIn summary, a cricket match cannot be played without a wicket-keeper behind the stumps at all times. The wicket-keeper can be used as a fielder in the outfield, but they must return to their position behind the stumps when the ball is being bowled. This rule is in place to ensure the safety of the batsman and to maintain the integrity of the game."}]}