{"Unnamed: 0": 178882, "id": "english_1183", "Title": "What is the difference between using a colon and a semi-colon to join two sentences?", "Body": "I've seen a few questions on this site relating to semi-colons, which I believe I correctly understand, but what I'm not as clear about is colons.  For example:  The man ate the apple; it tasted good.Is this not correctly also written as:  The man ate the apple: it tasted good.In this case, what is the difference between the two sentences?", "top5_tags": "food-safety, substitutions, potatoes, united-kingdom, punctuation", "answer_only_title_pers": [{"generated_text": " The primary difference between using a colon and a semi-colon to join two sentences lies in their function and the relationship between the clauses they connect.\n\nA semi-colon is used to join two independent clauses that are closely related in thought and can stand alone as separate sentences. It indicates a pause that is longer than a comma but shorter than a period. For example:\n\n\"I love cooking; it allows me to be creative.\"\n\nIn this case, the semi-colon connects two independent clauses that are related to each other.\n\nOn the other hand, a colon is used to introduce a list, an explanation, or a consequence that follows from the first clause. It signals that the second clause is directly related to the first clause and provides additional information. For example:\n\n\"I have a secret ingredient: a pinch of nutmeg.\"\n\nIn this case, the colon introduces the explanation of the secret ingredient.\n\nIn the context of food safety, substitutions, potatoes, and the United Kingdom, you might use a semi-colon to connect two related thoughts, such as:\n\n\"Potatoes are a staple in the United Kingdom; however, it's essential to store them properly to prevent foodborne illnesses.\"\n\nAlternatively, you could use a colon to introduce a list of substitutions for potatoes in a recipe, such as:\n\n\"If you're looking for a low-carb alternative to potatoes, consider these options: cauliflower, turnips, or parsnips.\"\n\nIn summary, the main difference between using a colon and a semi-colon to join two sentences is that a semi-colon connects two related independent clauses, while a colon introduces a list, explanation, or consequence that follows from the first clause."}], "answer_with_body_pers": [{"generated_text": " The primary difference between using a colon and a semi-colon to join two sentences lies in the relationship between the clauses and the intended emphasis.\n\nA semi-colon is used to connect two independent clauses that are closely related in thought and can stand alone as separate sentences. It indicates a stronger connection between the clauses than a period would. In your example, \"The man ate the apple; it tasted good,\" the semi-colon suggests that the taste of the apple is directly related to the man eating it.\n\nOn the other hand, a colon is used to introduce a list, explanation, or elaboration of the preceding clause. It emphasizes that the second clause is a direct result or consequence of the first clause. In your example, \"The man ate the apple: it tasted good,\" the colon implies that the taste of the apple is a direct consequence or result of the man eating it.\n\nIn summary, the difference between using a colon and a semi-colon to join two sentences is the relationship between the clauses and the intended emphasis. A semi-colon connects two closely related independent clauses, while a colon introduces a list, explanation, or elaboration of the preceding clause."}]}