{"Unnamed: 0": 8038665, "id": "sustainability_4326", "Title": "Green social media to connect with nearby people to help reduce carbon footprint", "Body": "I find that it's difficult to associate with other sustainable thinkers, especially with the biggest sustainability challenge of them all - global warming.Is there some really famous green social media network / plug-in that I could use to associate with nearby sustainable/green thinkers?I would really like to make my carbon footprint as small as possible, and nearby people would help.Almost all of the websites in this list found on Google are dead or dying...", "top5_tags": "software-industry, carbon-sequestration, carbon-footprint, colleagues, resume", "answer_only_title_pers": [{"generated_text": " A green social media platform can be a powerful tool to connect with nearby people and work together to reduce our collective carbon footprint. Here are some ways such a platform can help:\n\n1. Sharing information: The platform can be used to share information about local events, workshops, and initiatives focused on reducing carbon emissions. This can help raise awareness and encourage more people to take action.\n\n2. Carpooling and ride-sharing: A green social media platform can facilitate carpooling and ride-sharing among users, reducing the number of vehicles on the road and lowering carbon emissions.\n\n3. Local resources: The platform can help users discover local resources, such as farmers' markets, community gardens, and recycling centers, which can help reduce the carbon footprint associated with transportation and waste.\n\n4. Collaboration: Users can collaborate on projects and initiatives to reduce their carbon footprint, such as organizing community clean-up events, planting trees, or advocating for local policy changes.\n\n5. Networking: The platform can help users connect with like-minded individuals and organizations in their area, fostering a sense of community and shared purpose.\n\n6. Tracking progress: The platform can provide tools for users to track their progress in reducing their carbon footprint, such as carbon calculators and progress reports.\n\n7. Gamification: The platform can incorporate gamification elements, such as challenges and rewards, to motivate users to take action and engage with the community.\n\nIn summary, a green social media platform can help connect people in the software industry and beyond to work together to reduce their carbon footprint. By sharing information, collaborating on projects, and leveraging local resources, users can make a meaningful impact on their communities and the environment."}], "answer_with_body_pers": [{"generated_text": " There are several green social media networks and platforms that can help you connect with like-minded individuals in your area who are also interested in reducing their carbon footprint. Here are a few options you can explore:\n\n1. Nextdoor: This is a hyperlocal social networking platform that allows you to connect with your neighbors and community members. You can join local sustainability groups, share tips on reducing your carbon footprint, and even organize local events or initiatives.\n\n2. Meetup: This platform allows you to find and join local groups based on shared interests. You can search for sustainability-focused groups in your area and connect with others who are passionate about reducing their carbon footprint.\n\n3. GreenMatch: This is a dating app that connects people who are passionate about sustainability and the environment. While it's not specifically focused on connecting with colleagues or networking, it can be a great way to meet like-minded individuals in your area.\n\n4. Eco-friendly Facebook groups: There are numerous Facebook groups dedicated to sustainability and eco-friendly living. You can search for groups in your area or join groups that focus on specific topics, such as zero-waste living or sustainable transportation.\n\n5. Sustainable Cities Collective: This is a platform that connects people who are working to create more sustainable cities. You can join the platform to connect with others in your area who are interested in urban sustainability and reducing their carbon footprint.\n\n6. Carbon Footprint Calculator: While not a social media platform, this tool can help you track your carbon footprint and identify areas where you can make changes to reduce your impact. You can also share your results with friends and colleagues to inspire them to make changes as well.\n\nRemember that reducing your carbon footprint is a journey, and connecting with others who share your passion can be a great way to stay motivated and learn new strategies. Good luck on your sustainability journey!"}]}