{"Unnamed: 0": 1463047, "id": "money_117227", "Title": "What does \"volume\" refer to?", "Body": "I heard that \"volume\" refers to something like how much of a stock is traded but have no clue what that means. It seems that no one is using proper definitions for it and that no one in finance ever uses units. Wherever I look, there are no units for anything.I of course read the Wikipedia article but it's of little help. At least it does specify that \"commonly [volume is] reported as the number of shares that changed hands during a given day\" (source). Is this convention held up by Yahoo Finance? Every stock I'm looking at seems to be listed there, but again there are no units nor any explanation or details I was able to find. Do sales and purchases both count toward that \"volume\"? So if I sell 1 share to you, does that count as one or two magical volume units? Are only stock exchange transactions counted, not transactions people do with banks that offer external exchanges? If yes, do all stock exchanges count or only one specific one?There also is a different value called \"Avg. Volume\":Again, Wikipedia is of little help. In fact, that definition confuses me further: \"The average volume of a security over a longer period of time is the total amount traded in that period, divided by the length of the period. Therefore, the unit of measurement for average volume is shares per unit of time, typically per trading day.\" It's again about 1 day. Granted a trading day, not a regular day. But these numbers don't seem to have a fixed ratio during the week and its name talks about an average, so I guess it has to be about a longer time span that \"volume\".Not trying to talk poorly about Wikipedia btw. Those were the best definitions I was able to find but I'm still clueless. Most \"definitions\" don't even specify whether they are talking about money or number of shares.", "top5_tags": "germany, mortality, survival, credit-score, banking", "answer_only_title_pers": [{"generated_text": " In general terms, \"volume\" refers to the amount of space that a substance or object occupies or contains. It is a measure of the three-dimensional space enclosed within a container or occupied by a substance. Volume is typically measured in cubic units, such as cubic meters (m\u00b3), liters (L), or gallons (gal).\n\nHowever, since the user's interests are in Germany, mortality, survival, credit-score, and banking, it's essential to consider the context in which \"volume\" might be relevant to these topics.\n\nIn the context of mortality and survival, \"volume\" could refer to the number of deaths or survivors in a given population or area. For example, the volume of mortality in Germany could be the total number of deaths in a specific year.\n\nIn the context of credit-scores and banking, \"volume\" could refer to the amount of financial transactions or the size of a bank's assets or liabilities. For example, the volume of credit-score transactions in Germany could be the total number of credit checks or credit applications processed by banks in a given period.\n\nIn summary, \"volume\" generally refers to the amount of space occupied by an object or substance, but it can also be used in various contexts, such as mortality, survival, credit-scores, and banking, to describe the quantity or size of a particular aspect or phenomenon."}], "answer_with_body_pers": [{"generated_text": " In finance, \"volume\" refers to the total number of shares or contracts traded for a specific security or market during a given period of time. It is a measure of the activity and liquidity of a particular stock or market.\n\nWhen you mention that you heard \"volume\" refers to how much of a stock is traded, you are correct. The volume is typically reported as the number of shares that changed hands during a given day, as you found in the Wikipedia article. This convention is indeed used by Yahoo Finance and other financial platforms.\n\nBoth sales and purchases count toward the volume. If you sell 1 share to someone, it counts as one unit of volume. Similarly, if someone buys 1 share from you, it also counts as one unit of volume. The total volume is the sum of all these transactions.\n\nStock exchange transactions are typically counted in volume calculations, as they represent the most liquid and regulated market for trading securities. Transactions done outside of stock exchanges, such as those with banks or brokers, may not be included in the reported volume.\n\nThe \"Avg. Volume\" you mentioned is the average number of shares traded per trading day over a longer period of time. This helps to smooth out daily fluctuations and provide a more stable measure of trading activity. The unit of measurement for average volume is shares per trading day.\n\nIn summary, \"volume\" in finance refers to the total number of shares or contracts traded for a specific security or market during a given period of time. It is an important metric for assessing the liquidity and activity of a stock or market. The average volume is calculated over a longer time span to provide a more stable measure of trading activity."}]}