{"Unnamed: 0": 1463096, "id": "money_117721", "Title": "What do you mean by Option losing value?", "Body": "I bought an XYZ $50 call for $5. Expiration is in two weeks. The  day after I bought the option, there was news about a data breach  and the stock's price dropped to $25. I know that the stock is not going to recover in two weeks but I want to sell the option and get some money back. Will I get paid only the bid price of the call when XYZ is $25? For example, if that price is $3, can I sell the call and recoup $300? That means a loss of $200.Let's look at another scenario where XYZ  went up to $53 and then crashed to $25 the day before expiration. Since the bid price at $3, can I recoup $300?In these two two cases, does  it mean that when the premium has lost its value mean that the option is losing the value? Does the value matter if the price of the same stock is above the strike price, for example the stock price is $60 on the day of the expiry?", "top5_tags": "stock-analysis, options, call-options, stock-markets, stocks", "answer_only_title_pers": [{"generated_text": " When we talk about an option losing value, we are referring to a decrease in the price of an option contract. An option is a financial derivative that gives the holder the right, but not the obligation, to buy or sell an underlying asset, such as a stock, at a predetermined price (the strike price) before a specified expiration date.\n\nThere are two types of options: call options and put options. A call option gives the holder the right to buy the underlying asset, while a put option gives the holder the right to sell the underlying asset.\n\nAn option can lose value due to various factors, including:\n\n1. Time decay: As the expiration date of the option approaches, the time value of the option decreases. This is because the probability of the option being profitable decreases as there is less time for the underlying asset to move in the desired direction.\n\n2. Change in the underlying asset's price: If the price of the underlying asset moves in the opposite direction of the option holder's expectation, the option can lose value. For example, if a call option holder expects the stock price to increase but the stock price decreases, the call option will lose value.\n\n3. Volatility: A decrease in the volatility of the underlying asset can cause an option to lose value. Lower volatility means that the underlying asset is less likely to experience significant price movements, which reduces the potential for the option to be profitable.\n\n4. Interest rates: Changes in interest rates can also impact the value of an option. Generally, higher interest rates can lead to a decrease in the value of call options and an increase in the value of put options.\n\n5. Dividends: If the underlying asset pays dividends, the value of call options can decrease, as the stock price is expected to drop by the amount of the dividend on the ex-dividend date.\n\nIn summary, an option losing value means that the price of the option contract has decreased due to factors such as time decay, changes in the underlying asset's price, volatility, interest rates, and dividends. This can result in a loss for the option holder if they choose to sell the option or exercise it at a less favorable price."}], "answer_with_body_pers": [{"generated_text": " When you say an option is losing value, it means that the option's premium (the price you paid for the option) is decreasing due to changes in the underlying stock's price, time decay, or changes in implied volatility. In your case, you bought a $50 call option for $5, and the stock price dropped to $25. This drop in the stock price has caused the value of your call option to decrease.\n\nIf you decide to sell the option, you will receive the bid price, which is the highest price a buyer is willing to pay for the option. In your example, if the bid price is $3, you can sell the option and recoup $300 (100 options * $3). This would result in a loss of $200 ($500 initial investment - $300 from selling the option).\n\nIn the second scenario, where the stock price went up to $53 and then dropped to $25, the value of your call option would also decrease. If the bid price is still $3, you can sell the option and recoup $300, resulting in a loss of $200.\n\nThe value of the option does matter if the stock price is above the strike price on the day of expiration. In your example, if the stock price is $60 on the day of expiration, your $50 call option would be in-the-money, and its value would be higher than the bid price you mentioned. You could potentially sell the option for a higher price, reducing your loss or even making a profit.\n\nIn summary, when an option loses value, it means that the premium you paid for the option is decreasing due to changes in the underlying stock's price, time decay, or changes in implied volatility. The value of the option at expiration depends on the stock price relative to the strike price, and you can sell the option at the bid price to recoup some of your investment."}]}