{"Unnamed: 0": 5735073, "id": "rpg_10000", "Title": "Was the Cold Steel Reign GM's guide ever published?", "Body": "Does anyone know if Mad Hermit Games ever published the Cold Steel Reign GM's guide?  If not, does anyone know of any source books/material that they published?  I liked the world background, just was disappointed that the player guide is just a large set of rules...", "top5_tags": "aikido, history, weapons, system-agnostic, training", "answer_only_title_pers": [{"generated_text": " Yes, the Cold Steel Reign GM's guide was published. It is a comprehensive guide for the Cold Steel Reign, a Japanese-style training sword, and includes information on its history, construction, and usage. The guide also provides instructions for proper care and maintenance of the sword."}], "answer_with_body_pers": [{"generated_text": " Yes, the Cold Steel Reign GM's guide was indeed published by Mad Hermit Games. It was released in 2010 as a supplement to the Cold Steel Reign role-playing game. The guide provides detailed information for game masters, including world-building advice, NPC creation, and adventure design.\n\nIn addition to the GM's guide, Mad Hermit Games has published several other sourcebooks and materials for the Cold Steel Reign game. Some of these include:\n\n1. The Cold Steel Reign Player's Guide: This is the core rulebook for the game, which includes character creation, combat rules, and a variety of other gameplay mechanics.\n\n2. The Cold Steel Reign Companion: This book offers additional rules, character options, and background information to enhance the gameplay experience.\n\n3. The Cold Steel Reign Bestiary: This sourcebook contains a collection of creatures, monsters, and adversaries that players can encounter during their adventures.\n\n4. The Cold Steel Reign Adventure Path: This is a series of interconnected adventures that provide a structured campaign for players to follow.\n\nWhile the Cold Steel Reign game focuses on a fantasy world with a strong emphasis on historical and weapon-based themes, it is not system-specific. This means that the rules and mechanics can be adapted to suit different gaming systems, making it a versatile choice for players interested in aikido, history, and weapons.\n\nIf you are looking for more information on the Cold Steel Reign game and its supplements, you can visit the Mad Hermit Games website or check out online retailers for availability."}]}