{"Unnamed: 0": 165570, "id": "cooking_20438", "Title": "half-life of caffeine molecules", "Body": "I am interested in the caffeine content in various coffees.Will day-old coffee have much less caffeine?  I am refering to espresso drinks such as the Starbucks Americano or the drip coffees also available there.  Does refrigeration make much difference to the half-life?  What about re-heating?How about instant?  I have seen charts comparing caffeine content in various fresh coffees but not instant.  What is the typical caffeine content of instant coffee?  What is the half-life of caffeine in instant coffee on the shelf as a room temperature solid?", "top5_tags": "etymology, transit, trade, china, jargon", "answer_only_title_pers": [{"generated_text": " The half-life of caffeine molecules refers to the time it takes for the concentration of caffeine in the body to reduce by half. On average, the half-life of caffeine in the human body is about 3 to 5 hours. This can vary depending on factors such as age, liver function, pregnancy, and the use of certain medications.\n\nCaffeine is a natural stimulant found in various plants, including coffee beans, tea leaves, and cacao pods. The term \"half-life\" originates from the field of nuclear physics, where it is used to describe the time it takes for half of the radioactive atoms in a sample to decay. In the context of caffeine, it is used to describe the rate at which the body metabolizes and eliminates the substance.\n\nThe transit and trade of caffeine-containing products, such as coffee and tea, have a significant impact on global commerce. China, for example, is the world's largest producer of tea, which is a major source of caffeine. The trade of caffeine-containing products has led to the development of specialized jargon within the industry, such as \"roasting,\" \"brewing,\" and \"grinding.\"\n\nIn summary, the half-life of caffeine molecules is an important concept in understanding how the body processes and eliminates caffeine. While the etymology, transit, trade, and jargon related to caffeine may be of interest to some, they are not directly relevant to the question of caffeine's half-life."}], "answer_with_body_pers": [{"generated_text": " The half-life of caffeine in the human body is typically around 3 to 5 hours, depending on various factors such as age, liver function, and other individual differences. However, the half-life of caffeine in coffee itself is a different matter.\n\nCaffeine is a stable compound and does not degrade significantly over time, especially when stored properly. The caffeine content in day-old coffee, such as espresso drinks like Starbucks Americano or drip coffees, will not be significantly different from freshly brewed coffee. Refrigeration can help preserve the overall quality of the coffee, but it does not have a significant impact on the caffeine content.\n\nReheating coffee does not affect the caffeine content either. However, reheating can cause the coffee to lose some of its flavor and aroma.\n\nInstant coffee typically contains a similar amount of caffeine as regular brewed coffee, with an average of 60-100 mg of caffeine per 8 oz serving. The caffeine content in instant coffee is not significantly affected by its shelf life as a room temperature solid.\n\nIn summary, the half-life of caffeine in coffee itself is not a relevant concept, as caffeine is a stable compound. The caffeine content in day-old coffee, refrigerated coffee, reheated coffee, and instant coffee remains relatively consistent, with instant coffee containing a similar amount of caffeine as regular brewed coffee."}]}