{"Unnamed: 0": 0, "id": "academia_1", "Title": "What kind of Visa is required to work in Academia in Japan?", "Body": "As from title. What kind of visa class do I have to apply for, in order to work as an academic in Japan ? ", "top5_tags": "dnd-3.5e, dungeons-and-dragons, macos, basil, campaign-settings", "answer_only_title_pers": [{"generated_text": " To work in academia in Japan, you will need to obtain a \"Professor\" or \"Researcher\" visa, depending on the nature of your work. The \"Professor\" visa is for those who will be teaching at a Japanese university or college, while the \"Researcher\" visa is for those who will be conducting research at a Japanese institution.\n\nTo apply for either visa, you will need to have a job offer from a Japanese academic institution and meet the following requirements:\n\n1. A valid passport\n2. A Certificate of Eligibility (COE) issued by the Japanese Immigration Bureau\n3. A completed visa application form\n4. A recent passport-sized photograph\n5. Proof of qualifications, such as a degree or teaching certificate\n6. Proof of financial support during your stay in Japan\n\nThe process of obtaining a COE can take several months, so it is essential to start the application process well in advance of your intended start date.\n\nOnce you have obtained your visa, you will be able to work in academia in Japan for the duration of your visa, which is typically one to three years. You may be eligible to extend your visa if you wish to continue working in Japan.\n\nPlease note that the interests you mentioned, such as D&D, macOS, basil, and campaign settings, are not relevant to the visa application process for working in academia in Japan."}], "answer_with_body_pers": [{"generated_text": " To work as an academic in Japan, you will need to apply for a \"Instructor\" visa, which falls under the \"Cultural Activities\" visa category. This visa is specifically designed for individuals who are engaged in cultural activities, such as teaching, research, and lecturing at universities and other educational institutions.\n\nTo apply for an Instructor visa, you will need to meet the following requirements:\n\n1. Have a job offer from a Japanese university or educational institution.\n2. Hold a valid passport and a Certificate of Eligibility (COE) issued by the Japanese Immigration Bureau.\n3. Provide proof of your academic qualifications, such as a degree or relevant certifications.\n4. Demonstrate your proficiency in the Japanese language, if required by the hiring institution.\n\nOnce you have obtained your Instructor visa, you will be allowed to work in Japan for the duration of your employment contract. It is essential to keep your visa status up to date and renew it as needed.\n\nPlease note that the user's interests in dnd-3.5e, dungeons-and-dragons, macos, basil, and campaign-settings are not relevant to the question about working in academia in Japan."}]}