{"Unnamed: 0": 1460185, "id": "linguistics_34338", "Title": "When was Proto-Indo-Uralic spoken?", "Body": "You have seen that I asked a question about Proto-Indo-Uralic and whether or not it could be reconstructed using Proto-Indo-European, Proto-Uralic, and internal reconstruction in those branches. One person said kind of, and the other one said no. (I'm reading the paper that one of the people sent me about Schleicher's fable being reconstructed in PIU.) However, if such a language existed (and I believe so and more importantly there is evidence that it did, though the proof is not settled nearly as much as the Indo-European or Uralic languages), when was it spoken?", "top5_tags": "united-states, demographics, presidential-election, election, voting", "answer_only_title_pers": [{"generated_text": " Proto-Indo-Uralic is a hypothetical prehistoric language that is believed to be the common ancestor of the Indo-European and Uralic language families. It is not associated with the United States, demographics, presidential elections, or voting. The exact time when Proto-Indo-Uralic was spoken is not known, but linguists estimate that it was spoken around 4000 to 6000 BCE. This estimation is based on linguistic reconstruction and comparison of the Indo-European and Uralic languages."}], "answer_with_body_pers": [{"generated_text": " The Proto-Indo-Uralic language, if it existed, is believed to have been spoken around 4000 to 6000 BCE. This estimation is based on linguistic evidence and comparative studies of the Indo-European and Uralic language families. However, it's important to note that the exact time frame and existence of Proto-Indo-Uralic are still subjects of ongoing research and debate among linguists. The interests mentioned, such as the United States, demographics, presidential elections, and voting, are not relevant to the question about the Proto-Indo-Uralic language."}]}