{"Unnamed: 0": 5725507, "id": "outdoors_18474", "Title": "What is the minimum amount of water per day to survive?", "Body": "I am disabled in the wildness, there are no natural water sources available.  I have 2 gallons (7.5 liters) of water.  The only practical solution is to sit and wait for rescue. I will be resting in the shade. How much water should I drink each day to survive as long as possible?I have a memory from school that the kidney is obligated to produce 500ML of urine each day.  That would seem to be lowest possible consumption.I found a variety of amounts during an internet search.    With the possibility of urine output dropping to 500 ml, the minimum could be just over 1 liter a day or for the sake of making it easy to understand, this would be just over 32 ounces a day for a 154 lb manSource  A normally active person needs about three quarters of a gallon of fluid daily, from water and other beverages. Source(ready.gov)  Absolute Minimum Requirements...for replacement purposes, for an \"average\" person, has been estimated to be approximately 3 liters (3.2 quarts) per day, given average temperate climate conditions.Source  one gallon of water per person, per day Source (FEMA)  a minimum of 7.5 litres per capita per day will meet the requirements of most people under most conditions. This water needs to be of a quality that represents a tolerable level of risk. However, in an emergency situation, a minimum of 15 litres is required Source (WHO) With daily consumption of 500ML (~ 1/2 quart) the water would last 2 weeks, but would I survive?  A 7.5 liters (~2 gallons) the water would last a single day and I would die in about 3 days. How much water should I ration myself each day? ", "top5_tags": "rabbits, health, safety, cats, canoes", "answer_only_title_pers": [{"generated_text": " The minimum amount of water required for survival per day varies depending on the species and individual factors. For humans, it is generally recommended to consume at least 2 liters (about 8 cups) of water per day to maintain proper hydration and support bodily functions.\n\nFor rabbits, the daily water intake can vary depending on their size, diet, and environment. On average, a rabbit should consume about 100-150 ml of water per kilogram of body weight per day. So, a 2-kilogram rabbit would need approximately 200-300 ml of water daily.\n\nCats, on the other hand, typically require around 60 ml of water per kilogram of body weight per day. For example, a 5-kilogram cat would need about 300 ml of water daily.\n\nIn summary, the minimum amount of water per day to survive for humans is around 2 liters, while rabbits and cats require approximately 200-300 ml and 300 ml per day, respectively."}], "answer_with_body_pers": [{"generated_text": " Based on the information provided and considering the minimum water requirements for survival, it is recommended to ration the 2 gallons (7.5 liters) of water over a period of time to maximize the chances of survival. Since the absolute minimum requirement is estimated to be around 3 liters (3.2 quarts) per day for an average person in a temperate climate, you should aim to consume slightly less than this amount to extend the water supply.\n\nA reasonable daily water intake would be around 2.5 liters (84 ounces) per day. This would allow the water to last for approximately 3 days (7.5 liters / 2.5 liters per day). While this is not an ideal situation, it would provide a better chance of survival than consuming the entire supply in one day.\n\nIt is essential to stay hydrated, but also to conserve water as much as possible. In addition to rationing your water intake, try to minimize physical exertion and stay in the shade to reduce sweating and water loss.\n\nRemember that these recommendations are based on general guidelines and individual needs may vary. It is crucial to listen to your body and adjust your water intake accordingly."}]}