{"Unnamed: 0": 171277, "id": "diy_120432", "Title": "Found an old tool - What is it?", "Body": "I found this with a bunch of other old tools. This is the only one I can't figure out what it is. I wonder if it's a home made tool for some unique purpose. Or maybe it was just for made for fun out of random available parts. Or was this something mass produced in the 1800s? I'm curious. The two black bulb handles rotate and the metal piece on the bottom also rotates. Kind of looks like a door handle. Also looks like it could be a spool of some sort. Any ideas?", "top5_tags": "plumbing, sprinkler-system, irrigation, tools, water", "answer_only_title_pers": [{"generated_text": " Based on the information provided, it's difficult to identify the exact tool you've found without a description or image. However, if you're interested in plumbing, sprinkler systems, irrigation, and tools related to water, there are several possibilities.\n\n1. Pipe Wrench: A common tool used in plumbing to grip and turn pipes and fittings.\n\n2. Sprinkler Head: A component of a sprinkler system that distributes water over a designated area.\n\n3. Irrigation Pipe: A pipe used to transport water to plants and crops in an irrigation system.\n\n4. Trencher: A tool used to dig trenches for laying pipes or cables in irrigation or plumbing systems.\n\n5. PVC Cutter: A tool used to cut PVC pipes, which are commonly used in plumbing and irrigation systems.\n\n6. Drip Emitter: A component of a drip irrigation system that releases water at a controlled rate to plants.\n\n7. Pressure Gauge: A tool used to measure the water pressure in a plumbing or irrigation system.\n\n8. Pipe Cutter: A tool used to cut pipes in plumbing and irrigation systems.\n\nIf you can provide more details or a picture of the tool, I'd be happy to help you identify it more accurately."}], "answer_with_body_pers": [{"generated_text": " Based on your description, it sounds like the tool you found could be a type of valve handle or a water control device, possibly used for plumbing or irrigation purposes. The rotating handles and the metal piece at the bottom suggest that it might have been used to control the flow of water.\n\nThe design resembling a door handle could indicate that it was meant to be operated manually, allowing the user to turn the water supply on or off. The spool-like appearance might be related to the mechanism that controls the water flow.\n\nAlthough it's difficult to determine the exact age and origin of the tool without more information or visual reference, it's possible that it was mass-produced in the 1800s, as plumbing and irrigation systems were becoming more common during that time.\n\nIf you're interested in learning more about the tool, you could try researching historical plumbing and irrigation tools from the 1800s or consulting with a local historian or antique tool expert. They may be able to provide more insight into the tool's purpose and origin."}]}