{"Unnamed: 0": 155992, "id": "boardgames_2279", "Title": "Does the cooperative Lord of the Rings game require a decent amount of experience with the books to be playable?", "Body": "I love cooperative games, and Lord of the Rings seems to be fairly high on the list. (I have Pandemic, Forbidden Island, and Shadows over Camelot. I'm considering Space Alert and Space Hulk Death Angel).I love the Lord of the Rings series, but how deep does the game get into the story line? If people who don't really know the Lord of The Rings books (however few of them there may be) can't play it I'll probably go with something else. How will having little familiarity with the books affect the other players' enjoyment?", "top5_tags": "magic-the-gathering, dominion, house-rules, mtg-drafting, diplomacy", "answer_only_title_pers": [{"generated_text": " While the user's interests in Magic: The Gathering, Dominion, House Rules, MTG Drafting, and Diplomacy may not be directly relevant to the Lord of the Rings cooperative game, it's still possible to provide an answer to the question.\n\nThe Lord of the Rings cooperative game, designed by Reiner Knizia, is a strategic board game that does not require a deep understanding of the books to be playable. However, having some familiarity with the Lord of the Rings universe can enhance the gaming experience and make it easier to understand the characters and their roles in the game.\n\nThe game is designed to be accessible to both fans of the books and those who are new to the world of Middle-earth. The rules are straightforward, and the gameplay focuses on cooperation and strategy rather than in-depth knowledge of the source material.\n\nIn summary, while having some experience with the Lord of the Rings books can enhance the gameplay experience, it is not a requirement to enjoy and play the cooperative Lord of the Rings game."}], "answer_with_body_pers": [{"generated_text": " The Lord of the Rings cooperative board game does not require a deep knowledge of the books to be enjoyable and playable. While it does incorporate elements from the series, such as characters, locations, and some plot points, the game is designed to be accessible to both fans and newcomers alike.\n\nThe gameplay focuses on teamwork and strategy, as players work together to complete quests and defeat the forces of Sauron. The game's mechanics are straightforward and easy to learn, and the storyline is presented through the quests and objectives rather than relying on extensive lore.\n\nHaving little familiarity with the books may affect the other players' enjoyment to some extent, as they may not fully appreciate the references and connections to the source material. However, the game is still enjoyable and engaging for those who are not well-versed in the Lord of the Rings series.\n\nIn conclusion, the Lord of the Rings cooperative board game is a great choice for fans of the series and those who enjoy cooperative games. It does not require a deep understanding of the books to be played and enjoyed, and it offers a fun and engaging experience for all players."}]}