{"Unnamed: 0": 1448446, "id": "judaism_13465", "Title": "Who invented the Mikraot Gedolot?", "Body": "Whose idea was the Mikraot Gedolot and when was it first published? Mikraot Gedolot is a Humash with a collection of commentaries very popular in Jewish circles today.", "top5_tags": "halacha, jewish-books, sources-mekorot, product-recommendation, tzitzis", "answer_only_title_pers": [{"generated_text": " The Mikraot Gedolot, also known as the Romm ben Joseph's Mikraot Gedolot, was compiled by a group of scholars led by Aaron ben Moses ben Asher, a renowned Jewish grammarian and scribe. The work was completed in the 10th century CE and is considered one of the most important editions of the Hebrew Bible. It includes the biblical text, the Masoretic notes, and the commentaries of medieval Jewish scholars."}], "answer_with_body_pers": [{"generated_text": " The Mikraot Gedolot, also known as the Romm Hakhanah, was compiled by a group of scholars led by the renowned Jewish scholar, Felix Pratensis, a convert to Judaism. The first edition of the Mikraot Gedolot was published in Venice in 1516-1517. This edition was later revised and expanded by other scholars, including the famous Jewish commentator, Rashi.\n\nThe Mikraot Gedolot is a comprehensive edition of the Hebrew Bible, which includes the Masoretic text along with a collection of commentaries from various Jewish scholars throughout history. It is an essential resource for studying the Hebrew Bible and understanding the rich tradition of Jewish biblical interpretation."}]}