{"Unnamed: 0": 201135, "id": "freelancing_7369", "Title": "Is it possible to earn $200 a month by freelancing?", "Body": "I've been trying to earn just $200 a month for five years now but I failed!I tried tons of PTC and surveys websites and I found out that they are scam or they pay too low. They don't worth it. I spend a lot of time and effort testing those websites.I tried to sell some images and pictures on some websites (I don't recall their names because that was in the past) and no one bought them.I've created many blogs and I failed to gain traffic. Finally, I build a blog that is not in English. It has more than 10,000 views per month. But I earn about as low as $3 a month!!I teach my native language on youtube. My channel has more than 10,000 views per months too and 2K subscribers. I earn about $12 a month. That's very low too. Currently, I work as a transcriber. This gives me $30 a month at most. Maybe that's because they don't have a large number of customers.I've just graduated this year. I really need to get $200 a month because they are enough for my living. If I managed to do it, I don't have to get a real work. I can work online. So, I applied to one of the websites that can make me earn $10 per a tested website. I applied twice but I failed. I created accounts on Fiverr and Freelancer but no one buys my gigs or hires me. Could you tell me a way to get $200 a month, Please? I need a trusted (legit) website that gives me a job. I prefer not to search for customers or get traffic. I need direct tasks or jobs like what I do as a transcriber. The website gives me files to transcribe, Then I get paid.I've many skills. I can type very fast. I'm an expert in photoshop, MS word, power point, excel. I've two languages (English and Arabic) so I can work as a translator.Thank you so much,", "top5_tags": "multiple-sclerosis, meaning-in-context, copyright, meaning, united-states", "answer_only_title_pers": [{"generated_text": " Yes, it is possible to earn $200 a month by freelancing. The amount you can earn depends on various factors such as your skills, the demand for your services, and the time you can dedicate to freelancing.\n\nFor instance, if you have skills in writing, graphic design, or programming, you can find freelance projects on platforms like Upwork, Freelancer, or Fiverr. By consistently delivering quality work and building a strong reputation, you can attract more clients and increase your earnings.\n\nIn the context of the United States, there are numerous opportunities for freelancers, and the gig economy is continuously growing. However, it's essential to keep in mind that freelancing may not provide a stable income, and it may take time to build a client base and reach your desired earnings.\n\nTo maximize your chances of earning $200 a month, consider the following tips:\n\n1. Identify your skills and strengths: Determine what you're good at and what you enjoy doing. This will help you find the right freelance opportunities.\n\n2. Create a strong profile: Showcase your skills, experience, and portfolio on freelance platforms to attract potential clients.\n\n3. Set competitive rates: Research the market rates for your services and set your rates accordingly.\n\n4. Network and market yourself: Join online communities, attend events, and use social media to connect with potential clients and promote your services.\n\n5. Be consistent and reliable: Deliver high-quality work on time to build a strong reputation and encourage repeat business.\n\nRemember that earning $200 a month as a freelancer may require patience and persistence, but with dedication and hard work, it is achievable."}], "answer_with_body_pers": [{"generated_text": " Based on your skills and interests, there are several legitimate freelancing websites that can help you earn $200 a month. Here are some suggestions:\n\n1. Upwork: This platform offers a wide range of freelance jobs, including transcription, translation, and graphic design. You can create a profile showcasing your skills and apply for relevant jobs.\n\n2. Guru: Guru is another popular freelancing platform that offers various job opportunities. You can create a profile and bid on projects that match your skills and interests.\n\n3. TranscribeMe: Since you have experience as a transcriber, TranscribeMe is a great platform to consider. They offer paid transcription jobs, and you can set your own hourly rate.\n\n4. ProZ: This is a platform specifically for translators. You can create a profile, showcase your language skills, and apply for translation jobs.\n\n5. Fiverr: Although you mentioned that you haven't had much success on Fiverr, it's worth revisiting the platform and refining your gigs. Focus on creating a strong profile and offering high-quality services in your areas of expertise.\n\n6. Freelancer: Similar to Fiverr, Freelancer is a platform where you can create a profile and bid on projects. Make sure to tailor your proposals to the specific needs of the clients.\n\n7. Textmaster: This platform specializes in transcription jobs. You can create a profile and apply for transcription projects that match your skills.\n\n8. Rev: Rev is another transcription platform that offers paid transcription jobs. You can create a profile and start transcribing audio files to earn money.\n\n9. TranslatorsCafe: This platform is designed for translators and offers a variety of translation jobs. You can create a profile and apply for projects that match your language skills.\n\n10. 99Designs: If you're interested in graphic design, 99Designs is a platform where you can showcase your design skills and compete for design projects.\n\nRemember to create a strong profile, highlight your skills and experience, and be persistent in applying for jobs. It may take some time to build up your client base and earn $200 a month, but with dedication and hard work, it's definitely achievable."}]}