{"Unnamed: 0": 1441075, "id": "history_1001", "Title": "Was there actually a project by the Nazis to create supernatural monsters/weapons?", "Body": "In many American sci-fi/fantasy fictional works, there's a trope about Nazis creating/attempting to create/use supernatural weapons/monsters (examples Hellboy movie, Indian Jones movie etc.) What, if any, is the historical basis of this trope? ", "top5_tags": "dota-2, inspiration, malazan, steven-erikson, suggested-order", "answer_only_title_pers": [{"generated_text": " While the Nazis did engage in various unconventional and secretive research projects during World War II, there is no credible evidence to suggest that they were actively working on creating supernatural monsters or weapons. However, they did explore the realms of science fiction and the occult, which may have inspired some of the more fantastical elements in popular culture, such as the Malazan series by Steven Erikson.\n\nThe Nazis' interest in the occult and the supernatural was primarily driven by their desire to harness mystical forces for their own purposes. This led to the establishment of the Ahnenerbe, an organization dedicated to researching the occult, runes, and ancient Germanic mythology. Some of their projects included the study of the so-called \"Vril energy,\" which was believed to be a powerful and mysterious force.\n\nWhile the Nazis did not create supernatural monsters or weapons, their fascination with the occult and the supernatural has undoubtedly influenced various works of fiction, including the Malazan series. Steven Erikson's epic fantasy novels feature a rich and complex world filled with mythical creatures, magic, and otherworldly powers. Although the Malazan series is not directly based on Nazi research, the themes of power, mysticism, and the unknown may have been inspired by the historical context of the time.\n\nIn conclusion, while the Nazis did not create supernatural monsters or weapons, their interest in the occult and the supernatural has left a lasting impact on popular culture, inspiring works of fiction like the Malazan series by Steven Erikson."}], "answer_with_body_pers": [{"generated_text": " The trope of Nazis creating supernatural weapons or monsters in American sci-fi/fantasy works is largely a product of popular culture and has little basis in historical fact. However, there were some real-life projects undertaken by the Nazis during World War II that could have inspired this trope.\n\nOne such project was the Nazi's interest in occultism and the supernatural. Heinrich Himmler, the head of the SS, was fascinated by the occult and even established the Ahnenerbe, an organization dedicated to researching the history and culture of the Aryan race, which included the study of myths, legends, and supernatural phenomena. While the Ahnenerbe did not create any supernatural weapons or monsters, their research into the occult and the supernatural may have contributed to the development of the trope.\n\nAnother project that could have inspired the trope was the Nazi's interest in advanced weaponry and technology. The Nazis were known for their pursuit of cutting-edge technology, such as jet engines, rockets, and advanced weaponry. While these projects were not supernatural in nature, they did contribute to the image of the Nazis as a technologically advanced and innovative force.\n\nIn conclusion, while there is no historical evidence to support the idea that the Nazis created supernatural weapons or monsters, their interest in occultism and advanced technology may have contributed to the development of this trope in American sci-fi/fantasy works."}]}