{"Unnamed: 0": 1437350, "id": "hermeneutics_293", "Title": "Translation of \"Hosanna\" (\u1f61\u03c3\u03b1\u03bd\u03bd\u03ac)", "Body": "What does \"Hosanna\" (\u1f61\u03c3\u03b1\u03bd\u03bd\u03ac) mean (as it appears in the Gospels)? What is its etymology/derivation from Hebrew/Aramaic?", "top5_tags": "air-travel, safety, health, usa, luggage", "answer_only_title_pers": [{"generated_text": " The term \"Hosanna\" (\u1f61\u03c3\u03b1\u03bd\u03bd\u03ac) is a word of Hebrew origin that has been adopted into Christian liturgy and is used in various religious contexts. It is not directly related to air-travel, safety, health, the USA, or luggage. However, if you are interested in the translation and meaning of \"Hosanna,\" it is a word that means \"save, rescue, savior\" or \"please\" in a pleading sense. It is often used in Christian worship as an expression of praise and adoration, particularly during Palm Sunday and the Sanctus prayer in the Mass."}], "answer_with_body_pers": [{"generated_text": " \"Hosanna\" (\u1f61\u03c3\u03b1\u03bd\u03bd\u03ac) is a word that appears in the Gospels, particularly in the context of Jesus' triumphal entry into Jerusalem. It is an exclamation of praise, adoration, and joy. The term is used by the crowds to express their reverence and hope for the coming of the Messiah.\n\nThe etymology of \"Hosanna\" can be traced back to Hebrew and Aramaic roots. In Hebrew, the word \"Hoshia-na\" (\u05d4\u05d5\u05e9\u05d9\u05e2\u05d4 \u05e0\u05d0) means \"save, please\" or \"save, now.\" It is a plea for salvation and deliverance. The Aramaic equivalent is \"Hosanna\" (\u0710\u0718\u072b\u0725\u0722\u0710), which carries the same meaning.\n\nIn the context of the Gospels, the people shouted \"Hosanna\" as they welcomed Jesus into Jerusalem, acknowledging him as the long-awaited Messiah and expressing their hope for his salvific mission.\n\nWhile the term \"Hosanna\" has its roots in Hebrew and Aramaic, it is not directly related to air-travel, safety, health, the USA, or luggage."}]}