{"Unnamed: 0": 165565, "id": "cooking_20372", "Title": "What role does alcoholic liquid play in cheese fondue recipes?", "Body": "Pretty much every recipe I've seen for cheese fondue includes either white wine (sometimes alongside kirsch/brandy) or some kind of beer in the delicious cheesy sauce.Why is the added liquid (seemingly) always alcoholic - as opposed to adding, say, water? Is it because beer or wine complements the other flavors in the fondue, or because milk proteins are alcohol soluble so it achieves the desired consistency? Or is there some other reason that combines those two explanations (or presents a different one entirely)?", "top5_tags": "budget, transportation, south-africa, camping, gear", "answer_only_title_pers": [{"generated_text": " In cheese fondue recipes, alcoholic liquids, such as white wine or spirits like kirsch, play a crucial role in enhancing the flavor, texture, and overall experience of the dish. The alcohol helps to break down the proteins in the cheese, making it smoother and easier to blend. It also adds a depth of flavor that complements the richness of the cheese.\n\nWhen it comes to budget, using alcoholic liquids in cheese fondue can be cost-effective, as a small amount can go a long way in terms of flavor. Additionally, you can opt for more affordable options like local wines or spirits, which can still provide a delicious result.\n\nFor transportation and camping, alcoholic liquids can be a bit more challenging to handle due to their flammable nature. However, there are non-alcoholic alternatives that can be used to achieve a similar effect, such as using a mixture of lemon juice and water or a non-alcoholic wine substitute.\n\nWhen it comes to gear, you'll need a fondue pot or a heavy-bottomed pot to melt the cheese and alcoholic liquid together. A fondue set typically includes a burner, fondue pot, and forks for dipping. If you're camping, you can use a portable camping stove or a small campfire to heat the fondue pot.\n\nIn summary, alcoholic liquids in cheese fondue recipes contribute to the flavor and texture of the dish. While there are budget-friendly options and non-alcoholic alternatives available, it's essential to consider transportation and gear requirements when preparing fondue in different settings."}], "answer_with_body_pers": [{"generated_text": " The primary role of alcoholic liquid, such as white wine or beer, in cheese fondue recipes is to enhance the flavor and texture of the dish. The alcohol in the liquid complements the other flavors in the fondue, adding depth and complexity to the overall taste. Additionally, the acidity in wine or beer helps to balance the richness of the cheese, preventing the fondue from becoming too heavy or overpowering.\n\nAnother reason for using alcoholic liquids in cheese fondue is that they can help achieve the desired consistency. The alcohol in the liquid helps to break down the milk proteins in the cheese, allowing them to blend more easily and create a smooth, creamy texture. This is particularly important in fondue, where a smooth, velvety consistency is essential for a successful dish.\n\nWhile it is possible to use non-alcoholic liquids, such as water or broth, in cheese fondue recipes, the flavor and texture may not be as rich and complex as when using alcoholic liquids. The alcohol in the liquid also helps to prevent the cheese from becoming too thick or clumpy, ensuring a smooth and enjoyable fondue experience.\n\nIn terms of budget, transportation, South Africa, camping, and gear, the use of alcoholic liquids in cheese fondue recipes is not directly related to these factors. However, it is worth noting that the choice of alcoholic liquid can be influenced by personal preferences and regional availability. For example, in South Africa, a local beer or wine may be used to add a unique regional flavor to the fondue.\n\nIn conclusion, the use of alcoholic liquids in cheese fondue recipes serves to enhance the flavor and texture of the dish, while also helping to achieve the desired consistency. While non-alcoholic liquids can be used, the use of alcoholic liquids is generally preferred for a more flavorful and enjoyable fondue experience."}]}