{"Unnamed: 0": 8039973, "id": "travel_117187", "Title": "Where near Melbourne Victoria Australia can I see snow without needing chains?", "Body": "I want to take the kids to see the snow but I don't want to stay overnight and Ideally, I want them to have a play but without having to be too involved such as getting chains on the car or staying overnight. This is based on the greater Melbourne area in Victoria Australia. ", "top5_tags": "australia, united-states, politics, covid-19, medical-science", "answer_only_title_pers": [{"generated_text": " In Victoria, Australia, you can visit Mount Buller or Mount Baw Baw, both of which are popular ski resorts located within a few hours' drive from Melbourne. These resorts offer snow activities and have well-maintained roads, so you won't need chains for your vehicle. However, it's always a good idea to check the road conditions and weather forecast before your trip, as conditions can change quickly."}], "answer_with_body_pers": [{"generated_text": " In the greater Melbourne area in Victoria, Australia, you can visit Mount Donna Buang, which is the closest snow-covered mountain to Melbourne. It's a popular spot for families to visit during the winter months. The road to the summit is well-maintained, and you typically won't need chains unless there's heavy snowfall.\n\nMount Donna Buang is located about 90 kilometers (56 miles) from Melbourne, and the drive takes around 1.5 hours. The summit is at an elevation of 1,250 meters (4,100 feet), and the snow season usually runs from June to October.\n\nTo make the most of your visit, consider stopping at the Mount Donna Buang Chalet for a hot chocolate and a snack. There's also a playground and picnic area where the kids can play and enjoy the snow.\n\nRemember to check the weather and road conditions before you go, and dress warmly for the cold temperatures. It's also a good idea to have a shovel and a blanket in the car, just in case.\n\nEnjoy your snowy adventure with the kids!"}]}