{"Unnamed: 0": 1435492, "id": "health_12032", "Title": "What type of liver is richest in Vitamin D?", "Body": "My test reports show that my Vitamin D - 25H (Hydroxyvitamin D) is 6.16 ng/ml whereas the normal range is 30 - 100 ng/ml.So, I read a few articles (e.g. medicinenet, patient.info) on the internet and they said that liver is a good source of Vitamin D.  So, which liver i.e. chicken, lamb, beef etc is best for me?", "top5_tags": "plot-explanation, sherlock, character, single-word-requests, grammaticality", "answer_only_title_pers": [{"generated_text": " The liver itself does not contain vitamin D; rather, it plays a crucial role in metabolizing and storing vitamin D obtained from dietary sources or sunlight exposure. The richest sources of vitamin D are fatty fish like salmon, mackerel, and tuna, as well as fish liver oils, fortified dairy products, and egg yolks."}], "answer_with_body_pers": [{"generated_text": " The liver itself does not contain significant amounts of Vitamin D. Instead, Vitamin D is synthesized in the skin when exposed to sunlight and can also be obtained from certain foods. However, some animal livers, such as chicken, lamb, and beef liver, do contain small amounts of Vitamin D.\n\nAmong these options, beef liver is known to have the highest Vitamin D content. A 3-ounce serving of beef liver contains approximately 4.4 micrograms (168 IU) of Vitamin D, which is about 10% of the recommended daily intake for adults.\n\nTo improve your Vitamin D levels, you can consider incorporating beef liver into your diet, along with other Vitamin D-rich foods such as fatty fish (salmon, mackerel, and sardines), egg yolks, and fortified foods like milk, orange juice, and cereals. Additionally, spending time outdoors in the sunlight can help your body produce Vitamin D naturally.\n\nIt's essential to consult with a healthcare professional before making any significant changes to your diet or supplement regimen, especially if you have a Vitamin D deficiency. They can provide personalized recommendations based on your specific needs and health status."}]}