{"Unnamed: 0": 5732599, "id": "politics_2124", "Title": "Are US politicians still paid a salary when they cause a government shutdown?", "Body": "800k working-class Americans don't get paid when the government shut down. Do the US politicians still get paid? If yes, why so?", "top5_tags": "star-trek, babylon-5, economy, stocks, star-trek-ds9", "answer_only_title_pers": [{"generated_text": " US politicians continue to receive their salaries even when they cause a government shutdown. This is because their salaries are determined by law and are not directly tied to the functioning of the government. The salaries of members of Congress, for example, are set by the Ethics Reform Act of 1989 and are paid by the Treasury, regardless of whether the government is open or closed.\n\nDuring a government shutdown, non-essential federal employees may be furloughed, and their pay may be delayed until the government reopens. However, politicians, as elected officials, are considered essential and continue to work and receive their salaries.\n\nIt's worth noting that the economic impact of a government shutdown can be significant, affecting various sectors and potentially influencing the stock market. However, the salaries of politicians are not directly tied to these economic fluctuations."}], "answer_with_body_pers": [{"generated_text": " Yes, US politicians still receive their salaries even when a government shutdown occurs. This is because their salaries are mandated by the Constitution and are not directly tied to the functioning of the government.\n\nThe United States Constitution, in Article II, Section 1, Clause 6, states that the President, Vice President, and Senators and Representatives shall receive a compensation for their services, which shall not be increased or diminished during their continuance in office. This means that their salaries are protected and cannot be changed or withheld during a government shutdown.\n\nThe rationale behind this provision is to ensure that elected officials are not influenced by financial pressures or incentives when making decisions on behalf of the country. It also ensures that they can continue to perform their duties without being affected by the shutdown.\n\nWhile it may seem unfair that politicians continue to receive their salaries while many working-class Americans do not, it is important to note that the shutdown affects various government agencies and employees, and not all government workers are furloughed or go without pay. Some essential services and employees, such as those in the military, law enforcement, and healthcare, continue to work and receive their pay during a shutdown.\n\nIn summary, US politicians still receive their salaries during a government shutdown because their compensation is protected by the Constitution. This provision ensures that they can continue to perform their duties without being influenced by financial pressures or incentives."}]}