{"Unnamed: 0": 1445163, "id": "interpersonal_14104", "Title": "Can I quote a private message in a public post?", "Body": "In a public post in Reddit, I feel that the content of a private message sent to me is necessary to illustrate my point. I haven't asked them whether I should public it or not, but my reply on their message hasn't been replied yet, and the account seems to be inactive since them. Since the public conversation needs to go on, should I quote the message anyway? I feel that this is OK both ethically and legally. Ethically because the content is appropriate for the public conversation, and legally because I am a partner in the private one. I can rephrase it, but quoting seems more trustful.I plan to write like this:I'll quote a person that PMed me:[Their entire message]Unfortunately they haven't replied since then. (/u/X: sorry for doing this without your permission, but I hope that you don't mind. If anything, I'll remove this.)[Then go on with my point]Is this fine?", "top5_tags": "single-word-requests, statement-of-purpose, graduate-admissions, terminology, email", "answer_only_title_pers": [{"generated_text": " Yes, you can quote a private message in a public post, but you should consider the context and the privacy of the person who sent the message. If the private message is relevant to the public post and the person has given their consent, you can quote it. However, if the message contains sensitive or personal information, it's best to ask for permission before sharing it publicly."}], "answer_with_body_pers": [{"generated_text": " It is generally not recommended to quote a private message in a public post without the sender's explicit permission, even if the content is appropriate for the public conversation. While you may feel that it is ethically and legally acceptable, it is still a good practice to respect the sender's privacy and ask for their consent before sharing their message publicly.\n\nIf you still wish to proceed, you can rephrase the message and mention that it is a paraphrased version of the original message, or you can quote the message and provide a disclaimer stating that you have not received a response from the sender and that you are quoting the message with their implied consent.\n\nFor example:\n\n\"I received a message from [their username] that I believe is relevant to this discussion. Here is a paraphrased version of their message: [paraphrased message]. I have not received a response from them since then, and I hope that they don't mind me sharing this information in this public forum.\"\n\nAlternatively:\n\n\"I received a message from [their username] that I believe is relevant to this discussion. Here is the original message: [their entire message]. I have not received a response from them since then, and I am quoting this message with their implied consent. If they have any concerns, please let me know.\"\n\nRemember to always respect the privacy of others and seek their permission before sharing their messages publicly."}]}