{"Unnamed: 0": 5724232, "id": "opensource_500", "Title": "Does being open sourced mean others can use my logo?", "Body": "Suppose I have created an open source applicationI have also created a snazzy logo to go with the application (for example, the Eclipse logo)I released my application's source code under a permissive licenseI have not trademarked my logoThe web pages on which my Logo appears may be covered by copyright, or a more restrictive license than the source code itself. But the source code distribution also contains an image file for the logo (so I can display it when the program is running).Does this mean that my logo is covered by the permissive license, and hence available for others to take and use for other purposes?", "top5_tags": "copyright, licensing, apache-2.0, forking, philosophy", "answer_only_title_pers": [{"generated_text": " Being open-sourced primarily refers to the availability of the source code of a project for others to use, modify, and distribute. However, it does not automatically mean that others can use your logo. Logos are typically protected by copyright, which means that you retain the rights to your logo even if your project is open-sourced.\n\nIf you want to allow others to use your logo, you can do so by explicitly granting permission through a separate license or by including it in the project's licensing agreement. For example, you could choose to license your logo under the Apache License 2.0, which is a permissive license that allows others to use, modify, and distribute your work, including your logo, as long as they adhere to the terms of the license.\n\nIn summary, being open-sourced does not automatically grant permission to use your logo. You need to provide a separate license or include it in the project's licensing agreement to allow others to use your logo."}], "answer_with_body_pers": [{"generated_text": " The fact that your application is open source and released under a permissive license does not automatically mean that your logo is also open source or available for others to use for other purposes. Copyright and trademark are two separate legal concepts.\n\nCopyright protects original works of authorship, such as your logo image file. If you have not explicitly licensed the logo under the same permissive license as your source code, it remains protected by copyright.\n\nTrademark, on the other hand, protects symbols, names, and logos that identify and distinguish the source of goods or services. Since you have not trademarked your logo, it is not protected under trademark law. However, this does not mean that others can freely use it for their own purposes.\n\nIn your case, the logo is included in the source code distribution, but it is not clear whether you have licensed the logo under the same permissive license as the source code. If you want to allow others to use your logo, you should explicitly license it under the same permissive license or another suitable license.\n\nIn summary, unless you have explicitly licensed your logo under the same permissive license as your source code, it is not automatically available for others to use for other purposes. To ensure that others can use your logo, you should consider licensing it separately or including it in the permissive license of your source code."}]}