{"Unnamed: 0": 8048133, "id": "woodworking_2818", "Title": "Kind of wood with deep brown streaks?", "Body": "I was in the Field Museum a couple of weeks ago and at the end of the new China exhibit is the \"Cyrus Tang\" spirit stone display. The wood flooring was extremely interesting, being a blond wood with heavy streaks of dark brown:What kind of wood is this?", "top5_tags": "united-states, taxes, terminology, massachusetts, criminal-law", "answer_only_title_pers": [{"generated_text": " The type of wood you're referring to with deep brown streaks is likely to be walnut. Walnut wood is known for its rich, dark brown color and distinctive grain patterns, which can include deep streaks and swirls. It's a popular choice for furniture, cabinetry, and decorative items due to its beautiful appearance and durability."}], "answer_with_body_pers": [{"generated_text": " The wood flooring you described in the Field Museum's \"Cyrus Tang\" spirit stone display, featuring a blond base with heavy streaks of dark brown, is likely to be a type of oak wood. More specifically, it could be Quercus rubra, commonly known as red oak, which is known for its prominent grain and color variations. Red oak is a popular choice for flooring due to its durability and attractive appearance.\n\nWhile the user's interests in the United States, taxes, terminology, Massachusetts, and criminal law may not be directly relevant to the question about the type of wood, it's always good to be aware of the context in which the question is asked."}]}