{"Unnamed: 0": 8049944, "id": "workplace_145431", "Title": "What does permanent full-time position mean in Sweden?", "Body": "What does permanent full-time position mean in Sweden? Does that mean it is a lifetime guaranty for the whole working life period? Or such a work is rare in Europe?", "top5_tags": "word-choice, contracts, meaning, resignation, human-resources", "answer_only_title_pers": [{"generated_text": " A permanent full-time position in Sweden refers to a type of employment contract where an individual is hired by an employer to work a standard number of hours per week, typically around 37-40 hours, on an ongoing basis. This type of contract does not have a predetermined end date, and the employee is expected to remain with the company for an indefinite period of time.\n\nIn terms of word-choice, the Swedish term for a permanent full-time position is \"permanent fulltidig anst\u00e4llning.\" This term is used in human resources and employment contracts to describe this type of employment arrangement.\n\nThe main characteristics of a permanent full-time position in Sweden include:\n\n1. Contracts: The employment contract is typically open-ended, meaning that it does not have a fixed end date. This provides job security for the employee, as they are not bound by a specific term of employment.\n\n2. Meaning: A permanent full-time position implies that the employee is expected to work a full-time schedule, which is usually around 37-40 hours per week. This is in contrast to part-time or temporary positions, which may have shorter hours or a limited duration.\n\n3. Resignation: In a permanent full-time position, the employee is generally expected to remain with the company for an indefinite period of time. However, either the employer or the employee can terminate the employment relationship by giving notice, as per the terms outlined in the employment contract and Swedish labor laws.\n\n4. Human resources: In the context of human resources, a permanent full-time position is a common type of employment arrangement in Sweden. Employers may offer additional benefits and perks to full-time employees, such as health insurance, paid time off, and retirement plans.\n\nIn summary, a permanent full-time position in Sweden is an open-ended employment contract where an employee works a standard number of hours per week on an ongoing basis. This type of position provides job security and may come with additional benefits and perks."}], "answer_with_body_pers": [{"generated_text": " In Sweden, a permanent full-time position refers to a job where an employee is hired on an indefinite basis, typically working a standard number of hours per week (usually around 40 hours). This type of employment contract does not have a predetermined end date, and the employee is expected to continue working for the employer until they choose to resign or are terminated due to specific circumstances.\n\nWhile a permanent full-time position does not guarantee employment for the entire working life, it does provide a certain level of job security. Employees in Sweden are protected by strong labor laws and regulations, which make it difficult for employers to terminate their contracts without just cause.\n\nIn terms of contracts, a permanent full-time position in Sweden is usually formalized through a written employment contract, which outlines the terms and conditions of employment, including salary, working hours, and responsibilities.\n\nAs for resignation, employees in Sweden have the right to resign from their permanent full-time positions at any time, provided they adhere to the notice period specified in their employment contract. The notice period is typically one month, but it can vary depending on the company and the employee's length of service.\n\nIn the context of human resources, permanent full-time positions are common in Sweden, as they provide stability for both employees and employers. However, there are also other types of employment contracts available, such as fixed-term contracts and part-time positions, which may be more suitable for certain situations or industries.\n\nIn summary, a permanent full-time position in Sweden means an indefinite employment contract with a standard number of working hours per week. While it does not guarantee employment for the entire working life, it does provide a certain level of job security and stability. Employees have the right to resign at any time, subject to the notice period specified in their employment contract."}]}