{"Unnamed: 0": 1448441, "id": "judaism_13429", "Title": "Moshe's speech impediment(s)", "Body": "In Sh'mos 4:10, after Hashem instructs him to speak to the Jews, Moshe describes himself to Hashem as not an \"\u05d0\u05b4\u05d9\u05e9\u05c1 \u05d3\u05b0\u05bc\u05d1\u05b8\u05e8\u05b4\u05d9\u05dd\", literally \"man of words\", and as \"\u05db\u05b0\u05d1\u05b7\u05d3 \u05e4\u05b6\u05bc\u05d4\", literally \"heavy of mouth\", and \"\u05db\u05b0\u05d1\u05b7\u05d3 \u05dc\u05b8\u05e9\u05c1\u05d5\u05b9\u05df\", literally \"heavy of tongue\". In 6:12, after Hashem instructs him to speak to Par'o, Moshe describes himself to Hashem as \"\u05e2\u05b2\u05e8\u05b7\u05dc \u05e9\u05b0\u05c2\u05e4\u05b8\u05ea\u05b8\u05d9\u05b4\u05dd\", close-to-literally \"uncircumcised of lips\" (Rashi: \"sealed-up of lips\").What does each of these four refer to?", "top5_tags": "halacha, words, blessing, shabbat, minhag", "answer_only_title_pers": [{"generated_text": " Moshe Rabbenu, also known as Moses, is a central figure in Jewish tradition and is known for his leadership, wisdom, and his role in receiving the Torah at Mount Sinai. According to the Torah, Moshe had a speech impediment, which is mentioned in Exodus 4:10 when he expresses his reluctance to speak on behalf of the Israelites, saying, \"I am slow of speech and of a slow tongue.\"\n\nIn terms of halacha (Jewish law), Moshe's speech impediment is not directly relevant to the laws and practices of Judaism. However, it is an important aspect of his personal story and character development, as it demonstrates his humility and reliance on God's assistance.\n\nRegarding words, blessings, and minhag (customs), Moshe's speech impediment is not directly related to these topics. However, it is worth noting that Moshe's ability to overcome his speech impediment and effectively communicate the words of God to the Israelites is a testament to his faith and dedication to his mission.\n\nIn summary, Moshe's speech impediment is a significant aspect of his personal story and character development, but it does not have a direct impact on halacha, words, blessings, or minhag."}], "answer_with_body_pers": [{"generated_text": " In the context of Moshe's speech impediments mentioned in the Torah, each of the four descriptions refers to different aspects of his difficulty in speaking.\n\n1. \"\u05d0\u05b4\u05d9\u05e9\u05c1 \u05d3\u05b0\u05bc\u05d1\u05b8\u05e8\u05b4\u05d9\u05dd\" (man of words): This phrase implies that Moshe felt he lacked the ability to speak eloquently or effectively. He may have struggled with finding the right words or expressing himself clearly.\n\n2. \"\u05db\u05b0\u05d1\u05b7\u05d3 \u05e4\u05b6\u05bc\u05d4\" (heavy of mouth) and \"\u05db\u05b0\u05d1\u05b7\u05d3 \u05dc\u05b8\u05e9\u05c1\u05d5\u05b9\u05df\" (heavy of tongue): These phrases suggest that Moshe had difficulty articulating his words. His speech may have been slurred, slow, or difficult to understand.\n\n3. \"\u05e2\u05b2\u05e8\u05b7\u05dc \u05e9\u05b0\u05c2\u05e4\u05b8\u05ea\u05b8\u05d9\u05b4\u05dd\" (uncircumcised of lips): This phrase is interpreted by Rashi as \"sealed-up of lips,\" indicating that Moshe's lips were not open or free to speak. This could be understood as a metaphor for Moshe's reluctance or hesitation to speak, or it could refer to a physical difficulty in opening his mouth to speak.\n\nThese descriptions of Moshe's speech impediments are not directly related to halacha, words, blessing, Shabbat, or minhag. However, they do highlight the importance of effective communication in Jewish tradition and the challenges that Moshe faced in fulfilling his role as a prophet and leader of the Jewish people."}]}