{"Unnamed: 0": 8879, "id": "apple_10017", "Title": "How do I format a disk partition from the command line on OS X?", "Body": "How do I format a disk partition from the command line on Mac OS X?In case someone wonders why: because for some people Disk Utility fails.", "top5_tags": "macos, command-line, software-recommendation, iphone, ios", "answer_only_title_pers": [{"generated_text": " To format a disk partition from the command line on macOS, you can use the `diskutil` command. Here's a step-by-step guide:\n\n1. Open the Terminal app (located in Applications > Utilities).\n\n2. Identify the disk partition you want to format by running the following command:\n\n   ```\n   diskutil list\n   ```\n\n   This will display a list of all connected disks and their partitions. Look for the partition you want to format and note its identifier (e.g., disk2s2).\n\n3. Unmount the partition using the following command, replacing \"disk2s2\" with the identifier you found in the previous step:\n\n   ```\n   diskutil unmount /dev/disk2s2\n   ```\n\n4. Format the partition using the `newfs_hfs` command for HFS+ (Mac OS Extended) or `mkfs.APFS` for APFS (Apple File System). Replace \"disk2s2\" with the partition identifier and choose the desired file system format:\n\n   For HFS+:\n\n   ```\n   newfs_hfs /dev/disk2s2\n   ```\n\n   For APFS:\n\n   ```\n   sudo mkfs.APFS /dev/disk2s2\n   ```\n\n   Note: You may need to enter your administrator password for the APFS format command.\n\n5. Verify that the partition has been formatted successfully by running the `diskutil list` command again.\n\nRemember to replace \"disk2s2\" with the actual identifier of the partition you want to format. Be cautious when using these commands, as formatting a partition will erase all data on it."}], "answer_with_body_pers": [{"generated_text": " To format a disk partition from the command line on macOS, you can use the `diskutil` command. Here's a step-by-step guide:\n\n1. Open the Terminal app (located in Applications > Utilities).\n\n2. Identify the disk partition you want to format by running the following command:\n   ```\n   diskutil list\n   ```\n   This will display a list of all connected disks and partitions. Look for the partition you want to format and note its identifier (e.g., disk2s2).\n\n3. Unmount the partition using the following command, replacing \"disk2s2\" with the identifier you found in the previous step:\n   ```\n   diskutil unmountDisk /dev/disk2\n   ```\n\n4. Format the partition using the `newfs_` command, which depends on the file system you want to use. For example, to format the partition as APFS (Apple File System), use:\n   ```\n   newfs_apfs /dev/disk2s2\n   ```\n   Replace \"apfs\" with the desired file system (e.g., \"hfs\" for HFS+, \"exfat\" for exFAT, etc.).\n\n5. (Optional) If you want to create a new partition, use the `diskutil partitionDisk` command. For example, to create a single APFS partition with a size of 100GB, use:\n   ```\n   diskutil partitionDisk /dev/disk2 GPT 1 gpt2 0:0 bsd:msdos1 100g apfs\n   ```\n   Replace \"100g\" with the desired size and \"apfs\" with the desired file system.\n\nRemember to replace \"disk2\" and \"disk2s2\" with the actual disk and partition identifiers for your system.\n\nAs for software recommendations, macOS already comes with the necessary tools to format disk partitions from the command line. However, if you prefer a graphical interface, you can try using third-party tools like GParted (for Mac) or Paragon Partition Manager.\n\nNote: Formatting a disk partition will erase all data on the partition, so make sure to back up any important files before proceeding."}]}