{"Unnamed: 0": 201099, "id": "freelancing_656", "Title": "Is pet business insurance required for a dog walking business?", "Body": "My fiance has decided that she wants to start a dog walking business here in Florida.  We've already discussed her forming an LLC to protect her from liability but she also mentioned having dog walking insurance (like this).  I'm a software developer and have only ever freelanced or started a business in that field so I don't know much about dog walking businesses.Is this dog walking or pet business insurance necessary for starting a dog walking business?  If it's not required, is it recommended and/or beneficial to have it or is it just a wasted expense?", "top5_tags": "eyeshield-21, kingdoms-of-amalur-reckoning, xbox-360, call-of-duty-black-ops-2, castlevania-lords-of-shadow", "answer_only_title_pers": [{"generated_text": " Pet business insurance is not legally required for a dog walking business in most areas, but it is highly recommended. Having insurance can protect you from potential liability claims, such as if a dog gets injured or causes harm to someone or their property while under your care. It can also cover theft or loss of a client's pet.\n\nWhile it may not be mandatory, obtaining pet business insurance can provide peace of mind and help you run your dog walking business more confidently. You can research different insurance providers and policies to find one that best suits your needs and budget."}], "answer_with_body_pers": [{"generated_text": " Dog walking business insurance is not legally required in Florida, but it is highly recommended and beneficial to have it. While forming an LLC can provide some liability protection, it does not cover all potential risks associated with a dog walking business.\n\nHaving pet business insurance can help protect your fiance's business from financial losses in case of accidents, injuries, or property damage. This type of insurance typically includes general liability coverage, which can help cover legal fees and medical expenses if a dog causes harm to a person or another pet. It may also include coverage for lost or stolen pets, equipment, and even advertising costs.\n\nInvesting in dog walking insurance can provide peace of mind and help your fiance focus on growing her business without worrying about potential risks. The cost of insurance will vary depending on the coverage and the number of dogs she walks, but it is generally a small percentage of the business's revenue.\n\nIn conclusion, while dog walking insurance is not required, it is highly recommended and beneficial for a dog walking business in Florida. It can help protect your fiance's business from potential financial losses and provide peace of mind as she grows her business."}]}