{"Unnamed: 0": 171273, "id": "diy_120335", "Title": "What is the name of this metal bar with holes at the ends?", "Body": "I need to find a metal part that looks a bit like this:     hole for bolt                strong metal      |                            |   ___|____________________________v_______  /   v                                    \\ (   (_)                              (_)   ) <--round end  \\________________________________________/This looks like a common part from a Meccano set, but with just two holes at either end for bolts. Two of these can go around a 2x4, then bolts run through the holes.    /__\\                             /__\\<--end of bolt ____________________________________________<--the part     __                               __     __                               __     __                               __     __                               __ <---bolt     __                               __     __                               __     __                               __ ____________________________________________<--the part    [==]                             [==]<---nutI am searching for a name so that I can find these to buy. Is there a common application where these appear? Are they commonly used by a particular contractor for a particular type of job? What is the name of this kind of part?", "top5_tags": "single-word-requests, united-states, teaching, pond, citations", "answer_only_title_pers": [{"generated_text": " The metal bar with holes at the ends is commonly known as a \"T-bar\" or \"T-beam\" in the United States. However, in the context of a pond, it might be referred to as a \"pond aerator\" or \"pond aeration system\" if it's used for aerating the water."}], "answer_with_body_pers": [{"generated_text": " The metal part you are describing is commonly known as a \"U-bolt\" or \"U-hook.\" U-bolts are widely used in various applications, such as securing pipes, cables, or other structural elements. They are often found in construction, plumbing, and industrial settings.\n\nIn the United States, you can find U-bolts at most hardware stores or online retailers. They come in different sizes and materials, so make sure to choose the one that best suits your needs.\n\nAs for teaching, you can use U-bolts as a practical example to demonstrate concepts related to fasteners, mechanical engineering, or even physics.\n\nWhile U-bolts are not directly related to ponds or citations, they can be used in pond construction or maintenance, such as securing liner materials or holding together structural components.\n\nIn summary, the metal part you are looking for is called a \"U-bolt,\" and it is a versatile and commonly used fastener in various industries and applications."}]}