{"Unnamed: 0": 1455697, "id": "law_12078", "Title": "Is a movie from 1955 completely copyright free?", "Body": "I'm wondering if a movie of 1955 is completely copyright free and so if I'm allowed to write and add English subtitles, and distribute it (per download or stream).It's a Dutch movie and I want it to be accessible with English subtitles for everyone to download and see it. To share about Dutch history and culture in The Netherlands.", "top5_tags": "internet, dermatology, virus, vitiligo, vaccination", "answer_only_title_pers": [{"generated_text": " A movie from 1955 is not automatically completely copyright-free. Copyright laws vary by country, but generally, works published before 1923 are in the public domain in the United States. However, for a movie from 1955, the copyright would still be in effect.\n\nIn the United States, copyright protection lasts for the life of the author plus 70 years for works created after January 1, 1978. For works made for hire, anonymous, or pseudonymous works, the copyright lasts for 95 years from publication or 120 years from creation, whichever is shorter.\n\nTo determine if a specific movie from 1955 is copyright-free, you would need to research the copyright status of that particular film, which may involve checking the copyright renewal records or contacting the copyright holder.\n\nAs for the user interests mentioned, they are not relevant to the question of copyright status for a movie from 1955."}], "answer_with_body_pers": [{"generated_text": " A movie from 1955 may or may not be completely copyright-free, depending on various factors such as the country of origin, the copyright laws in place at the time of its creation, and whether the copyright has been renewed or expired.\n\nIn general, copyright protection lasts for the life of the author plus 70 years in many countries, including the United States and the European Union. However, for works created before 1978, the copyright term is 95 years from publication or 120 years from creation, whichever is shorter.\n\nSince the movie in question was created in 1955, it is likely that the copyright has expired in some countries, but not in others. For example, in the United States, a movie from 1955 would still be under copyright protection, as it would fall under the 95-year term from publication.\n\nBefore adding English subtitles and distributing the movie, it is essential to determine the copyright status of the film in the country where you plan to distribute it. If the movie is still under copyright protection, you would need to obtain permission from the copyright holder to create and distribute the subtitled version.\n\nIn summary, a movie from 1955 may or may not be completely copyright-free, depending on the country and the specific copyright laws in place. It is crucial to research the copyright status of the film before proceeding with your project."}]}