{"Unnamed: 0": 1663987, "id": "movies_14041", "Title": "Movie where babysitter gets electrocuted in the kitchen", "Body": "Sorry, I don't have many details to go on for this one, but I recall watching a movie on TV during my childhood (i.e. 1993-2000) where a young, pretty babysitter is in the kitchen and the floor somehow got filled up with water (I seem to remember it being soapy water) and something happened to expose the water to electricity. I can't remember exactly what, but the babysitter died from the electric shock. Other details include:The movie was live-action (i.e. not animated).There is a good chance the movie was made in the 80's (I've always liked older movies). I have no idea what genre the movie was, but most likely was either comedy or horror as those have always been my favorite types of movies. It would have been an American made movie, and was most likely aired on one of the public TV stations such as USA, Sci-Fi Channel, TNT, or one of the other similar stations. I'm really not sure on this, but I believe she may have been listening to music on her headphones while this happened. My first thought was Don't Tell Mom the Babysitter's Dead, but after looking up the plot description, the babysitter just doesn't match. It was definitely a young girl, and she definitely died in the kitchen from electrocution. ", "top5_tags": "character, plot-explanation, house, analysis, the-ninth-gate", "answer_only_title_pers": [{"generated_text": " The movie you're referring to is \"The Babysitter\" (2017), directed by McG. In this horror-comedy film, the main character, Cole, played by Samara Weaving, is a babysitter who gets electrocuted in the kitchen during a chaotic and violent encounter with her secret cult. The plot revolves around Cole's dark side as she manipulates and terrorizes her young charge, Bee, played by Judah Lewis. The house in the movie serves as a significant setting for the unfolding events, with the kitchen being the scene of the electrocution. The film combines elements of suspense, dark humor, and horror, making it a unique take on the babysitter genre."}], "answer_with_body_pers": [{"generated_text": " The movie you're referring to is \"The Witches of Eastwick\" (1987). While it doesn't exactly match your description, it does feature a young woman who experiences a supernatural event in her home. The film is a dark comedy/horror and stars Cher, Susan Sarandon, and Michelle Pfeiffer as three witches who meet and form a pact.\n\nIn the movie, the character of Alexandra Medford, played by Cher, is a young and attractive woman who lives in a house with her husband, Darryl Van Horne (played by Jack Nicholson). The house itself is a central element of the plot, as it is the place where the witches gather and perform their rituals.\n\nWhile the movie doesn't feature a babysitter getting electrocuted in the kitchen, it does have a scene where Darryl Van Horne uses his powers to manipulate electricity, which could be the part you remember. The movie is an American production and was released in theaters, but it has been aired on various TV stations since then.\n\nAlthough \"The Witches of Eastwick\" doesn't perfectly match your description, it is a movie that features a young woman, a supernatural event, and a house as a central element."}]}