{"Unnamed: 0": 1467671, "id": "movies_100882", "Title": "Is \"Masterpieces of the British Museum\" cancelled?", "Body": "From the BBC Four, I can see that the last episode of Masterpieces of the British Museum was aired in 2009. In the \"Next episode\" it says \"Coming soon\".IMDb has the ending year void yet, like it is still ongoing. However, we are ten years  after the 4th episode.Are the rest two episodes going to be aired, or is it cancelled?", "top5_tags": "usa, san-francisco, california, europe, air-travel", "answer_only_title_pers": [{"generated_text": " \"Masterpieces of the British Museum\" exhibition has not been cancelled. However, it's always a good idea to check the British Museum's official website or contact them directly for the most up-to-date information on their exhibitions and events."}], "answer_with_body_pers": [{"generated_text": " The series \"Masterpieces of the British Museum\" aired its last episode in 2009 on BBC Four. While IMDb has not updated the ending year, indicating that the series may still be ongoing, it is important to note that the series has been off-air for over a decade. As of now, there is no official announcement regarding the release of the remaining two episodes.\n\nIf you are interested in visiting the British Museum in person, you can find more information on their official website, and if you are interested in air travel to the UK, you can check with airlines for the best options to travel from the USA, San Francisco, California, or Europe."}]}