{"Unnamed: 0": 5750426, "id": "scifi_108401", "Title": "What language did the first Edain awake speak if they did?", "Body": "I ask this because I was wondering, since Morgoth came across them first, they had to have had some sort of language in order to communicate with him - or is that not specified?", "top5_tags": "tolkiens-legendarium, the-silmarillion, the-lord-of-the-rings, valar, morgoth", "answer_only_title_pers": [{"generated_text": " The first Edain to awake, Haleth and Haldad, spoke a language that was not distinctly identified in Tolkien's legendarium. However, it is generally assumed that they spoke a form of Ad\u00fbnaic, the language of the Men of N\u00famenor, as they were descendants of the N\u00famen\u00f3reans who had settled in the lands of Beleriand. Ad\u00fbnaic was a descendant of the ancient tongue of the Edain, known as the language of the First Age."}], "answer_with_body_pers": [{"generated_text": " The language spoken by the first Edain, who were awakened by the Valar, is not explicitly mentioned in Tolkien's legendarium. However, it is known that the Edain were divided into two main groups: the Haladin and the Hadori. The Haladin, also known as the Grey Folk, were the first to awaken and were led by B\u00ebor. The Hadori, led by Hador, were the second group to awaken.\n\nIt is believed that the Edain spoke a language called Ad\u00fbnaic, which was a descendant of the ancient language of the N\u00famen\u00f3reans. Ad\u00fbnaic was the language spoken by the Men of N\u00famenor, who were the descendants of the Edain. The N\u00famen\u00f3reans were known to have a highly developed language and culture, and it is likely that the Edain inherited this from their ancestors.\n\nAs for communication with Morgoth, it is not specified in the texts whether the Edain had any direct interaction with him. Morgoth was primarily focused on corrupting and enslaving the Elves, and it is possible that the Edain were not a significant concern for him at that time. However, it is known that Morgoth had the ability to speak the languages of Men, Elves, and Dwarves, so it is possible that he could have communicated with the Edain if necessary.\n\nIn summary, while the specific language spoken by the first Edain is not explicitly mentioned, it is believed that they spoke Ad\u00fbnaic, a descendant of the ancient language of the N\u00famen\u00f3reans. As for communication with Morgoth, it is not specified in the texts, but it is possible that he could have communicated with the Edain if necessary."}]}