{"Unnamed: 0": 160041, "id": "buddhism_30951", "Title": "Who said 'if you haven't started on the Buddhist path then don't start at all'?", "Body": "I recall a story that goes something like this  A Buddhist monk was giving a lecture on Buddhism. At the start he said  'Who hasn't yet started on the Buddhist path?' Half the audience  stands. He continues 'To those people I say if you haven't started  then do not start. Please go to the entrance and your entrance fee  will be refunded'. Half the audience then leaves. He says 'to those of  you who are left who have started on the path I say you must continue.  Do not stop.'This is paraphrased but that's the essence of it. Has anyone heard of this and get the reference, the exact story and who said it. Is it true at all?Many Thanks as always", "top5_tags": "reference-request, pali-canon, terminology, personal-practice, texts", "answer_only_title_pers": [{"generated_text": " The quote \"if you haven't started on the Buddhist path then don't start at all\" is not a direct quote from any specific Buddhist text or teacher. However, it reflects a sentiment that can be found in various Buddhist teachings, which emphasize the importance of commitment and dedication to the path.\n\nIf you are interested in finding similar teachings or references in the Pali Canon, you may want to explore the Dhammapada, a collection of sayings of the Buddha. In particular, verses 183-184 discuss the importance of perseverance and commitment to the path:\n\n183. \"He who has a quarrel with himself, who is not at peace with himself, is not fit for anything.\n184. He who is at peace with himself, who is not at war with himself, is fit for anything.\"\n\nThese verses highlight the importance of inner harmony and commitment to the path, which can be seen as a precursor to the sentiment expressed in the quote you mentioned.\n\nFor a more direct reference to starting the Buddhist path, you may want to explore the teachings of the Buddha on the importance of taking refuge in the Triple Gem (the Buddha, the Dharma, and the Sangha) as the first step in the path to enlightenment. This can be found in the Pali Canon, specifically in the Digha Nikaya (DN 16: The Maha-parinibbana Sutta) and Majjhima Nikaya (MN 55: The Cula-paribbana Sutta).\n\nIn summary, while the exact quote you mentioned may not be found in the Pali Canon or other Buddhist texts, the sentiment it expresses is consistent with the teachings of the Buddha on the importance of commitment and dedication to the path."}], "answer_with_body_pers": [{"generated_text": " The story you're referring to is often attributed to the Zen master Hakuin Ekaku (1686\u20131769), a Japanese monk who revitalized the Rinzai school of Zen Buddhism. However, it's important to note that the story is likely a paraphrase or a modern interpretation of Hakuin's teachings, as there is no direct source from his writings or recorded lectures that matches the story exactly.\n\nThe essence of the story aligns with Hakuin's emphasis on the importance of commitment and dedication to the Buddhist path. He often stressed the need for sincere practice and warned against half-hearted attempts at spiritual growth.\n\nWhile the story may not be a direct quote from Hakuin, it captures the spirit of his teachings and serves as a reminder of the importance of wholehearted dedication to the Buddhist path."}]}