{"Unnamed: 0": 202172, "id": "gaming_10883", "Title": "How can I consistently jump over the water near the end of Toad's Factory?", "Body": "The world record holders do it every time - I was able to do it once. What is a consistent way to do it?  It is so easy to fall in the water...", "top5_tags": "macos, iphone, ios, pokemon-go, ipad", "answer_only_title_pers": [{"generated_text": " To consistently jump over the water near the end of Toad's Factory in Pok\u00e9mon GO, you can follow these steps:\n\n1. Make sure you have a stable internet connection: A strong and stable internet connection is crucial for smooth gameplay in Pok\u00e9mon GO. If you're experiencing connectivity issues, try moving to an area with better reception or restarting the app.\n\n2. Update the app: Ensure that you have the latest version of Pok\u00e9mon GO installed on your device. Developers often release updates to fix bugs and improve gameplay, so keeping your app up-to-date can help you overcome any issues you may be facing.\n\n3. Use the right timing: To successfully jump over the water, you need to time your jump correctly. As you approach the water, swipe upwards on the screen to initiate the jump. The timing of your swipe is essential, so practice a few times to get the hang of it.\n\n4. Adjust your device's sensitivity: If you're having trouble with the timing of your swipe, you can try adjusting your device's sensitivity settings. On iOS devices, you can do this by going to Settings > Accessibility > Touch > AssistiveTouch. From there, you can adjust the \"Touch Accommodations\" settings to better suit your needs.\n\n5. Practice: Like any skill, jumping over the water in Pok\u00e9mon GO takes practice. Keep trying, and you'll eventually get the hang of it.\n\nRemember that the ability to jump over the water near the end of Toad's Factory is a feature of the game and not related to your device's operating system (macOS, iOS, or iPadOS)."}], "answer_with_body_pers": [{"generated_text": " To consistently jump over the water near the end of Toad's Factory in Pok\u00e9mon GO, you can follow these steps:\n\n1. Familiarize yourself with the area: Spend some time exploring the Toad's Factory and the surrounding area. This will help you understand the layout and the distance you need to jump.\n\n2. Practice your timing: The key to consistently jumping over the water is to get your timing right. Start by standing at the edge of the water and practicing your jumps. You'll need to tap the screen at the right moment to make your character jump.\n\n3. Use the right Pok\u00e9mon: Some Pok\u00e9mon have better jumping abilities than others. Try using Pok\u00e9mon with high Speed stats, as they tend to jump farther.\n\n4. Use the right technique: To make a successful jump, you need to tap the screen at the right moment. Tap the screen when your character is at the edge of the water, and make sure to tap it with enough force to make a long jump.\n\n5. Stay focused: Consistently jumping over the water requires concentration and focus. Try to eliminate distractions and focus on the task at hand.\n\n6. Practice, practice, practice: Like any skill, consistently jumping over the water in Toad's Factory will take practice. Keep trying, and you'll eventually get the hang of it.\n\nRemember, the key to success is practice and patience. With time and effort, you'll be able to consistently jump over the water near the end of Toad's Factory, just like the world record holders."}]}