{"Unnamed: 0": 1438731, "id": "hinduism_11822", "Title": "Did any Kaurava survive the Mahabharata war?", "Body": "Did any Kaurava survive the Mahabharata war? If so, what happened to them after the war?", "top5_tags": "history, mahabharata, ramayana, astrology, rama", "answer_only_title_pers": [{"generated_text": " Yes, one Kaurava survived the Mahabharata war. The Kaurava prince Yuyutsu, who was the son of Dhritarashtra and a Vaishya woman, switched sides and fought for the Pandavas during the war. He was the only Kaurava to survive the war, as he chose to follow the path of righteousness and justice."}], "answer_with_body_pers": [{"generated_text": " Yes, one Kaurava survived the Mahabharata war. Karna, the eldest of the Kauravas, was a key warrior on the side of the Kauravas. He was killed in the war by Arjuna, his half-brother and one of the Pandavas.\n\nAfter the war, the Pandavas ruled the kingdom of Hastinapur for 36 years. During this time, they tried to establish peace and justice in the kingdom. However, due to a curse, they had to leave the kingdom and go on a journey called the Ashwamedha Yajna.\n\nThe Ramayana, another epic, is not directly related to the Mahabharata war, but it is set in the same mythological universe. The Ramayana tells the story of Rama, the prince of Ayodhya, and his quest to rescue his wife Sita from the demon king Ravana.\n\nAstrology and Rama are not directly related to the question about the survival of the Kauravas after the Mahabharata war."}]}