{"Unnamed: 0": 3891199, "id": "music_38352", "Title": "Is there a specific name for the arpeggio symbol?", "Body": "Is there a specific name for the squiggly arpeggio symbol? If so, are there different names for arpeggio symbols that point up or down or spans both clefs?I find having to write out \"arpeggio symbol\" so much gets old, but I'm guessing there isn't a better way.This does seem like a pointless question, but some symbols have their own names aside from the names of what they stand for.", "top5_tags": "star-wars-battlefront-2015, plot-explanation, united-states, star-wars, the-empire-strikes-back", "answer_only_title_pers": [{"generated_text": " The specific name for the arpeggio symbol is a \"broken chord\" symbol. In music notation, an arpeggio is a type of broken chord where the notes of a chord are played or sung in succession, either ascending or descending, rather than simultaneously. The symbol used to indicate an arpeggio is a horizontal wavy line placed above or below the chord notes."}], "answer_with_body_pers": [{"generated_text": " The specific name for the squiggly arpeggio symbol is simply \"arpeggio symbol\" or \"arpeggiation mark.\" There are no different names for arpeggio symbols that point up or down or span both clefs. While it may seem like a trivial question, it's always good to clarify terminology in music notation.\n\nIn the context of your interests, the arpeggio symbol might not have a direct connection to Star Wars or the Empire Strikes Back. However, arpeggios are a common technique used in various musical compositions, including film scores, so it's possible that you may encounter them in the soundtracks of these movies."}]}