{"Unnamed: 0": 8053271, "id": "writers_32737", "Title": "What Genre Category for a Semi-Fictional Memoir?", "Body": "What genre do these types of Memoirs fall under?   \"Inspired by true events?\"  ... Is Semi-Fictional Memoir a \"thing\"?   I definitely don't feel that \"fictional autobiography\" fits.I have been writing a lot of short stories that are Memoir-ish, that are based on true events in my life.  Because I don't remember every detail, I tried to make some parts of the stories obviously fictional.  But, in some stories, it isn't so obvious that parts are fictional. I feel that making it obvious in some stories would be intrusive, and undermine the tone.I am hoping that applying the proper genre label would be sufficient.", "top5_tags": "word-study, greek, historical-interpretation, passion-narrative, prophecy", "answer_only_title_pers": [{"generated_text": " A semi-fictional memoir can be categorized under the genre of \"Creative Nonfiction\" or \"Narrative Nonfiction.\" This genre blends elements of storytelling and factual writing, allowing authors to present real-life events and experiences with a creative and engaging narrative style.\n\nIn the context of the user's interests, the semi-fictional memoir can also be seen as a passion narrative, as it often involves the author's personal experiences, emotions, and reflections. Additionally, the historical interpretation aspect can be relevant if the memoir is set in a specific historical period or explores historical events through the author's personal lens.\n\nWhile the genre may not directly relate to word-study or Greek, the use of language and storytelling techniques can be influenced by these interests. For example, an author with a background in word-study may pay particular attention to the choice of words and phrases to create a vivid and engaging narrative. Similarly, an understanding of Greek literature and mythology can inspire the author to incorporate elements of these traditions into their memoir.\n\nIn summary, a semi-fictional memoir can be categorized as Creative Nonfiction or Narrative Nonfiction, with elements of passion narrative and historical interpretation. While the genre may not directly relate to word-study or Greek, these interests can still influence the author's writing style and storytelling techniques."}], "answer_with_body_pers": [{"generated_text": " A semi-fictional memoir falls under the genre of \"Creative Nonfiction\" or \"Narrative Nonfiction.\" This genre allows authors to tell true stories using literary techniques and storytelling elements typically found in fiction. By blending factual events with imaginative elements, writers can create a more engaging and compelling narrative while still maintaining the essence of their real-life experiences.\n\nIn your case, since you are writing memoir-ish stories based on true events and incorporating fictional elements, the genre of Creative Nonfiction would be the most appropriate label. This genre encompasses a wide range of sub-genres, such as personal essays, memoirs, and literary journalism, which can help readers understand the context and intent of your work.\n\nBy applying the proper genre label, you can provide readers with a clear understanding of your writing style and the blend of fact and fiction in your stories. This will help them appreciate the unique qualities of your work and the creative approach you have taken in sharing your experiences."}]}