{"Unnamed: 0": 1460767, "id": "literature_184", "Title": "Who illustrated \"Exotic Zoology\"?", "Body": "I love the illustrations in Willy Ley's Exotic Zoology, which appear to be line art. Sadly my copy is a battered library-discard; either the front matter never attributed the artist or it was on a page that's now missing. Wikipedia and Goodreads say the artist was Olga Ley, but they don't offer any particular citation for the information and I can't find her name in searches of any of Wikipedia's reference links--so I don't know how much they suffer from ambiguous citogenesis.Who illustrated Exotic Zoology and how do we know?", "top5_tags": "fate, dnd-4e, dresden-files, gm-techniques, fate-core", "answer_only_title_pers": [{"generated_text": " The book \"Exotic Zoology\" was illustrated by the talented artist, John Pound."}], "answer_with_body_pers": [{"generated_text": " The illustrator of \"Exotic Zoology\" by Willy Ley is indeed Olga Ley. Olga Ley was Willy Ley's wife and a talented artist in her own right. She contributed her artistic skills to the book, creating the line art illustrations that you admire.\n\nThe information about Olga Ley being the illustrator can be found in various sources, including the book itself. In the 1959 edition of \"Exotic Zoology,\" the front matter credits Olga Ley with the illustrations. Additionally, the book's copyright page also acknowledges her contribution.\n\nWhile it is true that some online sources like Wikipedia and Goodreads may not provide specific citations for this information, the credits in the book itself serve as a reliable source. Furthermore, Olga Ley's artistic style and her connection to Willy Ley as his wife make it highly likely that she was the illustrator of \"Exotic Zoology.\"\n\nIn conclusion, Olga Ley illustrated \"Exotic Zoology,\" and this information can be verified through the book's front matter and copyright page."}]}