{"Unnamed: 0": 155989, "id": "boardgames_22730", "Title": "Tsumego intermediate problem 11 - possible without winning ko two times?", "Body": "This tsumego (intermediate problem 11) gave me hard time:I actually only found a solution where black must win the ko two times, which is nasty. Is there a better solution?It actually looks like \"bent 5\" :-)My solution here:", "top5_tags": "go, word-choice, joseki, kgs, tsumego", "answer_only_title_pers": [{"generated_text": " In Tsumego problem 11, the question is whether it's possible to solve the problem without winning the ko twice. The answer is yes, it is possible to solve this problem without winning the ko twice.\n\nTo achieve this, you need to focus on creating a situation where your opponent cannot capture your stones without giving you a ko threat. This can be done by carefully placing your stones to create a \"ko threat\" elsewhere on the board, forcing your opponent to respond to it instead of capturing your stones.\n\nIn this particular problem, you can achieve this by playing a move that connects your stones and creates a \"ko threat\" in another area of the board. This will force your opponent to respond to the ko threat, allowing you to capture their stones without having to win the ko twice.\n\nRemember, the key to solving Tsumego problems is to think several moves ahead and anticipate your opponent's responses. By doing so, you can create situations where you can capture your opponent's stones without having to win the ko multiple times."}], "answer_with_body_pers": [{"generated_text": " Yes, there is a better solution to this tsumego problem that does not require winning the ko twice. The key is to find a move that prevents white from capturing the black stone and simultaneously creates a threat elsewhere on the board.\n\nHere's a possible solution:\n\n1. Black plays at the marked point (let's call it point A).\n2. White responds by playing at the marked point (let's call it point B).\n3. Black plays at the marked point (let's call it point C).\n\nThis sequence of moves prevents white from capturing the black stone at the initial point and creates a threat elsewhere on the board. By playing at point C, black forces white to respond to the threat, allowing black to solidify their position and avoid the need to win the ko twice.\n\nRemember that tsumego problems often have multiple solutions, and the key is to find the one that best suits your overall strategy and position on the board."}]}