{"Unnamed: 0": 200106, "id": "fitness_32393", "Title": "Does temperature have more of an impact on longer runs?", "Body": "Does the impact of temperature on running performance increase with distance?This would mean something like for a 5k maybe a decrease of 3% in avg pace but for a half marathon a decrease of 8% avg pace. These numbers are just random values to try and make the question clear. Also Im asking in respect to the hot side of the ideal 50-60F running temps.", "top5_tags": "running, long-distance-running, speed, training, sprinting", "answer_only_title_pers": [{"generated_text": " Yes, temperature does have a more significant impact on longer runs compared to shorter runs or sprints. When running long distances, the body is exposed to the elements for a more extended period, making it more susceptible to temperature changes.\n\nIn hotter temperatures, the body has to work harder to regulate its internal temperature, which can lead to dehydration, heat exhaustion, or even heat stroke. This can negatively affect performance and increase the risk of injury. It is essential to stay hydrated, wear appropriate clothing, and adjust your pace to accommodate the heat.\n\nIn colder temperatures, the body has to work harder to maintain its core temperature, which can lead to hypothermia or frostbite. It is crucial to dress in layers, stay dry, and warm up properly before running in cold weather.\n\nIn general, it is essential to be aware of the temperature and its potential impact on your body when running long distances. Adjusting your training and running strategies to accommodate the temperature can help you maintain your performance and reduce the risk of injury."}], "answer_with_body_pers": [{"generated_text": " Yes, the impact of temperature on running performance does tend to increase with distance. This is because as the body works harder over a longer period of time, it generates more heat, which can lead to a higher core body temperature. When running in hotter conditions, the body has to work harder to cool itself down, which can result in a decrease in performance.\n\nFor shorter distances, such as a 5k, the impact of temperature may be less noticeable, with a potential decrease in average pace of around 3%. However, for longer distances like a half marathon, the impact of temperature can be more significant, potentially leading to an 8% decrease in average pace.\n\nIt's important to note that these numbers are just estimates and can vary depending on factors such as individual fitness levels, acclimatization to heat, and hydration status. To minimize the impact of temperature on performance, it's essential to stay well-hydrated, wear appropriate clothing, and adjust your pace accordingly. Additionally, training in hot conditions can help improve your body's ability to cope with heat and maintain performance."}]}