{"Unnamed: 0": 5730486, "id": "philosophy_38485", "Title": "Was Socrates Greek?", "Body": "Greeks are citizens of Greece.Greece rejected Socrates.Socrates was not a Greek.Does that syllogism work?", "top5_tags": "ethics, criminal-law, political-philosophy, genesis, international-relations", "answer_only_title_pers": [{"generated_text": " Yes, Socrates was Greek. He was born in Athens around 470 BCE and is considered one of the most influential philosophers in Western history. Socrates is known for his contributions to ethics, political philosophy, and the Socratic method of questioning. His teachings and ideas have had a lasting impact on various fields of study, including philosophy, law, and politics."}], "answer_with_body_pers": [{"generated_text": " Answer: Yes, Socrates was Greek. He was born in Athens, Greece, around 470/469 BCE and lived there until his death in 399 BCE. Socrates is considered one of the founders of Western philosophy and made significant contributions to ethics, political philosophy, and other fields.\n\nThe syllogism you provided does not work because it is based on a misunderstanding of the term \"Greek.\" Being Greek refers to one's nationality or ethnicity, not to whether a country accepts or rejects an individual. Socrates was Greek by birth and heritage, and his philosophical ideas have had a lasting impact on Western thought."}]}