{"Unnamed: 0": 1432223, "id": "gardening_24218", "Title": "What are these plants growing on my lawn?", "Body": "I have these leaves sprouting all over my lawn and property. What is it? Should I be worried?NOTE: This is in Wisconsin.", "top5_tags": "plumbing, technique, electrical, design, building-regulations", "answer_only_title_pers": [{"generated_text": " The plants growing on your lawn could be a variety of species, and without a visual reference, it's challenging to provide an accurate identification. However, some common types of plants that may appear in lawns include:\n\n1. Clover (Trifolium spp.): Clover is a small, low-growing plant with trifoliate leaves (three leaflets) and small, pink, white, or purple flowers. It is often considered a beneficial weed as it can fix nitrogen in the soil, improving lawn health.\n\n2. Dandelion (Taraxacum officinale): Dandelions are recognizable by their bright yellow flowers and fluffy seed heads. They have deeply lobed leaves and a long taproot.\n\n3. Crabgrass (Digitaria spp.): Crabgrass is a common lawn weed with a low, spreading growth habit. It has flat, wide leaves and small, light green flowers.\n\n4. Plantain (Plantago major): Plantain is a broadleaf weed with long, narrow leaves and small, greenish-brown flowers. It is often found in lawns and can be difficult to control.\n\n5. Chickweed (Stellaria media): Chickweed is a low-growing, creeping plant with small, white, star-shaped flowers. It has oval leaves and a shallow root system.\n\nIf you're interested in removing these plants from your lawn, you may want to consider using a combination of manual removal, herbicides, and proper lawn care practices to prevent their return.\n\nPlease note that the user's interests in plumbing, technique, electrical, design, and building-regulations are not relevant to the identification of plants growing on a lawn."}], "answer_with_body_pers": [{"generated_text": " The plants growing on your lawn in Wisconsin could be a variety of species, but some common ones include dandelions, clover, plantain, or crabgrass. To accurately identify the plants, you may need to take a closer look at their leaves, flowers, and growth patterns.\n\nDandelions have a rosette of jagged leaves and bright yellow flowers that turn into white puffballs. Clover has trifoliate leaves (three leaflets) and small pink, white, or red flowers. Plantain has oval-shaped leaves with parallel veins and small, inconspicuous flowers. Crabgrass has a coarse texture, with wide, flat leaves and a fibrous root system.\n\nWhether you should be worried about these plants depends on your personal preferences and the impact they have on your lawn. Some of these plants, like dandelions and clover, can be considered weeds, but they can also provide benefits such as attracting pollinators and improving soil health.\n\nIf you're interested in addressing the issue, you can consider various techniques such as manual removal, mulching, or using herbicides. However, it's essential to follow the instructions and safety precautions when using chemicals.\n\nIn terms of plumbing, electrical, design, and building-regulations, these plants are unlikely to have a direct impact on those areas. However, if you're planning to make changes to your lawn or property, it's always a good idea to consult with a professional to ensure that your plans comply with local regulations and best practices."}]}