{"Unnamed: 0": 5749426, "id": "scifi_10000", "Title": "What Percentage Makes Someone a Half-blood?", "Body": "I was checking on something in the Harry Potter wiki and saw Harry listed as \"Half-Blood.\"  Both his parents were magical, but, as we know, his grandparents on his Mother's side were muggles.  This reminds me of the racially loaded terms like octoroon.  (In the south, you still hear those terms every once in a while.)  When there was still segregation, having only 1 great-grandparent of an ethnic group was enough to classify a person of that group.So how far down the line did it go in the Harry Potter universe?  Just how many generations removed from a muggle-born would a person have to be before they're no longer classified as half-blood or something similar?", "top5_tags": "harry-potter, star-wars, star-trek, comics, dc", "answer_only_title_pers": [{"generated_text": " In the context of the Harry Potter series, a half-blood is someone who has one magical parent and one non-magical parent. There is no specific percentage that defines a half-blood, as it is a term used to describe the magical lineage of a character rather than a quantifiable measure.\n\nIn the Star Wars universe, the term \"half-blood\" is not commonly used. However, the concept of mixed heritage is present, with characters like Kylo Ren, who is the son of Leia Organa (a human) and Han Solo (a member of the species Corellian).\n\nIn the Star Trek universe, the term \"half-blood\" is not used either. Instead, the focus is on the diverse backgrounds of the characters, with many belonging to different species and cultures.\n\nIn the world of comics, particularly DC Comics, the term \"half-blood\" is not a standard term. However, there are characters with mixed heritage, such as Superman, who is half Kryptonian and half human.\n\nIn summary, the term \"half-blood\" is primarily associated with the Harry Potter series, where it refers to a character with one magical and one non-magical parent. The concept of mixed heritage is present in other fictional universes, but the term \"half-blood\" is not commonly used."}], "answer_with_body_pers": [{"generated_text": " In the Harry Potter universe, the term \"half-blood\" is used to describe a witch or wizard who has one magical parent and one non-magical (Muggle) parent. This term is not strictly defined by the number of generations removed from a Muggle ancestor, but rather by the presence of magical blood in the family line.\n\nIn the case of Harry Potter, his mother Lily was a witch, and his father James was a wizard, making him a half-blood. However, his maternal grandparents, who were Muggles, do not affect his classification as a half-blood.\n\nThe term \"half-blood\" is not as rigidly defined as the racially loaded terms you mentioned, and it does not have a specific percentage or number of generations that determine a person's classification. In the Harry Potter universe, the focus is more on the presence of magical blood rather than the number of generations removed from a Muggle ancestor.\n\nIn summary, a person in the Harry Potter universe would be considered a half-blood if they have one magical parent and one non-magical parent, regardless of the number of generations removed from a Muggle ancestor."}]}