{"Unnamed: 0": 5724231, "id": "opensource_499", "Title": "In a Wikipedia article am I able to insert information licensed with CC BY even though they use a CC BY-SA license?", "Body": "Background:While writing an article on Wikipedia I needed to include text that is licensed under a CC-BY license. After a bit of digging I found that Wikipedia uses a CC BY-SA license.  Question:Despite Wikipedia using a CC-BY-SA license, will I run into problems if I include CC-BY licensed text?", "top5_tags": "licensing, creative-commons, software, project-management, cc-by", "answer_only_title_pers": [{"generated_text": " Yes, you can insert information licensed under CC BY into a Wikipedia article, even if Wikipedia itself uses a CC BY-SA license. However, you must adhere to the terms of the original CC BY license, which requires you to provide proper attribution to the original creator.\n\nWhen incorporating CC BY-licensed content into a Wikipedia article, you should:\n\n1. Provide proper attribution to the original creator, including their name, the title of the work, and a link to the original source.\n2. Clearly indicate that the content is licensed under CC BY.\n3. Ensure that the content is used for non-commercial purposes, as Wikipedia is a non-commercial platform.\n\nBy following these guidelines, you can successfully incorporate CC BY-licensed content into a Wikipedia article while respecting the terms of both licenses."}], "answer_with_body_pers": [{"generated_text": " Answer: Yes, you can include text licensed under a CC-BY license in a Wikipedia article, even though Wikipedia uses a CC BY-SA license. The CC-BY license allows for the text to be used, shared, and adapted, as long as proper attribution is given to the original author.\n\nHowever, when you include CC-BY licensed text in a Wikipedia article, you must ensure that the text is properly attributed to the original author, and that the license information is also included. This is in line with the requirements of the CC-BY license.\n\nThe CC BY-SA license used by Wikipedia is a ShareAlike license, which means that any derivative works created using Wikipedia content must be released under the same or a compatible license. In this case, the CC-BY license is compatible with the CC BY-SA license, so you can include CC-BY licensed text in a Wikipedia article without any issues.\n\nIn summary, you can include CC-BY licensed text in a Wikipedia article, as long as you provide proper attribution to the original author and adhere to the requirements of the CC-BY license. The compatibility between the CC-BY and CC BY-SA licenses allows for this inclusion without any problems."}]}