{"Unnamed: 0": 8053369, "id": "writers_349", "Title": "Is there a standardized size for Books?", "Body": "I noticed that my softcover/paperback books are all roughly the same size, but have slight differences.Are there standardized sizes (and are they different between US and Europe, just as US Letter and Din A4 are different?) or does each publisher decide it's own size?Edit: I'm sorry, I don't mean Number of Pages, I mean physical Page Size/Dimensions :)", "top5_tags": "macos, mac-pro, dnd-5e, macbook-pro, style", "answer_only_title_pers": [{"generated_text": " There is no standardized size for books in terms of dimensions or weight, as they can vary greatly depending on the genre, format, and publisher. However, there are some common sizes that are widely used in the publishing industry. For example, mass-market paperbacks are typically around 4.25 x 7 inches, while trade paperbacks are usually around 5.5 x 8.5 inches. Hardcover books can range from 6 x 9 inches to larger sizes.\n\nIn terms of digital books, the file size can vary depending on the length of the book, the formatting, and the resolution of any images included. E-books are typically measured in megabytes (MB) or gigabytes (GB), with most books ranging from 1 to 5 MB.\n\nAs for your interests in macOS, Mac Pro, D&D 5e, and MacBook Pro, these are not directly related to the size of books. However, if you are looking to read digital books on a MacBook Pro, you can easily do so using various e-book reader apps available for macOS, such as Apple Books, Adobe Digital Editions, or Calibre. These apps allow you to read and manage your digital book collection on your MacBook Pro."}], "answer_with_body_pers": [{"generated_text": " There is no strict standardization for book sizes, but there are common sizes that publishers tend to use. These sizes are often based on the type of book and its intended use. For example, softcover or paperback books typically come in sizes like mass-market paperback (4.25\" x 7\"), trade paperback (5.5\" x 8.5\"), and larger sizes for hardcover editions.\n\nWhile there is no strict standardization, there are some common sizes that are widely used in the publishing industry. These sizes are often referred to as \"trade sizes\" and include:\n\n1. Mass-market paperback: 4.25\" x 7\"\n2. Trade paperback: 5.5\" x 8.5\"\n3. Trade hardcover: 6\" x 9\"\n4. Large trade paperback: 6.1\" x 9.1\"\n5. Large trade hardcover: 6.5\" x 9.5\"\n\nThese sizes can vary slightly between publishers, but they generally follow these guidelines. Additionally, there are other sizes used for specific types of books, such as pocket-sized editions, coffee table books, and textbooks.\n\nAs for the differences between the US and Europe, there are some variations in book sizes. For example, the US uses the \"trade sizes\" mentioned above, while Europe has its own set of standard sizes, such as:\n\n1. A4 (210 x 297 mm)\n2. A5 (148 x 210 mm)\n3. B6 (128 x 182 mm)\n4. B5 (176 x 250 mm)\n\nThese European sizes are based on the ISO 216 standard, which is different from the US system. However, many publishers use these sizes for their books, especially for international editions.\n\nIn summary, while there is no strict standardization for book sizes, there are common sizes that publishers tend to use based on the type of book and its intended use. These sizes can vary slightly between publishers and between the US and Europe, but they generally follow the guidelines mentioned above."}]}