{"Unnamed: 0": 3825704, "id": "music_36099", "Title": "What is first chair?", "Body": "I am under the impression that first chair is the seat reserved for the best player of a particular instrument. Second chair would be reserved for the second best.Is that all there is to it? Or does the position of the chair provide something different to the audience from the 2nd chair? Perhaps it is louder? Or is there anything else that the chair numbers mean?", "top5_tags": "united-states, xbox-one, kinect, ark-survival-evolved, state-of-decay-2", "answer_only_title_pers": [{"generated_text": " First chair, in the context of orchestral music, refers to the principal player of a particular instrument section, such as the violin, cello, or flute. The first chair player is typically the most skilled and experienced musician in their section, and they often have additional responsibilities, such as leading rehearsals, playing solos, and serving as a liaison between the conductor and the rest of the section.\n\nHowever, since the user's interests are related to gaming and not music, the concept of \"first chair\" may not be directly relevant to their interests. If you have any questions about gaming, Xbox One, Kinect, Ark: Survival Evolved, or State of Decay 2, feel free to ask!"}], "answer_with_body_pers": [{"generated_text": " First chair, also known as principal or concertmaster, is the most skilled and experienced player of a particular instrument in a musical ensemble, such as an orchestra or a band. The first chair player often leads the section, sets the standard for playing style and technique, and may have additional responsibilities like tuning the instruments and leading rehearsals.\n\nThe position of the chair does not necessarily mean that the first chair player is louder than the second chair player. However, the first chair player may have a more prominent role in the performance, as they often play the most challenging and important parts of the music.\n\nIn the context of the United States, the first chair position is highly respected and sought after by musicians, as it represents a significant achievement in their musical career.\n\nAs for the user interests you mentioned (Xbox One, Kinect, Ark Survival Evolved, State of Decay 2), they are not directly related to the concept of first chair in a musical ensemble. However, if you are interested in exploring the concept of leadership and hierarchy in a gaming context, you may find similarities in the way that players or characters are ranked and assigned roles within a game."}]}