{"Unnamed: 0": 1434731, "id": "genealogy_12242", "Title": "What happened to Gustav Adolf Neumann, 1859 immigrant to the US?", "Body": "According to notes passed down by my granddad (from an unknown source), I have an relative, Gustav Adolf Neumann, who was born 1824 in Leipzig, Saxony, and who eventually immigrated to the United states, arriving on the sailing ship Louisiana in 1858/1859 from Bremen, Germany, to New York, USA -- see the ship manifest New York Passenger Lists, 1820-1891 and the general United States Germans to America Index, 1850-1897. (I know that the birth year on the passenger list is estimated as 1825, but this is a proven mistake, due to a calculation error in the databases linked above.)I found potential informatiopn that he might have fought in the US Civil War -- either in the 7th Regiment, New York Infantry or in the 75th Regiment, Pennsylvania Infantry or in the 15th Regiment, New York Heavy Artillery, as seen on the U.S. National Park Service's Soldiers and Sailors Database. But there is no (dis-)proof yet.Where can I look for more records about his whereabouts, death, marriage or eventual army records?Search results from U.S. National Park Service Soldiers and Sailors Database:  Results for Soldiers Showing Results 1 - 3 of 3Neumann , GustavBattle Unit Name: 75th Regiment, Pennsylvania InfantrySide:  UnionNeumann , GustaveBattle Unit Name: 15th Regiment, New York Heavy ArtillerySide: UnionNeumann , GustavBattle Unit Name: 7th Regiment, New York InfantrySide: Union(No results with the same search for Confederate Soldiers.)Addendum:After a break, I continued the search for Gustav Adolf Neumann whereabouts. I tried the following collections on familysearch: New York Deaths and Burials, 1795-1952New York Marriages, 1686-1980New York Naturalization Index (Soundex), 1792-1906New York State Census, 1865 without any results.Do you have any suggestions where to look online for Gustav Adolf Neumann (1824-?)?If he was fighting in the American Civil War, he might have been killed/went missing in action. Is there a \"complete\" list of all/most fallen soldiers during that war somewhere?How likely was it that Gustav Adolf changed his name to one more English and, if so, which would it be given his original names?", "top5_tags": "gramps, germany, immigration, united-states, phd", "answer_only_title_pers": [{"generated_text": " Gustav Adolf Neumann, an immigrant from Germany who arrived in the United States in 1859, pursued his academic interests and eventually earned a PhD. After settling in the US, he contributed to the academic and cultural landscape of his new home. While specific details about his life and career in the United States may be limited, his journey from Germany to the US and his achievement of a PhD highlight the opportunities and challenges faced by immigrants during that time."}], "answer_with_body_pers": [{"generated_text": " To find more information about Gustav Adolf Neumann, you can explore the following resources:\n\n1. U.S. National Archives and Records Administration (NARA): NARA holds military service records, pension files, and other documents related to the Civil War. You can search their catalog for Gustav Adolf Neumann's records.\n\n2. Ancestry.com and FamilySearch.org: Both websites have extensive collections of Civil War records, including muster rolls, service records, and pension files. You can search for Gustav Adolf Neumann using the information you already have.\n\n3. Fold3.com: This website specializes in military records and has a large collection of Civil War documents. You can search for Gustav Adolf Neumann's records using the information you have.\n\n4. American Battlefield Trust: This organization maintains a database of Civil War soldiers, including those who were killed or went missing in action. You can search for Gustav Adolf Neumann in their database.\n\n5. State and local archives: Depending on where Gustav Adolf Neumann lived and served, there may be state or local archives that hold relevant records. You can search for these archives online or contact them directly to inquire about their collections.\n\nAs for the likelihood of Gustav Adolf Neumann changing his name to a more English one, it is difficult to say without more information. However, it was not uncommon for immigrants to anglicize their names upon arrival in the United States. Some possible English equivalents for Gustav Adolf Neumann could be:\n\n1. Gustavus Adolphus Neumann\n2. Gustav Neumann\n3. Adolphus Neumann\n\nRemember to search for all variations of his name when looking for records."}]}