{"Unnamed: 0": 1435490, "id": "health_12024", "Title": "What happened to this guy? (Graphic)", "Body": "There's an image floating round the internet.The source, near as I can tell, is an upload to Pinterest with no explanation.If there were just one wound you might think it was a spider bite, but there are several all in a row. And they're all tied off as if the cavities are all connected underneath the skin.What is going on here? What happened to this guy?", "top5_tags": "story-identification, single-word-requests, star-trek, plot-explanation, time-travel", "answer_only_title_pers": [{"generated_text": " In the Star Trek universe, specifically in the episode \"Yesterday's Enterprise\" from Star Trek: The Next Generation, a man named Kieran MacDuff, a Starfleet officer, is transported back in time to the era of the original Enterprise (NCC-1701) due to a malfunctioning transporter. This event creates an alternate timeline where the Federation and Klingon Empire are at war.\n\nMacDuff, who is from the future, is initially confused and disoriented by the sudden change in time. He is eventually discovered by Captain Jean-Luc Picard and his crew, who are equally perplexed by the appearance of a Starfleet officer from the future.\n\nAs the story unfolds, MacDuff and the Enterprise crew work together to find a way to return him to his own time. They discover that the only way to do so is to prevent the events that led to the creation of the alternate timeline. This involves convincing Captain James T. Kirk to make a different decision during a critical moment in the past.\n\nIn the end, MacDuff successfully returns to his own time, and the original timeline is restored. The episode concludes with the Enterprise crew bidding farewell to their newfound friends from the past, and MacDuff returning to his own time, forever changed by his experience."}], "answer_with_body_pers": [{"generated_text": " The image you're referring to seems to depict a person with multiple puncture wounds, all in a row and tied off, as if they were connected underneath the skin. While the exact cause of these wounds is not clear from the image alone, one possible explanation could be a medical procedure known as \"bloodletting.\"\n\nBloodletting is an ancient medical practice that involves the withdrawal of blood from a patient to cure or prevent illness and disease. In the past, it was believed that bloodletting could balance the body's \"humors\" and restore health. The procedure was often performed by making small incisions in the skin and then using a lancet or other tool to draw blood. The wounds would then be tied off to stop the bleeding.\n\nHowever, it's also possible that the image could be related to a fictional scenario, such as a scene from a science fiction or fantasy story. In such cases, the wounds could be the result of a unique plot device, such as a character being subjected to a mysterious or experimental treatment, or even a form of torture.\n\nWithout more context or information about the source of the image, it's difficult to determine the exact cause of the wounds. If you have any additional details or clues, please share them, and I'll do my best to provide a more accurate explanation."}]}