{"Unnamed: 0": 161597, "id": "christianity_2547", "Title": "What is the Biblical evidence that there are ONLY three persons in the \"Trinity\"?", "Body": "(This is a followup to the various answers for the question What is the Biblical basis for the doctrine of the Trinity?)The specific concept of 'trinity' isn't specifically spelled out in the Bible.  Instead, we have deduced from various scripture verses that there are three distinct persons within the Godhead.What is the Biblical evidence that there are only three persons in the Godhead?  Why don't trinitarians believe that there could be others that are not revealed specifically through scripture, or that we can attribute multiple \"persons\" to a single concept of Father or Holy Spirit?", "top5_tags": "us-citizens, united-states, mexico, usa, air-travel", "answer_only_title_pers": [{"generated_text": " The concept of the Trinity, which refers to the belief in one God in three persons - the Father, the Son (Jesus Christ), and the Holy Spirit - is a central doctrine in Christianity. While the term \"Trinity\" is not explicitly mentioned in the Bible, there are several passages that provide evidence for this belief. Here are some key biblical verses that support the idea of the Trinity:\n\n1. Matthew 28:19: \"Go therefore and make disciples of all nations, baptizing them in the name of the Father and of the Son and of the Holy Spirit.\" This verse, known as the Great Commission, demonstrates the three distinct persons of the Trinity being invoked together.\n\n2. John 1:1,14: \"In the beginning was the Word, and the Word was with God, and the Word was God. And the Word became flesh and dwelt among us.\" This passage refers to Jesus Christ as the Word (Logos) who is both with God and is God, indicating the unity of the Father and the Son.\n\n3. John 14:16-17: \"And I will ask the Father, and he will give you another advocate to help you and be with you forever\u2014the Spirit of truth. The world cannot accept him, because it neither sees him nor knows him. But you know him, for he lives with you and will be in you.\" Here, Jesus speaks of the Holy Spirit as another advocate who will be with believers, indicating the distinct personhood of the Holy Spirit.\n\n4. 2 Corinthians 13:14: \"May the grace of the Lord Jesus Christ, and the love of God, and the fellowship of the Holy Spirit be with you all.\" This verse, known as the Trinitarian Blessing, invokes the three persons of the Trinity together.\n\n5. Matthew 28:20: \"And surely I am with you always, to the very end of the age.\" This verse, spoken by Jesus, indicates the presence of the Holy Spirit with believers, further supporting the idea of the Trinity.\n\nWhile these verses do not explicitly state that there are only three persons in the Trinity, they provide evidence for the belief in the Father, the Son, and the Holy Spirit as distinct yet unified persons within the Godhead. The doctrine of the Trinity is a mystery that has been explored and affirmed by Christian theologians throughout history, and it remains a central tenet of the Christian faith."}], "answer_with_body_pers": [{"generated_text": " The Biblical evidence for the concept of the Trinity, which posits that there are three distinct persons within the Godhead, can be found in several scripture verses. These verses, when taken together, provide a basis for the belief in the Trinity, though the term itself is not explicitly mentioned in the Bible. Here are some key verses that support the idea of three persons in the Godhead:\n\n1. Matthew 28:19: \"Go therefore and make disciples of all nations, baptizing them in the name of the Father and of the Son and of the Holy Spirit.\" This verse demonstrates the three distinct persons of the Father, Son, and Holy Spirit, as they are all mentioned together in the context of baptism.\n\n2. John 1:1,14: \"In the beginning was the Word, and the Word was with God, and the Word was God.... And the Word became flesh and dwelt among us.\" In this passage, Jesus (the Word) is identified as both distinct from God (the Father) and yet also fully God.\n\n3. 2 Corinthians 13:14: \"May the grace of the Lord Jesus Christ, and the love of God, and the fellowship of the Holy Spirit be with you all.\" This verse mentions the three persons of the Godhead in a context of blessing and unity.\n\n4. Isaiah 6:8: \"Then I heard the voice of the Lord saying, 'Whom shall I send, and who will go for us?' And I said, 'Here am I; send me!'\" In this passage, the Father, Son, and Holy Spirit are all present and interacting with one another.\n\n5. Acts 5:3-4: \"But Peter said, 'Ananias, how is it that Satan has so filled your heart that you have lied to the Holy Spirit and have kept for yourself some of the money you received for the land? While it remained unsold, did it not remain your own? And after it was sold, was it not at your disposal? What made you think of doing such a thing? You have not lied just to human beings but to God.'\" In this passage, the Holy Spirit is addressed as a distinct person within the Godhead.\n\nThese verses, among others, provide a basis for the belief in the Trinity, which posits that there are three distinct persons within the Godhead: the Father, the Son (Jesus Christ), and the Holy Spirit. While the Bible does not explicitly state that there are only three persons in the Godhead, the concept of the Trinity is derived from the consistent portrayal of these three persons as distinct yet united in the scriptures.\n\nAs for the question of why trinitarians do not believe that there could be others that are not revealed specifically through scripture or that we can attribute multiple \"persons\" to a single concept of Father or Holy Spirit, it is because the doctrine of the Trinity is based on the belief that God has revealed Himself as three persons in the Bible. The concept of the Trinity is not an invention of human thought but rather a conclusion drawn from the scriptural evidence. The unity and distinctiveness of the Father, Son, and Holy Spirit are essential to the Christian understanding of God, and this understanding is grounded in the biblical revelation of God's nature and work."}]}