{"Unnamed: 0": 198539, "id": "expatriates_1193", "Title": "How can one check his Canadian tax return has been successfully filed after leaving Canada?", "Body": "I lived in Canada last year.  I did a NETFILE system through an online tax company, and it came up with an error.  I tried again, and it still errored, but then returned me to the home page, where it says my return was 'printed and filed'.This makes me uneasy, as at no point did they say 'yay, success' or anything along those lines.  Is there a way to check with CRA from outside the country to see if your return has been filed successfully? I'd hate to get stuck with a late filing.", "top5_tags": "air-travel, online-resources, usa, airlines, legal", "answer_only_title_pers": [{"generated_text": " To check if your Canadian tax return has been successfully filed after leaving Canada, you can follow these steps:\n\n1. Access the Canada Revenue Agency (CRA) website: Visit the CRA's official website (www.cra-arc.gc.ca) and navigate to the \"My Account\" section.\n\n2. Sign in to your CRA account: If you have already registered for a CRA account, sign in using your username and password. If you haven't registered yet, you can create an account by following the instructions on the website.\n\n3. View your tax return status: Once you're logged in, you can view the status of your tax return under the \"View My Profile\" section. Here, you'll find information about your most recent tax return, including whether it has been processed, accepted, or if there are any outstanding issues.\n\n4. Contact the CRA: If you're unable to access your account or need further assistance, you can contact the CRA directly. You can reach them by phone, email, or by visiting a CRA Service Canada office.\n\n5. Use online resources: The CRA website offers various online resources to help you understand the tax filing process and check your tax return status. You can also find information about filing taxes as a non-resident or a Canadian living abroad.\n\nRemember that the CRA processes tax returns in the order they are received, so it may take some time for your return to be processed. If you have any concerns or questions about your tax return, it's always a good idea to reach out to the CRA for assistance."}], "answer_with_body_pers": [{"generated_text": " To check if your Canadian tax return has been successfully filed after leaving Canada, you can follow these steps:\n\n1. Visit the Canada Revenue Agency (CRA) website: Go to https://www.canada.ca/en/revenue-agency/services/tax/individuals/international.html and navigate to the \"International\" section.\n\n2. Use My Account: If you have registered for My Account on the CRA website, you can log in and view your tax information, including the status of your tax return.\n\n3. Contact CRA: If you are unable to access your tax information online, you can contact the CRA directly. You can do this by calling the CRA at 1-800-959-8281 or by sending an email to the CRA. Make sure to have your social insurance number (SIN) and other relevant information handy when contacting them.\n\n4. Check with your tax preparation service: Since you used an online tax company to file your taxes, you can also contact them to confirm the status of your tax return. They may be able to provide you with more information or assist you in contacting the CRA.\n\n5. Monitor your email: Keep an eye on your email for any correspondence from the CRA regarding your tax return. They may send you a confirmation email or request additional information if needed.\n\nRemember that the CRA processes tax returns in the order they are received, so it may take some time for your return to be processed. If you have concerns about your tax return status, it's best to contact the CRA directly for assistance."}]}