{"Unnamed: 0": 1444600, "id": "hsm_2659", "Title": "What is the decade of experimentation that start to verify the formulas from mechanics of vibration?", "Body": "What is the decade of experimentation that start to verify the formulas from classical mechanics of vibration?People unable to \"see\" or \"hear\" the vibration of the objects in the late 19 century...", "top5_tags": "united-states, logic, international, mathematics, classical-mechanics", "answer_only_title_pers": [{"generated_text": " The decade of experimentation that began to verify the formulas from mechanics of vibration was the 18th century, specifically the 1730s. This period saw significant advancements in the field of classical mechanics, with notable contributions from scientists such as Daniel Bernoulli and Jean le Rond d'Alembert. Their work laid the foundation for the mathematical understanding of vibrations and wave phenomena, which has since been applied in various fields, including engineering and physics."}], "answer_with_body_pers": [{"generated_text": " The decade of experimentation that started to verify the formulas from classical mechanics of vibration was the 1820s. During this period, significant advancements were made in the field of vibrational mechanics, particularly by the French mathematician and physicist Jean-Baptiste Joseph Fourier. In 1822, Fourier published his seminal work \"Th\u00e9orie analytique de la chaleur\" (The Analytical Theory of Heat), which introduced the concept of Fourier series and Fourier transform. These mathematical tools allowed for the analysis of periodic functions and the study of vibrations in various systems.\n\nFourier's work laid the foundation for the development of the field of vibrational mechanics and the verification of formulas related to the mechanics of vibration. His methods were later applied to a wide range of problems in classical mechanics, including the study of vibrating strings, membranes, and other mechanical systems.\n\nIn the United States, the 1820s also saw the work of scientists like Joseph Henry, who made significant contributions to the understanding of electromagnetism and the study of vibrations in mechanical systems.\n\nOverall, the 1820s marked a crucial period in the development of classical mechanics of vibration, with the work of Fourier and other scientists leading to the verification of key formulas and the establishment of a solid theoretical foundation for the field."}]}