{"Unnamed: 0": 5658213, "id": "musicfans_1", "Title": "What does it mean for an album to be remastered?", "Body": "There are times when older albums get re-released as a remastered version.  What is the difference between the original version and the remastered version? ", "top5_tags": "theory, terminology, dnd-5e, history, notation", "answer_only_title_pers": [{"generated_text": " An album being remastered means that the original recordings have been revisited and enhanced to improve the overall sound quality. This process involves using modern technology and techniques to clean up the audio, correct any imperfections, and sometimes even adjust the balance and dynamics of the tracks. The goal of remastering is to present the music in the best possible way for contemporary listeners, while still preserving the original artistic intent of the musicians and producers.\n\nRemastering can involve various steps, such as:\n\n1. Digitizing the original analog recordings, if they haven't been done already.\n2. Cleaning up the audio by removing background noise, clicks, and other unwanted sounds.\n3. Adjusting the equalization (EQ) to balance the frequencies and make the music sound more vibrant and clear.\n4. Applying dynamic range compression to ensure that the quieter and louder parts of the music are more consistent in volume.\n5. Enhancing the stereo image to create a more immersive listening experience.\n6. Upgrading the audio format, such as converting from mono or stereo to surround sound or high-resolution audio.\n\nRemastered albums can be released as standalone products or as part of a deluxe or anniversary edition, often including bonus tracks, previously unreleased material, or other special features. The remastering process is typically carried out by audio engineers and producers who have a deep understanding of both the technical aspects of sound and the artistic vision behind the original recordings."}], "answer_with_body_pers": [{"generated_text": " A remastered album refers to the process of enhancing the sound quality of an existing recording, typically an older album, to meet the standards of modern audio technology. The primary goal of remastering is to improve the listening experience by making the music clearer, more dynamic, and more balanced.\n\nThe difference between the original version and the remastered version lies in the audio quality and the overall sound presentation. Here are some key aspects that are addressed during the remastering process:\n\n1. Audio restoration: Remastering often involves removing or reducing unwanted noise, such as hiss, clicks, and pops, that may have been present in the original recording. This is achieved through digital audio editing and noise reduction techniques.\n\n2. Equalization: The remastering process may involve adjusting the frequency balance of the recording to achieve a more pleasing and balanced sound. This can include boosting or cutting specific frequency ranges to enhance the overall tonal quality of the music.\n\n3. Dynamic range: Remastering can also involve adjusting the dynamic range of the recording, which is the difference between the loudest and softest parts of the music. This can help to create a more consistent and impactful listening experience.\n\n4. Stereo and surround sound: In some cases, remastered albums may be re-mixed to take advantage of modern stereo or surround sound formats. This can provide a more immersive listening experience and better separation of instruments and vocals.\n\n5. Mastering: The final step in the remastering process is mastering, which involves preparing the audio for distribution on various formats, such as CD, vinyl, or digital streaming platforms. This can include adjusting the overall volume, adding metadata, and ensuring that the audio meets the technical specifications of the chosen format.\n\nIn summary, a remastered album is an updated version of an original recording that has been enhanced to meet the standards of modern audio technology. The remastering process aims to improve the sound quality and listening experience by addressing issues such as noise reduction, equalization, dynamic range, and stereo/surround sound."}]}