{"Unnamed: 0": 1432226, "id": "gardening_24226", "Title": "What is this small red fruit with a passion fruit like pulp inside?", "Body": "Can anyone identify this fruit?  Its ripening now, which is early autumn here in New Zealand.", "top5_tags": "brazilian-jiu-jitsu, equipment, gi, uniform, history", "answer_only_title_pers": [{"generated_text": " The small red fruit you're describing with a passion fruit-like pulp inside is likely a \"Ceratostoma apiculatum,\" commonly known as the \"Red Salmonberry.\" However, this fruit is not related to Brazilian Jiu-Jitsu, equipment, gi, uniform, or history. If you have any questions related to Brazilian Jiu-Jitsu or its equipment, I'd be happy to help with those."}], "answer_with_body_pers": [{"generated_text": " The small red fruit you're describing with a passion fruit-like pulp inside is likely a \"Cercis canadensis,\" commonly known as the Eastern Redbud. It's a native tree to North America and is known for its vibrant pink to red flowers in early spring, which later develop into small, round, red fruits. The fruits are edible and have a sweet, tangy flavor similar to passion fruit.\n\nWhile this information may not be directly related to your interests in Brazilian Jiu-Jitsu, equipment, gi, uniform, and history, I hope it helps you identify the fruit you've come across. Enjoy your fruit-picking and training!"}]}