{"Unnamed: 0": 178879, "id": "english_11826", "Title": "Why are people from Sunderland called \"mackems\"?", "Body": "In the north-east of England, if nowhere else, people from Sunderland are called \"mackems\". Does anyone know why this should be? Wikipedia suggests a number of possibilities. Are any of these correct?", "top5_tags": "etymology, slang, meaning, expressions, single-word-requests", "answer_only_title_pers": [{"generated_text": " The term \"mackems\" is a nickname for people from Sunderland, a city in the North East of England. The origin of the term is believed to be linked to the shipbuilding industry that was once a significant part of Sunderland's economy.\n\nOne popular theory suggests that the term comes from the phrase \"We Mak'em and They Tak'em.\" This phrase refers to the rivalry between Sunderland and Newcastle, another city in the North East of England. Newcastle was known for its shipbuilding industry, while Sunderland was known for manufacturing the ships. The ships would be built in Sunderland and then taken to Newcastle for fitting out and launching.\n\nAnother theory suggests that the term \"mackem\" comes from the phrase \"mackem men,\" which was used to describe the workers in Sunderland's shipyards. The term \"mackem\" is thought to be derived from the verb \"to make,\" as the workers were involved in the manufacturing process of the ships.\n\nRegardless of its exact origin, the term \"mackem\" has become a source of pride for many people from Sunderland, and it is often used in a friendly and affectionate manner. It is also used in various expressions and slang, such as \"mackem lad\" or \"mackem lass,\" to refer to someone from Sunderland."}], "answer_with_body_pers": [{"generated_text": " The term \"mackems\" is a colloquial nickname for people from Sunderland, a city in the North East of England. The etymology of the term is not definitively known, but there are several theories that attempt to explain its origin.\n\nOne popular theory suggests that the term originated from the shipbuilding industry in Sunderland during the 19th century. The city was known for its shipyards, and the term \"mackem\" is believed to have derived from the phrase \"we mak'em and they tak'em,\" referring to the shipbuilders who built the ships (mak'em) and the people from Newcastle upon Tyne, a nearby city, who would then take them (tak'em). This theory is supported by the fact that Sunderland and Newcastle have a long-standing rivalry, and the term \"mackems\" is often used in a friendly, yet competitive, manner.\n\nAnother theory suggests that the term \"mackems\" may have originated from the phrase \"mackem men,\" which was used to describe the working-class men of Sunderland who were known for their hard work and strong work ethic. This theory is supported by the fact that Sunderland has a rich industrial history, and the term \"mackems\" may have been used to highlight the city's working-class roots.\n\nA third theory suggests that the term \"mackems\" may have originated from the phrase \"mackem ware,\" which was used to describe the goods produced in Sunderland. This theory is supported by the fact that Sunderland was known for its manufacturing industry, and the term \"mackems\" may have been used to highlight the city's reputation for producing high-quality goods.\n\nWhile the exact origin of the term \"mackems\" remains uncertain, it is clear that the nickname has become an integral part of the identity of people from Sunderland. The term is often used in a friendly, yet competitive, manner, and serves as a reminder of the city's rich industrial history and strong working-class roots."}]}