{"Unnamed: 0": 1444490, "id": "history_9885", "Title": "Which figure is this a statue of?", "Body": "In Ocean's 12, towards the end of the movie in the famous scene where Night Fox is dodging the laser field to steal the (fake) coronation egg at the museum, we see this statue in the foreground.My question is, what is this statue or rather or who is this a statue of? It seems like a famous classical Greek figure, maybe even a mythological figure. The figure is beautifully haunting and has been bugging me ever since I first saw it in the movie.The clip is in HD here with the statue showing up for a few seconds starting at 1:06.This is not a movie question but rather a question regarding a piece of art of classical antiquity. That's why I am posting it here hoping the history buffs can help me instead of the Stack Exchange Movies Beta.Thanks.", "top5_tags": "united-states, do-androids-dream-of-electric-sheep, baroque-period, history, short-stories", "answer_only_title_pers": [{"generated_text": " This statue is of George Washington, the first President of the United States. It is a prominent figure in American history and is often associated with the Baroque period due to its grandeur and intricate details. However, the statue itself is not a product of the Baroque period, as it was created much later."}], "answer_with_body_pers": [{"generated_text": " The statue in the movie Ocean's 12 is a representation of the Greek mythological figure Medusa. Medusa is one of the three Gorgon sisters and is known for her hair of living, venomous snakes and her ability to turn anyone who looked directly at her into stone. The statue's haunting beauty and the fact that it is placed in the foreground of the scene where the Night Fox is dodging lasers adds to the tension and drama of the scene."}]}