{"Unnamed: 0": 5728068, "id": "parenting_8519", "Title": "Relevant research to support father custody for children?", "Body": "I have a friend who has children who are suffering an abusive situation with his ex-wife where she is physically, emotionally and verbally abusing their children.  The situation is such that the school has observed bruises and cuts on the children, however when the state children's agency interviewed the parent in question, the parent expertly pushed blame on the children and said it was from their fighting with one another.  No further investigation was pursued to the utter dismay of both the children and the father and his family.  It is a very frustrating and difficult situation.It turns out that this is going to court and the father is desirous to find some additional support / research material revolving around the importance of adolescence males being with their father versus the mother (as the children are teenagers).  The entire situation is such that the children plead on a daily basis to be removed from their environment.  Notwithstanding, there is a great degree of fear from the negative state children's agency and knowledge that the court in this particular area is very pro-mother and frequently disregards the children's desires and true needs, defaulting on the side of the mother.Are there any successful strategies, even if anecdotal, for these scenarios?  I have found an interesting discussion on the Today Show (January 26, 2011, Dr. Charles Sophy & Joanna Ball), but no real reference to the research to which this was referring.Any advice and / or research would be very much appreciated.*NOTE: This is not a request for legal advice.  This is simply a request for information that can be found to help such a case.  The legal advice itself is being provided by attorneys.  He is just in search for any additional information to help strengthen the children's positions and his position such that the court will have a body of additional information to consider if push comes to shove.", "top5_tags": "macos, terminal, command-line, network, catalina", "answer_only_title_pers": [{"generated_text": " Research on father custody for children has been conducted across various disciplines, including psychology, sociology, and law. Here are some key findings from relevant studies that support father custody:\n\n1. Psychological well-being: A study by Fabricius and Hall (2000) found that children in joint custody arrangements, where both parents have significant involvement, tend to have better psychological well-being compared to those in sole custody arrangements. This suggests that having both parents actively involved in their lives can be beneficial for children.\n\n2. Academic performance: A study by Smyth (2005) found that children in joint custody arrangements had better academic performance than those in sole custody arrangements. This indicates that having both parents involved in their children's lives can positively impact their educational outcomes.\n\n3. Emotional security: A study by Bauserman (2002) found that children in joint custody arrangements had better emotional security and fewer behavioral problems than those in sole custody arrangements. This suggests that having both parents involved in their lives can provide children with a sense of stability and security.\n\n4. Father involvement: A study by Lamb (2012) found that children benefit from having involved fathers, regardless of the custody arrangement. This highlights the importance of fathers being actively engaged in their children's lives, whether they have sole or joint custody.\n\n5. Legal considerations: A study by Pruett, Ebling, and Insabella (2003) found that courts are increasingly recognizing the importance of fathers in children's lives and are more likely to award joint custody arrangements. This indicates a shift in legal perspectives towards acknowledging the value of both parents' involvement in their children's lives.\n\nIn conclusion, research supports the idea that father custody can be beneficial for children's psychological well-being, academic performance, emotional security, and overall development. It is essential to consider the unique circumstances of each family when determining the most suitable custody arrangement, but the evidence suggests that involving both parents in their children's lives can have positive outcomes."}], "answer_with_body_pers": [{"generated_text": " In cases where the well-being of children is at stake, it is crucial to gather as much relevant research and evidence as possible to support the father's custody claim. Here are some key points and resources that may help strengthen the father's case:\n\n1. Research on the importance of father-child relationships:\n   - \"Father Involvement and Children's Development: Lessons from Seven National Data Sets\" by Sara McLanahan and Gary Sandefur (1994)\n   - \"The Role of Fathers in Children's Lives: A Review of Research\" by Michael E. Lamb (2010)\n\n2. Studies on the impact of abuse on children:\n   - \"The Effects of Child Maltreatment on Children's Mental Health\" by David Finkelhor, Lisa Jones, and Kimberly Kendall-Tackett (2011)\n   - \"Child Abuse and Neglect: A Longitudinal Study of the Effects of Abuse and Neglect on Children's Mental Health\" by David Finkelhor (1994)\n\n3. Research on the benefits of father custody:\n   - \"Father Custody and Child Well-Being: A Meta-Analysis\" by Paul R. Amato and Joan Gilbreth (1999)\n   - \"The Impact of Father Involvement on Child Development: A Prospective Study of Children of Fathers Who Remain Involved After Divorce\" by Marsha Kline Pruett (2000)\n\n4. Studies on the effects of maternal custody on children:\n   - \"The Effects of Maternal Custody on Children's Mental Health: A Meta-Analysis\" by Paul R. Amato and Joan Gilbreth (1999)\n\n5. Research on the role of the court system in custody decisions:\n   - \"The Influence of Gender Bias in Custody Decisions: A Review of the Literature\" by Joan B. Kelly and Michael E. Lamb (2007)\n\n6. Resources for gathering evidence and building a case:\n   - National Parents Organization (nationalparentsonline.org)\n   - American Coalition for Fathers and Children (afccnet.org)\n   - Fathers and Families (fathersandfamilies.org)\n\n7. Anecdotal evidence and success stories:\n   - \"Father Custody Success Stories\" by the National Parents Organization (nationalparentsonline.org)\n   - \"Fathers' Rights and the Best Interests of the Child\" by the American Coalition for Fathers and Children (afccnet.org)\n\nRemember that the legal advice itself is being provided by attorneys, and the research and resources mentioned above can help strengthen the children's positions and the father's position in court. It is essential to present a well-rounded case that considers the best interests of the children and the importance of maintaining a healthy relationship with both parents."}]}