{"Unnamed: 0": 1438631, "id": "hinduism_1", "Title": "Is there an Orthodox Hinduism?", "Body": "Orthodoxy in Christianity is the holding to the oldest beliefs.  It is of course impossible for the religion not to evolve at all as new questions and there answer have to addressed. The \"Orthodox\" version is often considered to be the least evolved sect of a religion.  Does the concept of Orthodox apply in Hinduism? ", "top5_tags": "rabbits, health, safety, cats, canoes", "answer_only_title_pers": [{"generated_text": " Orthodox Hinduism, as a term, is not commonly used in the same way as Orthodox Christianity. Hinduism is a diverse and complex religion with a wide range of beliefs, practices, and traditions. It does not have a centralized authority or a single set of doctrines, which makes the concept of \"orthodoxy\" less applicable.\n\nHowever, there are certain core beliefs and practices that are widely accepted among Hindus, such as the belief in karma, dharma, and the cycle of birth, death, and rebirth (samsara). There are also various schools of thought within Hinduism, such as Advaita Vedanta, Dvaita, and Bhakti, which have their own interpretations of Hindu scriptures and teachings.\n\nIn summary, while there is no single \"Orthodox Hinduism,\" there are core beliefs and practices that are widely accepted among Hindus, as well as various schools of thought that offer different interpretations of Hindu teachings."}], "answer_with_body_pers": [{"generated_text": " In Hinduism, the concept of orthodoxy is not as clearly defined as it is in Christianity. Hinduism is a diverse and pluralistic religion with a vast array of beliefs, practices, and traditions. It does not have a centralized authority or a single holy book that dictates the \"correct\" or \"orthodox\" way of practicing the faith.\n\nHowever, there are certain core beliefs and practices that are widely accepted among Hindus, such as the belief in karma, dharma, and the cycle of birth, death, and rebirth (samsara). These core beliefs can be considered as the \"orthodox\" elements of Hinduism.\n\nAdditionally, there are four main branches or \"orthodox\" schools of Hindu philosophy, known as the \"Astika\" schools: Nyaya, Vaisheshika, Samkhya, and Yoga. These schools share a common foundation in the Vedas and Upanishads, which are considered the oldest and most authoritative scriptures in Hinduism.\n\nIn conclusion, while the concept of orthodoxy in Hinduism is not as rigid or clearly defined as in Christianity, there are certain core beliefs and practices that are widely accepted among Hindus, as well as four main branches of philosophy that share a common foundation in the Vedas and Upanishads."}]}