{"Unnamed: 0": 1436448, "id": "hermeneutics_1290", "Title": "What exactly does \u05de\u05b4\u05db\u05b0\u05e0\u05b8\u05e1 (miknac) mean?", "Body": "Researching a related question, I came across passages like:  You shall also make for them linen breeches to cover their nakedness; they shall extend from the hips to the thighs.\u2014Exodus 28:42 (NJPS)and  The priest shall dress in linen raiment, with linen breeches next to his body; and he shall take up the ashes to which the fire has reduced the burnt offering on the altar and place them beside the altar.\u2014Leviticus 6:3 (NJPS) [N.B.: Leviticus 6:10 in many English translations]The bolded word is miknac <04370> and means (according to Strongs):  1) underwear, drawers, trousers  1a) a priestly undergarment of linenWhat exactly were these garments?  Were they most similar to breeches (following the NJPS translation) or closer to modern male undergarments (following the ESV)?", "top5_tags": "hebrew, history, 1-samuel, genesis, mark", "answer_only_title_pers": [{"generated_text": " \u05de\u05b4\u05db\u05b0\u05e0\u05b8\u05e1 (miknac) is a Hebrew word that translates to \"cloak\" or \"garment\" in English. It is a term used in the Hebrew Bible to describe a type of clothing that was worn by people in ancient times. The word is derived from the root \u05db\u05e0\u05e1 (knas), which means \"to gather\" or \"to collect,\" reflecting the way the garment was draped or gathered around the body.\n\nIn the context of the Hebrew Bible, the term miknac is mentioned in various books, including 1 Samuel and Genesis. For example, in 1 Samuel 16:7, the prophet Samuel is instructed by God to anoint David as the future king of Israel, and the verse states: \"But the Lord said to Samuel, 'Do not look on his appearance or on the height of his stature, because I have rejected him. For the Lord sees not as man sees: for man looks at the outward appearance, but the Lord looks at the heart.'\" In this verse, the word miknac is used to describe the garment that Samuel wears.\n\nIn the book of Genesis, the term miknac is used in the context of clothing and garments. For example, in Genesis 3:21, after Adam and Eve are expelled from the Garden of Eden, God makes garments of skin for them to wear: \"Then the Lord God made garments of skin for Adam and his wife and clothed them.\" In this verse, the word miknac is used to describe the garments that God made for Adam and Eve.\n\nIn the New Testament, the term miknac is not used directly, but the concept of clothing and garments is still present. In the Gospel of Mark, for example, Jesus is described as wearing a garment that was seamless, woven in one piece from top to bottom (Mark 16:19).\n\nIn summary, \u05de\u05b4\u05db\u05b0\u05e0\u05b8\u05e1 (miknac) is a Hebrew word that means \"cloak\" or \"garment.\" It is used in the Hebrew Bible to describe clothing worn by people in ancient times, and it is mentioned in various books, including 1 Samuel and Genesis."}], "answer_with_body_pers": [{"generated_text": " The Hebrew word \u05de\u05b4\u05db\u05b0\u05e0\u05b8\u05e1 (miknac) refers to a type of garment worn by priests in ancient Israel. According to the passages you mentioned from Exodus and Leviticus, these garments were made of linen and worn underneath the outer priestly garments. They were designed to cover the nakedness of the priests and were an essential part of their ceremonial attire.\n\nBased on the descriptions in the Bible, miknac can be understood as a form of undergarment or underwear, similar to drawers or trousers. The garments extended from the hips to the thighs, as mentioned in Exodus 28:42. While the New Jewish Publication Society (NJPS) translation refers to them as \"breeches,\" the English Standard Version (ESV) describes them as \"linen undergarments.\"\n\nIn terms of their appearance, miknac were likely more similar to breeches than modern male undergarments. Breeches were a common form of clothing in ancient times, and the miknac served a similar purpose in providing coverage and modesty for the priests. The linen material and the specific design of the garments would have distinguished them from other types of undergarments worn by the general population.\n\nIn summary, the Hebrew word \u05de\u05b4\u05db\u05b0\u05e0\u05b8\u05e1 (miknac) refers to a linen undergarment worn by priests in ancient Israel. These garments were similar to breeches and served to cover the nakedness of the priests as part of their ceremonial attire."}]}