{"Unnamed: 0": 1444604, "id": "hsm_2687", "Title": "Did Hooke's law come from experiments, or was it mathematically derived from Newtonian mechanics?", "Body": "Was Hooke's law first coming from experiment or from math derivation of which Newtonian mechanical laws are the only prerequisite? Also can the law itself be reinvented in this way, or is it impossible to derive it mathematically from Newton's fundamental laws?I want to know if Hooke's law is an axiom or a theorem, even though it was called a law...", "top5_tags": "united-states, logic, international, mathematics, classical-mechanics", "answer_only_title_pers": [{"generated_text": " Hooke's law was derived from experiments rather than being mathematically derived from Newtonian mechanics. Robert Hooke, an English scientist, formulated the law in the 17th century after conducting a series of experiments on springs and elastic materials. He observed that the force required to extend or compress a spring by a certain distance is directly proportional to that distance. This relationship is now known as Hooke's law, which can be mathematically expressed as F = -kx, where F is the force applied, k is the spring constant, and x is the displacement of the spring from its equilibrium position.\n\nWhile Hooke's law is consistent with Newtonian mechanics, it was not derived from it. Instead, Hooke's law is a specific case of the more general principle of elasticity, which is a fundamental concept in classical mechanics. Newtonian mechanics, on the other hand, deals with the motion of objects under the influence of forces, and it was developed by Sir Isaac Newton in the late 17th century, after Hooke's experiments."}], "answer_with_body_pers": [{"generated_text": " Hooke's law originated from experiments conducted by Robert Hooke in the 17th century. Hooke observed that the extension of a spring was directly proportional to the applied force, and he formulated this relationship as a law. While Hooke's law can be mathematically derived from Newtonian mechanics, it was not initially derived in this manner.\n\nHooke's law states that the force (F) required to extend or compress a spring by a distance (x) is proportional to that distance, and can be expressed as F = -kx, where k is the spring constant. This relationship can be derived from Newton's second law of motion (F = ma) and the concept of potential energy in a spring system.\n\nIn this context, Hooke's law can be considered a theorem rather than an axiom. An axiom is a self-evident truth that serves as a starting point for further reasoning, while a theorem is a statement that has been proven based on previously established statements, such as axioms and other theorems. Hooke's law was derived from experimental observations and can be mathematically derived from Newtonian mechanics, making it a theorem.\n\nIn summary, Hooke's law originated from experiments and can be mathematically derived from Newtonian mechanics. It is considered a theorem rather than an axiom."}]}