{"Unnamed: 0": 5724597, "id": "outdoors_10426", "Title": "Is a portable jump starter dangerous?", "Body": "Like many campers, I bought a portable jump starter, which contains liquids and gases. In what situation does it get dangerous? Can I simply carry this portable charger along with all my camping gear such as butane gases and stove? Can it be stored under hot/cold weather?", "top5_tags": "ipad, macos, macbook-pro, windows, safety", "answer_only_title_pers": [{"generated_text": " A portable jump starter is generally safe to use when following the manufacturer's instructions and taking necessary precautions. However, like any electrical device, there are potential risks involved. Here are some safety tips to consider when using a portable jump starter:\n\n1. Read the instructions: Before using a portable jump starter, make sure to read and understand the manufacturer's instructions and safety guidelines.\n\n2. Inspect the device: Check the jump starter for any signs of damage, such as frayed cables or a damaged case, before using it.\n\n3. Use the correct cables: Ensure that you are using the correct cables and connectors for your vehicle's battery.\n\n4. Avoid contact with metal: When connecting the jump starter to your vehicle's battery, avoid touching any metal parts of the car or the jump starter to prevent electric shock.\n\n5. Keep away from flammable materials: Do not use a jump starter near flammable materials, such as gasoline or oil, as it can create sparks that may ignite these materials.\n\n6. Do not overcharge: If your jump starter has a built-in battery, avoid overcharging it, as this can cause damage to the device and potentially create a safety hazard.\n\n7. Store safely: When not in use, store the jump starter in a cool, dry place, away from direct sunlight and heat sources.\n\nIn summary, a portable jump starter can be a useful tool for starting a vehicle with a dead battery, but it is essential to follow safety guidelines and use the device responsibly to minimize any potential risks."}], "answer_with_body_pers": [{"generated_text": " A portable jump starter is generally safe to use and carry with your camping gear, but there are certain situations where it can become dangerous. Here are some precautions to consider:\n\n1. Avoid exposing the jump starter to extreme temperatures: Portable jump starters contain lithium-ion batteries, which can be sensitive to extreme heat or cold. Store the jump starter in a temperature-controlled environment, and avoid leaving it in direct sunlight or in a hot car.\n\n2. Keep it away from flammable materials: Although the jump starter itself is not flammable, the gases and liquids inside can be. Store it away from flammable materials such as gasoline, propane, or butane.\n\n3. Do not short-circuit the terminals: Ensure that the positive and negative terminals of the jump starter are not in contact with each other or any metal objects, as this can cause a short circuit and potentially lead to a fire or explosion.\n\n4. Use it as directed: Follow the manufacturer's instructions for using the jump starter, and do not attempt to jump-start a vehicle with a damaged or corroded battery.\n\n5. Keep it away from water: Avoid using the jump starter in wet conditions, and do not expose it to water.\n\nIn summary, a portable jump starter can be safely carried with your camping gear, but it's essential to follow the manufacturer's guidelines and take precautions to avoid exposing it to extreme temperatures, flammable materials, and water. By doing so, you can minimize the risk of accidents and ensure a safe camping experience."}]}