{"Unnamed: 0": 5736181, "id": "rpg_109669", "Title": "Are there any published adventures located in Geb", "Body": "My party wants to travel to Geb and now I am looking for adventures located there to get a feeling for the atmosphere. I have checked the big Adventure Paths so far but could not find any. I know of lots of PFS Adventures but since I do not know how to search all of them I would like to ask here if anyone knows such an adventure.What official Paizo and Pathfinder Society adventures and adventure paths are set in Geb?", "top5_tags": "pathfinder-1e, spells, golarion, pathfinder-2e, magic-items", "answer_only_title_pers": [{"generated_text": " Yes, there are published adventures located in the region of Golarion, specifically within the Pathfinder 1E universe. One notable example is the \"Pathfinder Adventure Path: The Legacy of Fire\" series, which takes players on a journey through the lands of Golarion, including the Geb region. This adventure path is designed for Pathfinder 1E and features a mix of combat, exploration, and intrigue as players uncover the secrets of a powerful artifact and its connection to the world's history.\n\nAdditionally, there are numerous other published adventures and modules set in Golarion that may include the Geb region or similar settings. These adventures often feature a variety of spells, magic items, and other fantasy elements that are integral to the Pathfinder experience.\n\nIf you're interested in Pathfinder 2E, there are also adventures and modules available for that edition, though they may not specifically focus on the Geb region. However, the core themes of exploration, magic, and adventure remain consistent across both editions."}], "answer_with_body_pers": [{"generated_text": " There are no official Paizo or Pathfinder Society adventures or adventure paths set in Geb as of now. Geb is a vast and largely unexplored region in the Golarion setting, and while it has been mentioned in various publications, there hasn't been a dedicated adventure path or official adventure published specifically for this region.\n\nHowever, you can still create your own adventures in Geb by using the information available in the Pathfinder Society's adventure guides and the Golarion setting guide. You can also draw inspiration from the various published adventures set in other regions of Golarion and adapt them to fit the unique environment and challenges of Geb.\n\nTo help you get started, here are some resources you can use to create your own adventures in Geb:\n\n1. Golarion Setting Guide: This guide provides a wealth of information about the different regions of Golarion, including Geb. It includes details about the geography, history, and cultures of the region, as well as information about the various factions and organizations that operate there.\n\n2. Pathfinder Society Adventure Guides: While there are no official adventures set in Geb, you can still use the guidelines and resources provided in the Pathfinder Society Adventure Guides to create your own adventures. These guides include information on creating encounters, designing dungeons, and crafting compelling storylines.\n\n3. Paizo Publishing's Adventure Paths: While there are no official adventure paths set in Geb, you can still draw inspiration from the various published adventure paths and adapt them to fit the unique environment and challenges of Geb. For example, you could take elements from the \"Age of Ashes\" or \"Age of Worms\" adventure paths and incorporate them into your own Geb-based adventure.\n\n4. Pathfinder Society Adventure Paths: While there are no official adventure paths set in Geb, you can still use the resources and guidelines provided in the Pathfinder Society Adventure Paths to create your own adventures. These adventure paths include detailed maps, encounter guides, and story hooks that can help you craft a compelling adventure in Geb.\n\nBy using these resources and drawing inspiration from the existing adventures in the Golarion setting, you can create your own unique and exciting adventures in Geb that will provide a rich and immersive experience for your players."}]}