{"Unnamed: 0": 159041, "id": "buddhism_1", "Title": "Is there an equivalent of heaven and hell in Buddhism?", "Body": "According to most sources, a soul stays in samsara until it concentrates enough karma to get yet another rebirth.However, I failed to find any sources explaining if this process is eternal. In other words, what happens if a soul has committed so many sins that it's unable to accumulate enough karma? Or, in other words, is there a \"dead end\" when no more rebirth is possible?", "top5_tags": "united-states, russian-federation, ukraine, russia, terrorism", "answer_only_title_pers": [{"generated_text": " In Buddhism, the concepts of heaven and hell are not exactly the same as in some other religions. Instead, Buddhism teaches about different realms of existence, which are part of the cycle of birth, death, and rebirth known as samsara. These realms are not eternal destinations but rather temporary states that beings can be reborn into based on their karma, which is the sum of their actions and intentions.\n\nThe realms in Buddhism are often categorized into six domains, known as the six realms of samsara. These realms are:\n\n1. The realm of the gods (Deva realm): Beings in this realm enjoy great pleasure and long lives, but they are still subject to the cycle of samsara.\n\n2. The realm of the asuras (demigods): Asuras are powerful beings who are often in conflict with the gods. They experience jealousy and envy, and their existence is characterized by constant struggle.\n\n3. The human realm: Humans experience a mix of pleasure and suffering, and they have the opportunity to attain enlightenment through the practice of the Dharma (the teachings of the Buddha).\n\n4. The realm of the animals: Beings in this realm have limited intelligence and are subject to the whims of their environment and other animals.\n\n5. The realm of the hungry ghosts (Preta realm): These beings are tormented by insatiable hunger and thirst, and they are unable to find satisfaction in their existence.\n\n6. The realm of the hell beings (Naraka realm): Beings in this realm experience intense suffering and torment as a result of their negative karma.\n\nWhile the realms of the gods and the hell beings may seem similar to the concepts of heaven and hell in other religions, it is important to note that these realms are not permanent destinations. Instead, beings can be reborn into any of the six realms based on their karma, and the ultimate goal in Buddhism is to escape the cycle of samsara altogether by attaining enlightenment (nirvana).\n\nIn summary, while Buddhism does have realms that may be considered equivalent to heaven and hell, they are not eternal destinations but rather temporary states within the cycle of birth, death, and rebirth. The ultimate goal in Buddhism is to attain enlightenment and escape the cycle of samsara."}], "answer_with_body_pers": [{"generated_text": " In Buddhism, the concepts of heaven and hell are not exactly the same as in other religions. Instead, Buddhism teaches about different realms of existence, which are part of the cycle of birth, death, and rebirth known as samsara. These realms are not eternal destinations but rather temporary states that beings experience based on their karma, which is the result of their actions.\n\nThe realms of existence in Buddhism are divided into six categories: the three realms of desire (Kamadhatu), the realm of form (Rupadhatu), and the formless realms (Arupadhatu). The realms of desire include the human realm, the heavenly realms, and the hell realms. The heavenly realms are considered more pleasant and enjoyable, while the hell realms are associated with suffering and pain.\n\nAs for the question of whether there is a \"dead end\" in Buddhism, the answer is no. The cycle of samsara is not eternal, and there is always the possibility of liberation from it. This liberation is called nirvana, which is the ultimate goal of Buddhism. Nirvana is a state of complete freedom from suffering and the cycle of birth and death.\n\nIn Buddhism, there is no concept of a soul that is permanently trapped in samsara. Instead, the idea is that beings are constantly changing and evolving, and their experiences in the different realms of existence are a result of their karma. By cultivating wisdom, compassion, and ethical conduct, beings can accumulate positive karma and eventually attain nirvana, thus breaking free from the cycle of samsara.\n\nIn conclusion, while Buddhism does have concepts of heaven and hell, they are not eternal destinations but rather temporary states within the cycle of samsara. The ultimate goal in Buddhism is to attain nirvana, which is the liberation from the cycle of birth and death."}]}