{"Unnamed: 0": 1459988, "id": "linguistics_30699", "Title": "Is there a language which uses 'passive voice' more often than 'active' one?", "Body": "Most languages I know of make use of 'active' more than 'passive'. It appears that the passive is derived from the 'canonical' active. Are there any languages that use more passive than active? Or can a language with only the passive form exist without a canonical active? ", "top5_tags": "syntax, passive, minimalism, grammatical-voice, semantics", "answer_only_title_pers": [{"generated_text": " Yes, there are languages that tend to use the passive voice more frequently than the active voice. One such language is Japanese. In Japanese, the passive voice is not only used to indicate that the subject is being acted upon, but it also serves to express various nuances such as politeness, humility, and indirectness. This is partly due to the fact that Japanese syntax allows for a more flexible word order and the use of particles to indicate grammatical functions.\n\nAnother language that often employs the passive voice is German. In German, the passive voice is used to shift the focus from the doer of the action to the receiver of the action. This can be seen in the frequent use of the passive voice in formal and written contexts, such as in news articles and academic writing.\n\nIt is important to note that the frequency of passive voice usage in a language can be influenced by various factors, such as cultural norms, writing styles, and the specific context in which the language is used."}], "answer_with_body_pers": [{"generated_text": " In the realm of linguistics, the use of active and passive voices varies across languages. While most languages tend to favor the active voice, there are some languages that use the passive voice more frequently. For example, in Japanese, the passive voice is often used to express politeness or to soften the impact of a statement. Similarly, in Korean, the passive voice is commonly used to show respect or to downplay the role of the subject.\n\nHowever, it is essential to note that the passive voice is typically derived from the active voice, and it is rare to find a language that uses only the passive voice without a corresponding active voice. The active voice is considered the \"canonical\" form, as it is the most straightforward way to express an action or event.\n\nIn terms of minimalism, a language with only the passive form would likely be highly context-dependent and might require additional linguistic elements to convey the intended meaning. This could potentially make communication more challenging and less efficient.\n\nIn conclusion, while some languages do use the passive voice more frequently than the active voice, it is generally derived from the active voice, and a language with only the passive form is unlikely to exist without a corresponding active form."}]}