{"Unnamed: 0": 5729136, "id": "pets_5832", "Title": "Why is zinc oxide bad for dogs?", "Body": "This answer to applying sunscreen to dogs says that you shouldn't apply human sunscreen to them because it contains zinc oxide and that's bad for dogs. What about it is bad, and what would happen if a dog did come in contact with it?", "top5_tags": "cats, reptiles, terminology, aquarium, bearded-dragon", "answer_only_title_pers": [{"generated_text": " Zinc oxide is bad for dogs because it can be toxic to them if ingested in large amounts. It can cause gastrointestinal irritation, vomiting, diarrhea, and even kidney or liver damage. Dogs may be exposed to zinc oxide through topical products like creams, ointments, or sunscreens that contain it. If a dog licks or ingests these products, it can lead to zinc toxicity.\n\nWhile the interests of the user may lie in cats, reptiles, terminology, aquariums, and bearded dragons, it's essential to note that zinc oxide can also be harmful to these animals. For example, in reptiles like bearded dragons, zinc oxide can cause similar issues if ingested or applied topically. It's crucial to be cautious when using products containing zinc oxide around pets and to consult a veterinarian if you suspect your pet has been exposed to it."}], "answer_with_body_pers": [{"generated_text": " Zinc oxide is bad for dogs because it can be toxic to them if ingested or absorbed through their skin. Dogs may lick or chew on their skin after applying sunscreen containing zinc oxide, leading to potential ingestion of the substance.\n\nWhen a dog comes in contact with zinc oxide, it can cause gastrointestinal issues such as vomiting, diarrhea, and loss of appetite. In severe cases, it can lead to hemolytic anemia, a condition where red blood cells are destroyed faster than they can be produced, causing weakness, lethargy, and pale gums.\n\nFor cats, reptiles, and other pets, it's essential to use pet-safe sunscreens or protective clothing to prevent sunburn and skin damage. In the case of bearded dragons and other reptiles, it's crucial to provide proper UV lighting and a suitable habitat to prevent sunburn and other health issues.\n\nIn summary, zinc oxide can be harmful to dogs if ingested or absorbed through their skin, and it's essential to use pet-safe sunscreens or protective measures to prevent potential health issues."}]}