{"Unnamed: 0": 1446828, "id": "islam_45054", "Title": "What are \"divining arrows\" in Qur'an 5:3 and Qur'an 5:90?", "Body": "The Qur'an contains the following:... and [prohibited is] that you seek decision through divining arrows** ... -- Qur'an 5:3O you who have believed, indeed, intoxicants, gambling, [sacrificing on] stone alters [to other than Allah ], and divining arrows are but defilement from the work of Satan, so avoid it that you may be successful. -- Qur'an 5:90I'm curious as to precisely what \"divining arrows\" is referring to.Question: What are \"divining arrows\" in Qur'an 5:3 and Qur'an 5:90?Google suggests it's some kind of magic, fortune telling, or witchcraft.  This post gives an example of someone throwing arrows into the air, and where they land resulting in a decision being made.But I'm still not sure what this \"divining arrows\" is about.", "top5_tags": "women, tafseer, nikah, hadith, quran", "answer_only_title_pers": [{"generated_text": " Divining arrows, as mentioned in Qur'an 5:3 and Qur'an 5:90, refer to a pre-Islamic practice of fortune-telling and divination that was prevalent among the Arabs before the advent of Islam. The term \"divining arrows\" (\u0623\u0634\u0631\u0627\u0637 \u062a\u0646\u0628\u064a\u0647) is used in these verses to describe the use of arrows marked with verses from the Qur'an to seek guidance or predict the future.\n\nIn Qur'an 5:3, the context is the story of Prophet Sulayman (Solomon) and his control over the jinn and birds. The verse states that Sulayman used divining arrows to communicate with the jinn and birds, and they would carry out his commands. This verse serves as a reminder of the power of the Qur'an and the importance of using it for guidance and not for divination.\n\nIn Qur'an 5:90, the verse explicitly condemns the practice of divining arrows and other forms of divination, such as astrology and soothsaying. The verse states that those who engage in such practices are misguided and that the Qur'an is a clear guidance for those who believe in Allah.\n\nThe verses serve as a reminder that the Qur'an is a source of guidance and should not be used for divination or fortune-telling. Instead, Muslims are encouraged to seek guidance from Allah through prayer, supplication, and reflection on the teachings of the Qur'an.\n\nIn the context of women, tafseer, nikah, and hadith, it is important to note that the verses do not specifically address these topics. However, the general message of the verses can be applied to all aspects of life, including women's roles, marriage (nikah), and the interpretation of the Qur'an (tafseer). The hadith literature also contains references to the prohibition of divination and the importance of relying on Allah for guidance."}], "answer_with_body_pers": [{"generated_text": " \"Divining arrows\" in the Qur'an, specifically in verses 5:3 and 5:90, refer to a form of divination or fortune-telling that was practiced in pre-Islamic Arabia and other cultures. Divination is the attempt to gain insight into a question or situation by way of an occultic, standardized process or ritual. In the context of these verses, divining arrows were used as a means to seek guidance or make decisions based on the outcome of the arrows' placement or direction after being thrown or cast.\n\nThe practice of using divining arrows involved inscribing arrows with different options or outcomes, and then throwing or casting them to determine a decision or answer to a question. This method of divination was considered a form of seeking guidance from supernatural forces or deities other than Allah, and thus, it was prohibited in Islam.\n\nThe verses in the Qur'an that mention divining arrows are part of a broader context that condemns various forms of superstition, idolatry, and practices that are considered to be the work of Satan. The verses emphasize the importance of relying on Allah for guidance and decision-making, rather than resorting to divination or other forms of fortune-telling.\n\nIn summary, \"divining arrows\" in Qur'an 5:3 and Qur'an 5:90 refer to a pre-Islamic practice of fortune-telling or seeking guidance through the use of arrows inscribed with different outcomes. This practice was prohibited in Islam, as it was considered a form of seeking guidance from supernatural forces other than Allah."}]}