{"Unnamed: 0": 1461679, "id": "martialarts_2942", "Title": "Etymology and meaning of ukemi", "Body": "I believe that ukemi can be translated as receiving body (\u53d7\u3051\u8eab). It is what uke (\u53d7\u3051, whoever receives the technique) does when nage (\u6295\u3052 thrower) or tori (\u53d6\u308a, grabber) applies a technique.Am I correct in my assumptions?Are my kanji correct?Japanese SE: Etymology and meaning of ukemi (\u53d7\u3051\u8eab?) as part of \u5408\u6c17\u9053", "top5_tags": "aikido, history, weapons, system-agnostic, training", "answer_only_title_pers": [{"generated_text": " Ukemi is a term that originates from the Japanese martial art of Aikido, but it is also used in other martial arts such as Judo and Jujutsu. The word \"ukemi\" is derived from the Japanese words \"uke\" (\u53d7\u3051), meaning \"to receive,\" and \"mi\" (\u8eab), meaning \"body.\" Thus, ukemi can be translated as \"receiving body\" or \"body techniques for receiving.\"\n\nIn the context of martial arts, ukemi refers to the practice of safely falling or rolling to minimize the impact on the body when thrown or taken down by an opponent. It is an essential skill for practitioners to learn, as it helps to prevent injuries and allows them to continue training and practicing without fear of harm.\n\nUkemi techniques are not only about falling safely but also about maintaining awareness and control of one's body during the process. This includes understanding the mechanics of the fall, such as the direction of the force, the position of the body, and the timing of the movement.\n\nIn Aikido, ukemi is an integral part of the training process, as it allows practitioners to safely practice techniques with a partner. Aikido emphasizes harmony and non-resistance, and ukemi plays a crucial role in this philosophy by enabling practitioners to receive and redirect the force of their partner's attack without causing harm to either party.\n\nIn summary, the etymology and meaning of ukemi are rooted in the Japanese martial arts, particularly Aikido, and refer to the practice of safely receiving and falling in response to an opponent's attack. This skill is essential for injury prevention and is a fundamental aspect of training in Aikido and other martial arts."}], "answer_with_body_pers": [{"generated_text": " Yes, your assumptions are correct. The term \"ukemi\" (\u53d7\u3051\u8eab) in Japanese can indeed be translated as \"receiving body.\" It refers to the art of safely receiving a technique or fall in martial arts, particularly in Aikido. The kanji you've used for \"ukemi\" (\u53d7\u3051\u8eab) are correct.\n\nIn Aikido, the person who receives the technique is called \"uke\" (\u53d7\u3051), while the person who applies the technique is called \"nage\" (\u6295\u3052) or \"tori\" (\u53d6\u308a). The practice of ukemi is essential in Aikido, as it helps the practitioner to safely and effectively receive techniques, minimizing the risk of injury.\n\nThe etymology of \"ukemi\" can be broken down as follows:\n\n- \u53d7\u3051 (\u3046\u3051, uke): to receive, accept, or take\n- \u8eab (\u307f, mi): body\n\nSo, \"ukemi\" essentially means \"receiving body\" or \"body that receives.\"\n\nIn the context of Aikido, ukemi is not only about physical safety but also about understanding the principles and energy flow of the techniques being applied. By practicing ukemi, practitioners develop a deeper understanding of Aikido and improve their ability to harmonize with their partner's movements.\n\nIn summary, your understanding of the term \"ukemi\" and its kanji is correct, and it plays a crucial role in Aikido training and practice."}]}