{"Unnamed: 0": 5658314, "id": "musicfans_2802", "Title": "Is this song considered a Bebop Standard?", "Body": "The following song: http://youtu.be/RiF3t1rWBv8Is \"Wrapped Tight\" by Hawkins considered a bebop standard? Is he the first one to record this song? Or was it recorded earlier?", "top5_tags": "jazz, blues, lyrics, funk, identify-this-genre", "answer_only_title_pers": [{"generated_text": " Yes, the song \"Donna Lee\" is considered a Bebop Standard. Composed by Charlie Parker in 1947, it is one of the most famous and frequently performed pieces in the Bebop genre. The song's complex chord progressions and fast tempo are characteristic of Bebop music, and it has been recorded by numerous jazz artists over the years."}], "answer_with_body_pers": [{"generated_text": " \"Wrapped Tight\" is a jazz standard that was first recorded by saxophonist and bandleader Charlie Parker, also known as \"Bird,\" in 1949. The song is not originally by Illinois Jacquet or Coleman Hawkins, but it is often associated with them due to their influential recordings.\n\nWhile \"Wrapped Tight\" is not a bebop standard in the strictest sense, it does have elements of bebop, such as fast tempos, complex chord progressions, and improvisation. The song has been recorded by many jazz musicians, including Coleman Hawkins, who recorded it in 1950.\n\nIn summary, \"Wrapped Tight\" is not a bebop standard, but it does have bebop elements and has been recorded by influential jazz musicians like Coleman Hawkins. The original recording was made by Charlie Parker in 1949."}]}