{"Unnamed: 0": 6111, "id": "anime_2738", "Title": "Who is Domo-kun?", "Body": "Who is Domo-kun? Is he an anime character or a manga character? I often see him in anime stores so I wonder if Domo-kun is an anime character or a manga character? ", "top5_tags": "naruto, anime-history, anime-production, tropes, code-geass", "answer_only_title_pers": [{"generated_text": " Domo-kun is a popular Japanese mascot character created by the Tsukamoto brothers, Tetsuya and Hikaru, in 1998. The character is known for its distinctive, large, red, egg-shaped head with a wide grin and a pair of black, oversized eyes. Domo-kun is often seen wearing a blue shirt with a yellow star and a red bow tie.\n\nDomo-kun first appeared in a series of television commercials for the Japanese electronics company Dentsu, where it served as a mascot for the company. The character quickly gained popularity and became a cultural icon in Japan. Since then, Domo-kun has appeared in various media, including television shows, movies, and merchandise.\n\nThe character's name, \"Domo,\" is derived from the Japanese greeting \"domo arigatou,\" which means \"thank you very much.\" This reflects the character's friendly and approachable nature.\n\nWhile Domo-kun is not directly related to Naruto, Code Geass, or anime production, it is a part of the broader world of Japanese animation and has become a recognizable figure in popular culture."}], "answer_with_body_pers": [{"generated_text": " Domo-kun is a popular Japanese character known for his distinctive appearance and cheerful personality. He is not a character from an anime or manga series, but rather a mascot for the Japanese public broadcaster NHK. Domo-kun first appeared in 1998 and has since become a well-known symbol of NHK, appearing in various promotional materials and merchandise.\n\nWhile Domo-kun is not directly related to anime or manga, his appearance in anime stores and his popularity among anime fans can be attributed to his cute and endearing design, which resonates with the aesthetics of many anime and manga characters. However, he is not a character from any specific anime or manga series, such as Naruto or Code Geass."}]}