{"Unnamed: 0": 1460552, "id": "literature_1012", "Title": "In which book did Poirot find a four-foot long clue?", "Body": "In one of the Poirot books he mentions that though clues are often small he once found a four-foot long one.Unfortunately I can't remember in which book he mentions this.Does anyone know which book he did find the four-foot long clue in? ", "top5_tags": "agatha-christie, single-word-requests, poetry, hercule-poirot, greek-literature", "answer_only_title_pers": [{"generated_text": " In Agatha Christie's novel \"The ABC Murders,\" Hercule Poirot finds a four-foot long clue in the form of an ABC railway guide."}], "answer_with_body_pers": [{"generated_text": " The book in which Hercule Poirot found a four-foot long clue is \"The Mystery of the Blue Train.\""}]}