{"Unnamed: 0": 1458578, "id": "lifehacks_19411", "Title": "Does pressing \"9\" on a phone actually put my number on an internal \"Do not call\" list?", "Body": "BackgroundAccording to Lifehacks #1777, pressing \"9\" on a phone will apparently add your number to an internal do not call list on the other end.  This is also apparently verified by a very hoaky looking website.  But I cannot find a solid confirmation or denial of this Lifehack.QuestionIs it true that I can press \"9\" on a phone to put a telemarketer on a do not call list?  ", "top5_tags": "united-states, executive, impeachment, legislative-process, constitution", "answer_only_title_pers": [{"generated_text": " Pressing \"9\" on a phone does not put your number on an internal \"Do Not Call\" list. The \"Do Not Call\" list is a registry managed by the Federal Trade Commission (FTC) in the United States, and it is designed to stop sales calls from real companies. To be added to this list, you need to register your phone number directly with the FTC through their website or by calling a specific phone number.\n\nThe interests you mentioned, such as the executive, impeachment, legislative process, and constitution, are not directly related to the \"Do Not Call\" list or the process of adding your phone number to it."}], "answer_with_body_pers": [{"generated_text": " Answer:\n\nThe claim that pressing \"9\" on a phone will add your number to an internal do not call list is not accurate. In the United States, the Federal Trade Commission (FTC) regulates telemarketing calls and the National Do Not Call Registry. To add your number to the National Do Not Call Registry, you need to visit the FTC's website or call a toll-free number.\n\nWhen you receive a telemarketing call, you can ask the caller to add your number to their do not call list. However, this is not the same as pressing \"9\" on your phone. The telemarketer may have their own internal do not call list, but pressing \"9\" on your phone will not automatically add your number to it.\n\nIn summary, pressing \"9\" on a phone will not put your number on an internal do not call list. To avoid telemarketing calls, you should add your number to the National Do Not Call Registry and ask telemarketers to add your number to their internal do not call list."}]}