{"Unnamed: 0": 200105, "id": "fitness_32391", "Title": "What does it mean to bonk or hit the wall?", "Body": "What does it mean to bonk or hit the wall during a run or a bike ride?That is the main question, but to generate a more detailed answer here please consider these corollary questions:Can this can be a fairly serious thing, so what are the effects of this that makes it so serious?Is bonking the same as hitting a wall??Please explain what causes a bonk to occur, what things you would experience before, during, and after. Are there benefits to bonking?If hitting the wall is different then please elaborate on this too.", "top5_tags": "running, long-distance-running, speed, training, sprinting", "answer_only_title_pers": [{"generated_text": " To \"bonk\" or \"hit the wall\" refers to a sudden and overwhelming feeling of fatigue and exhaustion that occurs during endurance activities, such as long-distance running or marathoning. This phenomenon is caused by the depletion of glycogen stores in the muscles and liver, which are the primary sources of energy during prolonged physical exertion.\n\nWhen a runner bonks, they may experience a range of symptoms, including a sudden loss of energy, weakness, dizziness, and even disorientation. This can make it difficult to continue running at the same pace or complete the race.\n\nTo avoid bonking, runners can focus on proper training, nutrition, and pacing strategies. This includes gradually increasing mileage and intensity during training, consuming a balanced diet with adequate carbohydrates, and fueling during long runs with energy gels or sports drinks to maintain glycogen levels. Additionally, runners should listen to their bodies and adjust their pace accordingly to prevent hitting the wall."}], "answer_with_body_pers": [{"generated_text": " Bonking or hitting the wall is a term used to describe a state of sudden fatigue and loss of energy that occurs during endurance activities like running or biking, particularly during long-distance events. It is a serious issue because it can significantly affect performance and may even pose health risks if not managed properly.\n\nBonking and hitting the wall are essentially the same thing, with both terms referring to the same phenomenon. The primary cause of bonking is the depletion of glycogen stores in the muscles and liver, which are the body's primary sources of energy during prolonged exercise. When these stores are exhausted, the body must rely on fat and protein for energy, which is a less efficient process and can lead to a sudden drop in performance.\n\nBefore bonking, you may experience symptoms such as fatigue, dizziness, confusion, and irritability. During a bonk, you may feel a sudden loss of energy, weakness, and an inability to maintain your usual pace. After bonking, it can take some time to recover, and you may need to consume carbohydrates to replenish your glycogen stores.\n\nThere are no benefits to bonking, as it negatively impacts performance and can be dangerous if not managed properly. However, experiencing a bonk can help you understand the importance of proper nutrition and pacing during endurance events.\n\nTo prevent bonking, it is essential to maintain a balanced diet, consume carbohydrates before and during exercise, and pace yourself appropriately during long-distance events. Additionally, training your body to become more efficient at using fat for energy can help reduce the likelihood of bonking.\n\nIn summary, bonking or hitting the wall is a serious issue that can occur during endurance activities like running or biking, particularly during long-distance events. It is caused by the depletion of glycogen stores and can lead to a sudden drop in performance. To prevent bonking, it is essential to maintain a balanced diet, consume carbohydrates before and during exercise, and pace yourself appropriately."}]}