{"Unnamed: 0": 8038095, "id": "sports_3421", "Title": "Formula 1 Free practice without a super licence", "Body": "Formula One drivers must have an FIA Super Licence, but what about (young) drivers who take part only in free practice sessions? Are they allowed to drive without the license?", "top5_tags": "germany, automobiles, legal, driving, regulations", "answer_only_title_pers": [{"generated_text": " In Formula 1, a super license is a mandatory requirement for drivers to participate in races. However, during free practice sessions, drivers are not required to hold a super license. Free practice sessions are non-competitive and serve as an opportunity for teams and drivers to test and familiarize themselves with the circuit and their cars.\n\nIn Germany, as in other countries, the same rules apply. Drivers participating in free practice sessions in Formula 1 do not need a super license. However, to compete in a race, drivers must obtain a super license, which is issued by the FIA (F\u00e9d\u00e9ration Internationale de l'Automobile) after meeting specific criteria, including passing a series of tests and having a certain level of experience in motorsport.\n\nIt's important to note that while a super license is not required for free practice sessions, drivers must still adhere to the regulations and guidelines set by the FIA and the race organizers. These regulations cover various aspects of driving, including safety, sportsmanship, and adherence to the rules of the sport."}], "answer_with_body_pers": [{"generated_text": " In Formula One, drivers are required to hold an FIA Super Licence to participate in the actual races. However, for drivers who are only participating in free practice sessions, the regulations are slightly different.\n\nAccording to the FIA's International Sporting Code, drivers who are not yet eligible for a Super Licence can still participate in free practice sessions under certain conditions. These drivers must be at least 18 years old and hold a valid National Competition Licence. Additionally, they must be granted a \"Free Practice Only\" licence by the FIA, which allows them to participate in free practice sessions but not in the actual races.\n\nIn the case of Germany, the same regulations apply. German drivers who are interested in participating in Formula One free practice sessions must meet the aforementioned requirements and obtain the necessary licences from the FIA.\n\nIn summary, young drivers who wish to participate in Formula One free practice sessions can do so without a Super Licence, provided they meet the age requirement and obtain the appropriate licences from the FIA."}]}