{"Unnamed: 0": 8039961, "id": "travel_116760", "Title": "Is it safe to drink water in the Dominican Republic?", "Body": "To add yet another question to the long list of tap-water, the US CDC for the Dominican Republic says Don\u2019t Drink Tap or well water, but there is no mention of water concerns on gov.uk for the DR. The US warning is not everywhere (e.g., according the the CDC for the UK Food and water standards in the United Kingdom are similar to those in the United States) and gov.uk for Mexico says Drink only boiled or bottled water and avoid ice in drinks.I am staying at an all inclusive high end resort in the DR. Avoiding drinking tap water directly should not be that hard, but ice and unwashed or unpeeled fruits and vegetables (which the CDC recommends against will be harder). I have heard rumors that some resorts use filtered water for cooking and ice. How can I reliable determine if I need to worry about water at a resort in the DR?", "top5_tags": "united-states, united-kingdom, rock-climbing, publications, usa", "answer_only_title_pers": [{"generated_text": " Yes, it is generally safe to drink tap water in the Dominican Republic, especially in urban areas. However, it is always recommended to drink bottled water or use a water purifier to ensure the water is safe and free from contaminants."}], "answer_with_body_pers": [{"generated_text": " To determine if you need to worry about water at a resort in the Dominican Republic, you can take the following steps:\n\n1. Contact the resort directly: Reach out to the resort's management or customer service team and inquire about their water filtration and purification systems. Ask if they use filtered water for cooking and ice, as well as their policies on water safety.\n\n2. Check for certifications: Look for any certifications or accreditations the resort may have related to water safety and hygiene. This could include certifications from local health authorities or international organizations.\n\n3. Research online: Look for reviews or experiences shared by other travelers who have stayed at the resort. They may have mentioned their experiences with water safety and hygiene.\n\n4. Consult with the US CDC and gov.uk: While the US CDC advises against drinking tap water in the Dominican Republic, the gov.uk website does not mention any water concerns. You can check both websites for any updates or changes in their recommendations.\n\n5. Follow general precautions: Regardless of the resort's water safety measures, it's always a good idea to follow general precautions when it comes to water safety. This includes avoiding tap water, ice, and unwashed or unpeeled fruits and vegetables.\n\nBy taking these steps, you can make an informed decision about the water safety at the resort in the Dominican Republic and take necessary precautions to ensure a safe and enjoyable stay."}]}