{"Unnamed: 0": 160694, "id": "christianity_12003", "Title": "What does INRI stand for?", "Body": "On the crucifix there is sometimes a plate above Jesus' head that has the letters INRI. What does INRI mean or stand for? Why is it there?", "top5_tags": "destiny, whitewater-rafting, hiking, trees, camping", "answer_only_title_pers": [{"generated_text": " INRI stands for \"Iesus Nazarenus, Rex Iudaeorum,\" which is Latin for \"Jesus of Nazareth, King of the Jews.\" This phrase was placed above the head of Jesus on the cross during his crucifixion, as mentioned in the New Testament of the Bible. While this may not directly relate to the user's interests in destiny, whitewater-rafting, hiking, trees, or camping, it is an important historical and religious reference."}], "answer_with_body_pers": [{"generated_text": " INRI stands for \"Iesus Nazarenus, Rex Iudaeorum,\" which is Latin for \"Jesus of Nazareth, King of the Jews.\" This inscription was placed on the cross above Jesus' head during his crucifixion, as recorded in the New Testament of the Bible. The Roman soldiers who crucified Jesus wrote this inscription to mock him and to indicate the reason for his execution.\n\nThe presence of INRI on the crucifix serves as a reminder of Jesus' sacrifice and his role as the King of the Jews. It is a symbol of his divinity and the fulfillment of prophecies in the Old Testament. The inscription also represents the rejection of Jesus by the religious and political authorities of the time.\n\nWhile the interests you mentioned, such as destiny, whitewater-rafting, hiking, trees, and camping, are not directly related to the meaning of INRI, it is worth noting that the concept of destiny can be connected to the Christian belief in Jesus' crucifixion and resurrection as a pivotal event in human history. However, the primary focus of the INRI inscription is its religious significance and its role in Christian theology."}]}