{"Unnamed: 0": 5732653, "id": "politics_2322", "Title": "Is there any difference between a dissident and a whistleblower?", "Body": "During the Cold War people who criticized Soviet government, its practices and abuses were called \"dissidents\" in the West, even if they politically supported Socialism or advocated better application of the Soviet laws, such as the constitution.Yet now it seems similar people in the West are not called \"dissidents\" but a new term \"whistleblower\" was invented. Was it invented specifically so to not attract any association with the USSR and to underline that those people are not opposed to the system as a whole bet merely criticize abuses?Or is there a fundamental difference?", "top5_tags": "etymology, proto-indo-european, united-states, soviet-union, ancient-history", "answer_only_title_pers": [{"generated_text": " A dissident and a whistleblower are two distinct terms with different meanings and implications.\n\nA dissident is an individual who openly disagrees with or challenges the established policies, practices, or ideologies of a government, organization, or society. The term \"dissident\" has its roots in the Latin word \"dissidere,\" which means \"to disagree\" or \"to sit apart.\" Dissidents often advocate for political, social, or cultural change and may face persecution or censorship for their beliefs and actions.\n\nIn the context of the Soviet Union, dissidents were individuals who opposed the communist regime and its policies. They often faced harassment, imprisonment, or exile for their dissenting views. Famous Soviet dissidents include Andrei Sakharov, a nuclear physicist and human rights activist, and Aleksandr Solzhenitsyn, a writer and critic of the Soviet system.\n\nOn the other hand, a whistleblower is an individual who exposes wrongdoing, corruption, or illegal activities within an organization or institution. The term \"whistleblower\" originated in the 19th century, referring to a referee in a sports game who would blow a whistle to signal a foul or violation. In the context of the United States, whistleblowers are protected by various laws, such as the Whistleblower Protection Act of 1989, which safeguards federal employees who report misconduct.\n\nWhile both dissidents and whistleblowers may challenge the status quo, their primary focus and motivations differ. Dissidents are primarily concerned with advocating for change in political, social, or cultural systems, while whistleblowers are focused on exposing and rectifying specific instances of wrongdoing or corruption within an organization or institution."}], "answer_with_body_pers": [{"generated_text": " A dissident and a whistleblower are two distinct terms that describe different types of individuals and actions. While both may involve criticism of a system or organization, there are fundamental differences between the two.\n\nA dissident is someone who openly disagrees with and criticizes the policies, practices, or ideologies of a government or organization, often in a political context. The term \"dissident\" has its roots in the Latin word \"dissidere,\" which means \"to disagree\" or \"to separate.\" Dissidents are often associated with political opposition and may advocate for change within the system or even seek to overthrow it. During the Cold War, dissidents in the Soviet Union and other communist countries were individuals who opposed the government's policies and practices, sometimes at great personal risk.\n\nOn the other hand, a whistleblower is an individual who exposes wrongdoing, corruption, or illegal activities within an organization, often in a professional or workplace setting. The term \"whistleblower\" originated in the 19th century, when referees in sports games would blow a whistle to signal a foul or violation. In the context of organizations, whistleblowers are typically employees or insiders who reveal information about unethical or illegal practices to the public or authorities. Whistleblowers may not necessarily be opposed to the system as a whole, but rather seek to address specific abuses or misconduct.\n\nIn summary, while both dissidents and whistleblowers may criticize a system or organization, dissidents are more focused on political opposition and advocating for change, while whistleblowers are concerned with exposing wrongdoing and promoting accountability. The term \"whistleblower\" was not invented to avoid association with the USSR or to underline that those people are not opposed to the system as a whole. Instead, it emerged as a distinct term to describe individuals who expose misconduct within organizations, regardless of their political beliefs or affiliations."}]}