{"Unnamed: 0": 1461695, "id": "martialarts_3117", "Title": "What are the belt colors of Tae Kwon Do in order?", "Body": "What are the belt colors of Tae Kwon Do in order? Also could you add the degrees, I have had a hard time finding a reliable site?", "top5_tags": "substitute-tool, harry-potter, summer, game-of-thrones, marvel", "answer_only_title_pers": [{"generated_text": " The belt colors of Tae Kwon Do in order are white, yellow, green, blue, red, and black. Each color represents a different level of proficiency and knowledge in the martial art. As students progress through the ranks, they earn higher belt colors, with black being the highest rank."}], "answer_with_body_pers": [{"generated_text": " The belt colors of Tae Kwon Do in order, along with their degrees, are as follows:\n\n1. White Belt (10th degree)\n2. Yellow Belt (9th degree)\n3. Green Belt (8th degree)\n4. Blue Belt (7th degree)\n5. Red Belt (6th degree)\n6. Black Belt (1st degree)\n\nAfter achieving a Black Belt, practitioners can earn degrees (dan) in Black Belt, which signify their level of expertise and experience. The degrees range from 1st to 9th dan, with each degree representing a higher level of mastery.\n\nI hope this information helps you in your Tae Kwon Do journey."}]}