{"Unnamed: 0": 5728051, "id": "parenting_8319", "Title": "Should a 7 day old be prevented from raising her head on her own?", "Body": "My 7 day old baby raises her head up and holds it there for about 2 seconds when I try to burp her by placing my hand on her chest and neck, bending her on -45 degree angle and then patting her back.Should I be concerned?", "top5_tags": "infant, baking, toddler, newborn, age-appropriate", "answer_only_title_pers": [{"generated_text": " A 7-day-old newborn should not be prevented from raising her head on her own. In fact, it is a natural and important developmental milestone for infants. At this age, babies are still developing their neck and upper body strength, and allowing them to practice lifting their heads helps to strengthen these muscles.\n\nIt is essential to provide a safe and supportive environment for your newborn to explore and develop their motor skills. You can do this by ensuring that they are always supervised and that their sleeping area is free of any potential hazards.\n\nAs your baby grows and develops, they will continue to gain strength and coordination, and they will eventually be able to hold their head up without assistance. It is essential to let your baby develop at their own pace and not to force them to reach milestones before they are ready.\n\nIn summary, a 7-day-old newborn should not be prevented from raising her head on her own, as it is a natural and important part of their development. Provide a safe and supportive environment for your baby to explore and develop their motor skills, and let them progress at their own pace."}], "answer_with_body_pers": [{"generated_text": " It's great that you're paying attention to your baby's movements and development. At 7 days old, your baby is still a newborn, and it's not uncommon for them to start showing some head control. However, it's important to remember that newborns' muscles are still developing, and their movements may not be as coordinated as older infants.\n\nIn this case, your baby raising her head for a couple of seconds during burping is not a cause for concern. It's a sign that her neck muscles are starting to strengthen. As long as she is comfortable and not straining, you can continue with your current burping technique.\n\nAs your baby grows and develops, you will notice more significant improvements in her head control and overall motor skills. Just remember to always support her head and neck when holding her, as newborns still have limited strength in these areas.\n\nIn summary, there's no need to prevent your 7-day-old baby from raising her head on her own during burping. It's a normal part of her development, and you can continue with your current technique as long as she is comfortable and not straining."}]}