{"Unnamed: 0": 5729200, "id": "pets_6271", "Title": "How costly are dental procedures on dogs?", "Body": "We are planning to adopt a couple of older dogs, and are concerned that they may have dental problems.I am wondering, what types of dental procedures are generally done on dogs, and are they generally very costly (e.g. like they are for humans)?I don't have thousands of dollars to shell out for dental procedures if that is what it will take. Does anyone know how much dental procedures typically run for dogs?", "top5_tags": "dogs, eating, heaven, training, vision", "answer_only_title_pers": [{"generated_text": " The cost of dental procedures for dogs can vary depending on the specific treatment required. Basic dental cleanings can range from $200 to $400, while more complex procedures like tooth extractions or root canals can cost between $500 and $1,000 or more. It's essential to consult with your veterinarian to determine the best course of action for your dog's dental health and to get an accurate estimate of the costs involved."}], "answer_with_body_pers": [{"generated_text": " Dental procedures for dogs can vary in cost depending on the type and severity of the dental issue. Some common dental procedures for dogs include dental cleanings, extractions, and periodontal treatments.\n\n1. Dental cleanings: A professional dental cleaning for a dog typically includes scaling, polishing, and sometimes a dental examination under anesthesia. The cost of a dental cleaning can range from $200 to $500, depending on the size of the dog and the veterinary clinic.\n\n2. Extractions: If a dog has severely decayed or damaged teeth, extractions may be necessary. The cost of extractions can range from $200 to $800 per tooth, depending on the number of teeth that need to be removed and the complexity of the procedure.\n\n3. Periodontal treatments: Periodontal disease is a common issue in dogs, and treatments can include deep cleanings, root planing, and antibiotics. The cost of periodontal treatments can range from $300 to $1,000, depending on the severity of the disease and the specific treatments required.\n\nIt's essential to note that preventative care, such as regular brushing and dental chews, can help reduce the likelihood of dental problems in dogs. Additionally, some pet insurance plans may cover a portion of dental procedures, so it's worth checking with your insurance provider to see if you're eligible for any coverage.\n\nIn summary, dental procedures for dogs can be costly, but the exact cost will depend on the specific procedure and the severity of the dental issue. It's essential to discuss your concerns and budget with your veterinarian to determine the best course of action for your adopted dogs."}]}