{"Unnamed: 0": 5730488, "id": "philosophy_38559", "Title": "Is there a name for, \"there's a time and a place for that\" fallacy?", "Body": "This is something all activists have dealt with at some point in time. You present the best form of your argument only to have someone dismiss it outright because, \"it's not the time or the place for that\".Of course, asking when an appropriate time or place is results in scoffs or scowls, but the question is not answered. Even Martin Luther King Jr. had to address this ideology (\"The time is always right to do what is right.\")Sometimes it is wrong to protest in certain places and times, such as the funerals of soldiers, but assume that the protest is topical with the location/time.Is there a name for this invalidation of arguments based on location and timing?", "top5_tags": "macos, terminology, fallacies, identify-this-movie, animation", "answer_only_title_pers": [{"generated_text": " The phrase \"there's a time and a place for that\" is not a formal fallacy in the traditional sense, but it can be considered a type of informal fallacy or a rhetorical device. It is often used to dismiss or defer a topic or action as inappropriate or irrelevant to the current context. This phrase can be seen as a form of red herring fallacy, where the speaker diverts the conversation away from the main issue by suggesting that the topic is not suitable for the current time or place.\n\nIn the context of macOS, terminology, or animation, this phrase might be used to suggest that a particular topic or action is not relevant to the current discussion or situation. However, it is essential to recognize that this phrase is not a formal fallacy and should not be treated as such in logical arguments or debates."}], "answer_with_body_pers": [{"generated_text": " The fallacy you're referring to, where an argument is dismissed based on the timing or location of the discussion, does not have a specific, widely-recognized name. However, it can be considered a form of the \"red herring\" fallacy, where the focus is shifted away from the argument at hand to something irrelevant, such as the timing or location.\n\nIn the context of activism, this fallacy can be seen as a way to avoid addressing the substance of the argument by claiming that the timing or location is inappropriate. While there may be valid reasons for choosing when and where to engage in activism, using this as a blanket dismissal of an argument is not a valid counterpoint.\n\nIn summary, while there isn't a specific name for the \"there's a time and a place for that\" fallacy, it can be considered a form of the red herring fallacy, where the focus is shifted away from the argument to something irrelevant, such as timing or location."}]}