{"Unnamed: 0": 7706707, "id": "skeptics_26730", "Title": "Did Alan Turing publish a paper called The Imitation Game (as claimed in the movie)?", "Body": "I have seen a couple of Turing's papers, but never have found one called \"The Imitation Game\". The Imitation Game seems to be a name used by Turing to refer to his test to decide whether an intelligent entity of some sorts is machine or man (a.k.a., the Turing's test). But I haven't found any published paper with that name. So, did Turing ever publish a paper called The Imitation Game?", "top5_tags": "application, air-travel, wifi, biology, sexuality", "answer_only_title_pers": [{"generated_text": " No, Alan Turing did not publish a paper called \"The Imitation Game.\" The term \"The Imitation Game\" is associated with a 2014 film that portrays Turing's life and work. The film's title is derived from a party game that Turing proposed, which was later used as a test for artificial intelligence. Turing's actual paper, published in 1950, is titled \"Computing Machinery and Intelligence,\" where he discusses the concept of machine intelligence and proposes the Turing Test."}], "answer_with_body_pers": [{"generated_text": " Answer: No, Alan Turing did not publish a paper called \"The Imitation Game.\" The term \"The Imitation Game\" is associated with Turing's work, but it is not the title of a published paper. Instead, it is a concept that Turing used to describe his test for determining whether a machine can exhibit intelligent behavior equivalent to, or indistinguishable from, that of a human. This concept was introduced in his 1950 paper titled \"Computing Machinery and Intelligence,\" published in the journal Mind."}]}