{"Unnamed: 0": 26029, "id": "bicycles_30708", "Title": "How to turn right in Japan", "Body": "In Japan, how are bicycles supposed to turn right?Apparently, new rules have been decided in 2015, and there is a specific way to turn to the right at a crossroad, depending whether there are traffic lights or not.", "top5_tags": "japan, terrorism, tokyo, single-word-requests, united-states", "answer_only_title_pers": [{"generated_text": " To turn right in Japan, you should follow these steps:\n\n1. Check for pedestrian signals: Look for pedestrian signals at intersections, which will indicate when it is safe to cross the street.\n\n2. Wait for the green man: When the green man appears, it means you can cross the street.\n\n3. Cross the first lane: Walk across the first lane, making sure to look both ways for oncoming traffic.\n\n4. Wait for the next signal: At intersections with multiple lanes, wait for the next pedestrian signal to cross the remaining lanes.\n\n5. Cross the remaining lanes: Once the next signal appears, cross the remaining lanes to reach the other side of the street.\n\nRemember to always be aware of your surroundings and follow local traffic rules and regulations."}], "answer_with_body_pers": [{"generated_text": " In Japan, to turn right at a crossroad, the method depends on whether there are traffic lights or not. If there are traffic lights, you should follow these steps:\n\n1. Approach the intersection and stop at the designated line or before the crosswalk.\n2. Look for a sign indicating the right turn lane. If there is no sign, use the rightmost lane.\n3. Wait for the green arrow signal, which indicates a protected right turn.\n4. When the green arrow appears, proceed with the right turn.\n\nIf there are no traffic lights, you should follow these steps:\n\n1. Approach the intersection and stop at the designated line or before the crosswalk.\n2. Look for a sign indicating the right turn lane. If there is no sign, use the rightmost lane.\n3. Check for oncoming traffic and pedestrians.\n4. When it is safe, proceed with the right turn.\n\nThese rules were established in 2015 to ensure the safety of both cyclists and motorists."}]}