{"Unnamed: 0": 8048801, "id": "workplace_103794", "Title": "Why does HR request I bring a birth certificate or passport to interview?", "Body": "I've completed my phone screen with the company about a week ago, and they are now scheduling me for an onsite interview. However, they are asking me to bring either my birth certificate or passport with me. This is the first time I've been asked this as part of the job interviewing process. They had asked me in the phone screen whether or not I was a US citizen, I am, but I've been asked that numerous times before and have never been required to show my birth certificate. What's the purpose behind showing a birth certificate or passport before even finishing the interview process?", "top5_tags": "interviewing, united-states, internship, email, salary", "answer_only_title_pers": [{"generated_text": " HR typically requests a birth certificate or passport during an interview process to verify your identity and confirm your eligibility to work in the United States. These documents serve as proof of your citizenship or legal work status, which is a requirement for employment in the U.S.\n\nIn the context of an internship, HR may request these documents to ensure that you meet the necessary requirements to participate in the program. This is especially important if the internship is paid, as it helps the organization comply with labor laws and regulations.\n\nIf you are unable to provide these documents during the interview, you can send them via email or arrange to bring them to a follow-up meeting. However, it is essential to ensure that the documents are authentic and up-to-date to avoid any potential issues during the hiring process.\n\nIn summary, HR requests a birth certificate or passport during an interview to verify your identity and eligibility to work in the United States, which is crucial for compliance with labor laws and regulations."}], "answer_with_body_pers": [{"generated_text": " The request to bring a birth certificate or passport to an interview is likely due to the company's need to verify your eligibility to work in the United States. This is a standard procedure for many companies, especially those that are government contractors or have federal contracts, as they must comply with the regulations set by the Office of Personnel Management (OPM).\n\nThe company may require this documentation to ensure that you are a U.S. citizen or a lawful permanent resident (green card holder) and eligible to work in the United States. This is particularly important for positions that require security clearance or access to sensitive information.\n\nIn some cases, the company may also need to verify your identity and eligibility for employment as part of their internal hiring processes or to comply with the Immigration Reform and Control Act (IRCA).\n\nIt is essential to understand that this request is not meant to be intrusive or discriminatory. It is a standard procedure to ensure that the company is in compliance with federal regulations and to protect both the company and the candidate from any potential legal issues.\n\nIf you have any concerns or questions about this request, it is best to reach out to the HR representative or the hiring manager to clarify the reason behind the requirement and to ensure that you are comfortable with the process."}]}