{"Unnamed: 0": 1013, "id": "academia_126488", "Title": "Is software developed by publicly funded research groups legally public domain?", "Body": "In the United States, if a university lab develops code while receiving public funding, are they legally obligated to release their source code?", "top5_tags": "united-states, hedging, options, income-tax, tax-deduction", "answer_only_title_pers": [{"generated_text": " In the United States, software developed by publicly funded research groups is not automatically considered to be in the public domain. The legal status of such software depends on several factors, including the terms of the funding agreement, the nature of the research, and the policies of the institution that conducted the research.\n\nPublicly funded research groups may be subject to specific terms and conditions set forth by the funding agency, which could include requirements for licensing or restrictions on the distribution of the software. In some cases, the software may be subject to copyright protection, and the research group or the institution may hold the copyright.\n\nIf the software is not in the public domain, it may still be possible to obtain a license to use, modify, or distribute the software. The terms of the license will depend on the specific agreement between the research group and the funding agency.\n\nIn terms of tax implications, if you obtain a license to use the software, you may be able to deduct the cost of the license as a business expense, subject to the usual rules and limitations for business expense deductions. However, if you are using the software for personal or non-commercial purposes, you may not be able to claim a tax deduction for the cost of the license.\n\nIn summary, software developed by publicly funded research groups in the United States is not automatically in the public domain, and its legal status depends on the specific terms and conditions of the funding agreement and the policies of the research institution. If you are interested in using such software, you should consult with the research group or institution to determine the licensing terms and any potential tax implications."}], "answer_with_body_pers": [{"generated_text": " In the United States, software developed by publicly funded research groups, such as university labs, is not automatically considered public domain. The legal obligation to release the source code depends on the terms and conditions of the funding agreement.\n\nWhen a research group receives public funding, the funding agency may require the researchers to make their software available to the public. This requirement is often outlined in the grant agreement or contract. For example, the National Institutes of Health (NIH) has a policy that requires researchers to make their software publicly available, but the specific terms and conditions may vary depending on the funding source.\n\nIf the software is not required to be released as public domain, the research group may choose to release it under an open-source license, which allows others to use, modify, and distribute the software while still retaining the copyright. Alternatively, the research group may choose to keep the software proprietary and not release the source code.\n\nIn terms of hedging, options, income tax, and tax deductions, these financial concepts are not directly related to the legal obligation of releasing source code developed by publicly funded research groups. However, if the software is released as open-source, it may have implications for the research group's income tax and tax deductions, as they may be able to claim certain expenses related to the development and maintenance of the software.\n\nIn summary, the legal obligation to release source code developed by publicly funded research groups in the United States depends on the terms and conditions of the funding agreement. The research group may choose to release the software as public domain, under an open-source license, or keep it proprietary."}]}