{"Unnamed: 0": 8047783, "id": "vegetarianism_1876", "Title": "Which ingredient in Cornitos Nacho Chips contains milk?", "Body": "Cornitos Nacho Chips' (barbeque flavour) ingredients seem to be completely vegan, but it says just below, \"Contains Soya and Milk Products\".Is it a misprint or does a ingredient contain milk?Cornitos Website", "top5_tags": "dogs, veganism, cats, is-it-vegan, health", "answer_only_title_pers": [{"generated_text": " The ingredient in Cornitos Nacho Chips that contains milk is \"Cheese Powder.\" This ingredient is derived from milk and is not suitable for dogs, vegans, or cats. It is not considered vegan, and individuals with lactose intolerance or milk allergies should avoid it for health reasons."}], "answer_with_body_pers": [{"generated_text": " The ingredient in Cornitos Nacho Chips that contains milk is not explicitly mentioned in the ingredient list. However, the statement \"Contains Soya and Milk Products\" indicates that milk products are used in the manufacturing process of the chips. It is not a misprint, and there is likely a milk-derived ingredient present in the chips.\n\nFor those interested in veganism, it is essential to be aware of this information, as the presence of milk products means that the chips are not suitable for a vegan diet."}]}