{"Unnamed: 0": 26031, "id": "bicycles_30726", "Title": "Help on calculating spoke length", "Body": "I am going to replace my bent hub on my MTB. The hub is Novatec D042SB and the rim which I am going to order is Sun Ringle Inferno 25 29er. Since my hub is not so popular there are not any default dimensions available in online spoke calculator databases. I cannot take apart all the stuff on the wheel for precise measurements and that's why I have to ask for your help. I have used several calculators and all of them gave me different result ranging from 290mm to 294mm. Here are the dimensions of my hub in Novatec's official website.Flange to Flange 58.4mmFlange Diameter 58mmOver Locknut 135mmOffset of centers 6.8 mmRim ERD 602 mmIf anyone has experience with building a wheel, please help me to determine the exact length of the spokeThanks in advance", "top5_tags": "cassette, brakes, rotor, wheels, rims", "answer_only_title_pers": [{"generated_text": " To calculate the spoke length for your wheel, you'll need to know a few key measurements and use a spoke length calculator. Here's a step-by-step guide to help you determine the correct spoke length:\n\n1. Measure the Effective Rim Diameter (ERD): This is the distance between the rim's flanges (where the spokes attach) measured along the rim's centerline. You can find this measurement in the rim manufacturer's specifications or use a caliper to measure it yourself.\n\n2. Determine the Hub Width: Measure the distance between the insides of the locknuts on the axle of your hub. This measurement is crucial for determining the correct spoke length.\n\n3. Identify the Number of Spokes: Count the number of spokes on your wheel. This will be used in the spoke length calculation.\n\n4. Choose the Spoke Type: Decide whether you'll be using straight-pull or crossed spokes. Straight-pull spokes are more common and easier to work with.\n\n5. Select the Spoke Pitch: The spoke pitch is the distance between the center of one spoke hole to the center of the next spoke hole on the rim. This measurement is usually provided by the rim manufacturer.\n\nNow that you have all the necessary measurements, you can use a spoke length calculator to determine the correct spoke length. There are many online spoke length calculators available, such as the one provided by Park Tool (https://www.parktool.com/blog/repair-help/wheel-building-and-truing).\n\nEnter the ERD, hub width, number of spokes, spoke type, and spoke pitch into the calculator, and it will provide you with the correct spoke length for your wheel.\n\nRemember to always double-check your measurements and calculations before purchasing spokes to ensure a proper fit and avoid any issues during wheel building."}], "answer_with_body_pers": [{"generated_text": " Based on the dimensions you provided for your Novatec D042SB hub and the Sun Ringle Inferno 25 29er rim, I can help you calculate the spoke length.\n\nFirst, let's convert the rim ERD (Effective Rim Diameter) to the actual rim diameter. The Sun Ringle Inferno 25 rim has an ERD of 602mm, which means the actual rim diameter is 602mm.\n\nNow, we can use the following formula to calculate the spoke length:\n\nSpoke Length = \u221a(R^2 + (d^2 + (E - O/2)^2))\n\nWhere:\n- R is the radius of the rim (half of the rim diameter)\n- d is the hub flange diameter\n- E is the distance from the center of the hub to the flange (offset of centers)\n- O is the Over Locknut Dimension (OLD)\n\nPlugging in the values you provided:\n\nR = 602mm / 2 = 301mm\nd = 58mm\nE = 6.8mm\nO = 135mm\n\nSpoke Length = \u221a(301^2 + (58^2 + (6.8 - 135/2)^2))\nSpoke Length = \u221a(90601 + (3364 + (-34.1)^2))\nSpoke Length = \u221a(90601 + (3364 + 1162.81))\nSpoke Length = \u221a(90601 + 4526.81)\nSpoke Length = \u221a(95127.81)\nSpoke Length \u2248 308.43mm\n\nSo, the spoke length for your wheel should be approximately 308.43mm. However, it's always a good idea to round up to the nearest whole number, so you can use 309mm spokes.\n\nKeep in mind that this calculation is an approximation, and it's always best to double-check with a professional wheel builder or use a spoke length calculator that allows you to input your specific hub and rim dimensions."}]}