{"Unnamed: 0": 8047789, "id": "vegetarianism_1935", "Title": "Are McDonald's fries vegan in Canada?", "Body": "I've heard mixed information about whether McDonald's fries are vegan. There's mixed information about flavourings used in manufacture, or different fats used for deep frying. Even this recent Reddit thread seems to have mixed information. And since it varies by country, I'll ask this question in the context of Canada specifically.Are McDonald's fries vegan in Canada?", "top5_tags": "veganism, macos, nutrition, health, canada", "answer_only_title_pers": [{"generated_text": " McDonald's fries in Canada are not considered vegan. While the fries themselves do not contain any animal-derived ingredients, they are cooked in the same oil as other menu items, which may include animal products. Additionally, the fries are seasoned with beef-derived flavoring, making them unsuitable for a vegan diet.\n\nFor those interested in vegan options, it's best to check with local McDonald's restaurants to see if they offer any plant-based alternatives or if they have separate fryers for vegan-friendly options."}], "answer_with_body_pers": [{"generated_text": " In Canada, McDonald's fries are considered vegan. The primary ingredients in the fries are potatoes, vegetable oil, and salt. However, it's important to note that the vegetable oil used for frying may contain traces of animal products due to cross-contamination in the frying process. McDonald's Canada does not specifically list the type of vegetable oil used, but it is generally assumed to be a blend of canola, corn, soybean, and hydrogenated oil.\n\nWhile the fries themselves do not contain any animal-derived ingredients, the potential for cross-contamination with animal products during the frying process means that they may not be suitable for strict vegans. If you have concerns about cross-contamination, it's best to contact your local McDonald's directly to inquire about their frying practices.\n\nIn summary, McDonald's fries in Canada are vegan in terms of ingredients, but there is a possibility of cross-contamination with animal products during the frying process."}]}