{"Unnamed: 0": 1458364, "id": "lifehacks_10894", "Title": "Can I use regular kitchen salt to my dishwasher?", "Body": "The other day I was buying special dishwasher salt from a grocery store for about 3.5 USD a package. Later on, when I did read the contents (trying to figure out what is so magically pricey on the salt), I saw this:  Contents: 100% NaClBut NaCl is basic, ordinary salt! For cooking purposes, I buy ordinary salt for about 0.25 USD a package.Did I just discover lifehack? I am quite afraid to pour kitchen salt to my dishwasher. Did anyone try replacing dishwasher salt with regular (non-iodised) salt?", "top5_tags": "plot-explanation, plot, legal, character, shrek-2", "answer_only_title_pers": [{"generated_text": " No, you should not use regular kitchen salt in your dishwasher. Dishwasher salt is specifically designed for use in dishwashers and has a different composition than regular table salt. Regular kitchen salt can cause damage to your dishwasher and may not effectively soften the water as dishwasher salt does.\n\nDishwasher salt is made of larger grains that do not dissolve as quickly as table salt, which helps to prevent clogging in the dishwasher's water softener unit. It also contains fewer additives, such as iodine and anti-caking agents, which can cause issues in the dishwasher's system.\n\nTo ensure the proper functioning of your dishwasher and to avoid potential damage, it is best to use dishwasher salt specifically designed for this purpose. You can find dishwasher salt at most grocery stores or online."}], "answer_with_body_pers": [{"generated_text": " Yes, you can use regular kitchen salt as a substitute for dishwasher salt in your dishwasher. Both regular kitchen salt and dishwasher salt are primarily composed of sodium chloride (NaCl), which is the basic, ordinary salt used for cooking. The main difference between the two is that dishwasher salt is specifically designed to be free of additives like iodine, which can cause build-up in your dishwasher and affect its performance.\n\nHowever, it's essential to use non-iodized, fine-grained salt for your dishwasher. Coarse or rock salt may not dissolve properly and could potentially damage your dishwasher. Additionally, make sure the salt you use is pure sodium chloride and does not contain any anti-caking agents or other additives.\n\nWhile using regular kitchen salt may save you some money, it's essential to monitor your dishwasher's performance and salt levels regularly. If you notice any issues or a decrease in performance, you may want to consider switching back to dishwasher salt or consulting a professional for advice."}]}