{"Unnamed: 0": 6110, "id": "anime_27376", "Title": "Is Garp the only Vice Admiral to have a customized ship?", "Body": "After watching One Piece for about 500 episodes I noticed that I have only seen Garp with a customized naval ship. The theme of his ship is a dog theme like the mask he was seen wearing early on in the series. I was wondering if there are any other personnel within the Navy that have a customized ship instead of the standard design. (Canon only)Garp's Ship:", "top5_tags": "one-piece, hunter-x-hunter, united-states, investing, 401k", "answer_only_title_pers": [{"generated_text": " No, Garp is not the only Vice Admiral to have a customized ship. In the world of One Piece, several Vice Admirals and high-ranking officers have customized ships. For example, Vice Admiral Monkey D. Garp's ship, the \"Sakazuki,\" is customized to his liking, but he is not the only one. Other Vice Admirals, such as Kuzan (Aokiji), who is the Vice Admiral of the 2nd Fleet, also have customized ships. Kuzan's ship is called the \"Aokiji,\" and it is equipped with ice-based abilities.\n\nIn the context of Hunter x Hunter, Vice Admiral Netero also had a customized ship, the \"Pandora,\" which was equipped with advanced technology and weaponry.\n\nIn the United States, the term \"Vice Admiral\" is used in the Navy, and while they may not have customized ships in the same way as in One Piece or Hunter x Hunter, they do have specialized vessels and equipment for their specific roles and missions.\n\nAs for investing and 401k, these topics are not directly related to the question about customized ships for Vice Admirals in the context of One Piece and Hunter x Hunter."}], "answer_with_body_pers": [{"generated_text": " In the world of One Piece, Vice Admiral Garp is indeed known for having a customized ship with a dog theme, which is a nod to his iconic dog mask. However, he is not the only naval officer to have a customized ship. There are other instances in the series where naval officers have personalized their ships.\n\nFor example, Admiral Kizaru, also known as Borsalino, has a ship with a unique design that features a blue and white color scheme, which is different from the standard naval ships. Additionally, Admiral Fujitora's ship has a distinctive design with a red and white color scheme, and it features a dragon-like figurehead.\n\nWhile these examples show that some high-ranking naval officers have customized ships, it is not a common occurrence in the One Piece world. Most naval ships follow a standard design, and only a few officers have personalized their vessels.\n\nIn conclusion, Vice Admiral Garp is not the only naval officer with a customized ship in One Piece. However, such instances are rare, and most naval ships adhere to a standard design."}]}