{"Unnamed: 0": 1446831, "id": "islam_45098", "Title": "How to accurately translate \u062a\u0631\u0643 in the context of the hadith \"Between man and polytheism and unbelief is the [abandonment/negligence] of prayer\"?", "Body": "There are two similar ahadith with different translations:\u0625\u0650\u0646\u0651\u064e \u0628\u064e\u064a\u0652\u0646\u064e \u0627\u0644\u0631\u0651\u064e\u062c\u064f\u0644\u0650 \u0648\u064e\u0628\u064e\u064a\u0652\u0646\u064e \u0627\u0644\u0634\u0651\u0650\u0631\u0652\u0643\u0650 \u0648\u064e\u0627\u0644\u0652\u0643\u064f\u0641\u0652\u0631\u0650 \u062a\u064e\u0631\u0652\u0643\u064e \u0627\u0644\u0635\u0651\u064e\u0644\u0627\u064e\u0629\u0650Verily between man and between polytheism and unbelief is the negligence of prayer.Sahih Muslim 82 a\u0628\u064e\u064a\u0652\u0646\u064e \u0627\u0644\u0631\u0651\u064e\u062c\u064f\u0644\u0650 \u0648\u064e\u0628\u064e\u064a\u0652\u0646\u064e \u0627\u0644\u0634\u0651\u0650\u0631\u0652\u0643\u0650 \u0648\u064e\u0627\u0644\u0652\u0643\u064f\u0641\u0652\u0631\u0650 \u062a\u064e\u0631\u0652\u0643\u064f \u0627\u0644\u0635\u0651\u064e\u0644\u0627\u064e\u0629\u0650Between man and polytheism and unbelief is the abandonment of salat.Sahih Muslim 82 bIt looks like the relevant Arabic word is \u062a\u0631\u0643, which Wiktionary translates to to leave, to relinquish.  The impression I get from the English translation is that it means permanently.Question: How to accurately translate \u062a\u0631\u0643 in the context of the hadith \"Between man and polytheism and unbelief is the [abandonment/negligence] of prayer\"?This is relevant to my previous question here: Can someone end up leaving Islam through neglect?Google Translate gives a ranking of translations, favouring \"leave\" over \"neglect\":", "top5_tags": "women, tafseer, nikah, hadith, quran", "answer_only_title_pers": [{"generated_text": " In the context of the hadith \"Between man and polytheism and unbelief is the [abandonment/negligence] of prayer,\" the Arabic word \"\u062a\u0631\u0643\" (tarak) can be accurately translated as \"abandonment\" or \"negligence.\" This term refers to the act of neglecting or abandoning an essential religious duty, such as prayer, which is a fundamental pillar of Islam.\n\nIn this context, the hadith emphasizes the importance of prayer and warns that neglecting it can lead to polytheism and unbelief. The Prophet Muhammad (peace be upon him) highlighted the significance of prayer as a means of connecting with Allah and maintaining a strong faith.\n\nAs for the interests mentioned, while the hadith and prayer are relevant to the topic, the other interests (women, tafseer, nikah, and Quran) are not directly related to the translation of the word \"\u062a\u0631\u0643\" in this specific context."}], "answer_with_body_pers": [{"generated_text": " In the context of the hadith \"Between man and polytheism and unbelief is the [abandonment/neglect] of prayer,\" the Arabic word \"\u062a\u0631\u0643\" (tarak) can be accurately translated as \"neglect\" or \"abandonment.\" While \"\u062a\u0631\u0643\" does generally mean \"to leave\" or \"to relinquish,\" in this specific context, it refers to the act of neglecting or abandoning the obligatory prayers.\n\nThe hadith emphasizes the importance of prayer in Islam and warns that neglecting or abandoning it can lead to polytheism and unbelief. The translations \"neglect\" and \"abandonment\" both convey the idea of not fulfilling the religious obligation of prayer, which is the central message of the hadith.\n\nIn conclusion, the most accurate translations of \"\u062a\u0631\u0643\" in this context would be \"neglect\" or \"abandonment\" of prayer, as they best capture the intended meaning of the hadith."}]}