{"Unnamed: 0": 7709147, "id": "sound_22079", "Title": "What do you call a rising sequence of short notes in a composition esp with strings?", "Body": "I have a noticed in a few pop songs you occasionally get a series of notes that sounds like a set of short notes rising in succession - usually done with strings. One example is in Abba's Dancing Queen, right after the lyric 'and when you get the chance..' you get this sequence I am thinking of. Another example is the very beginning of 'One in a Million' by the Pet Shop Boys.Is there a musicological term for this?", "top5_tags": "ableton-live, synthesizer, ableton, strings, effects", "answer_only_title_pers": [{"generated_text": " A rising sequence of short notes in a composition, especially with strings, is often referred to as an \"arpeggio.\" An arpeggio is a type of broken chord where the notes are played or sung in succession, either ascending or descending. In the context of string instruments, arpeggios can create a flowing, cascading effect that adds texture and movement to the music.\n\nIf you're interested in creating arpeggios using Ableton Live, a digital audio workstation (DAW), you can use various instruments and effects to achieve this. For example, you can use a synthesizer plugin to generate arpeggios, or you can use the built-in instruments like Analog or Simpler to create string-like sounds. Additionally, you can apply effects like reverb, delay, or modulation to enhance the arpeggio's sound and make it more interesting.\n\nIn summary, a rising sequence of short notes in a composition with strings is called an arpeggio, and you can create and manipulate arpeggios using Ableton Live, synthesizers, and various effects to achieve the desired sound and musical effect."}], "answer_with_body_pers": [{"generated_text": " The musical term for a rising sequence of short notes in a composition, especially with strings, is called an \"arpeggio.\" An arpeggio is when the notes of a chord are played in succession, either ascending or descending, rather than simultaneously. In the examples you mentioned, such as in Abba's \"Dancing Queen\" and the Pet Shop Boys' \"One in a Million,\" the arpeggios create a sense of movement and excitement.\n\nIf you're interested in creating similar arpeggios using software like Ableton Live or a synthesizer, you can use the built-in arpeggiator feature or create your own arpeggio patterns using MIDI programming. Additionally, you can experiment with different effects to enhance the sound of your arpeggios, such as reverb, delay, or modulation effects."}]}