{"Unnamed: 0": 1456596, "id": "law_26371", "Title": "Does quoting a line from a film infringe copyright?", "Body": "I want to quote a line from a film in my novel. Specifically:  \"Don't ever lose your sense of humour, Dan. Don't ever lose your sense  of humour.\"From About Last Night (1986). So, it's not a long excerpt, just two sentences.I know I can't quote a single line from a song without incurring expensive permission fees. But, that's a short body of work. Does it apply to movies, too?", "top5_tags": "creative-writing, fiction, novel, england-and-wales, word-usage", "answer_only_title_pers": [{"generated_text": " Quoting a line from a film in your creative writing, fiction, or novel may or may not infringe copyright, depending on the length and context of the quote, as well as the purpose of its use. In general, copyright law allows for the use of short excerpts from copyrighted works under the doctrine of fair use, which considers factors such as the purpose and character of the use, the nature of the copyrighted work, the amount and substantiality of the portion used, and the effect of the use on the potential market for the original work.\n\nIn the context of creative writing, fiction, or novel writing in England and Wales, you may be able to quote a line from a film if it is used in a transformative manner, such as for the purpose of commentary, criticism, or parody. However, it is essential to ensure that the quote is not excessively long or central to the original work, as this may weigh against a fair use defense.\n\nTo minimize the risk of copyright infringement, consider the following guidelines when quoting a line from a film in your writing:\n\n1. Use only a small portion of the film, such as a single line or a brief dialogue exchange.\n2. Ensure that the quote is relevant to the context of your work and contributes to the overall narrative or argument.\n3. Provide proper attribution to the original source, including the title of the film and the year of release.\n4. Avoid using quotes that are central to the original work or that could be considered a substitute for the original work.\n\nIf you are unsure about the legality of quoting a line from a film in your writing, it is always best to consult with a legal professional or seek permission from the copyright holder."}], "answer_with_body_pers": [{"generated_text": " Quoting a line from a film in your novel can potentially infringe copyright, depending on the length and significance of the quote in relation to the original work. In general, copyright law allows for the use of short excerpts from copyrighted works under the doctrine of fair use, which considers factors such as the purpose and character of the use, the nature of the copyrighted work, the amount and substantiality of the portion used, and the effect of the use on the potential market for the original work.\n\nIn the case of your specific quote from the film \"About Last Night\" (1986), it is a short excerpt and may be considered fair use, especially if it is used in a transformative manner, such as for commentary, criticism, or parody. However, it is essential to consider the context in which the quote is used and how it relates to your novel's overall content.\n\nTo minimize the risk of copyright infringement, you may want to consider the following steps:\n\n1. Use the quote sparingly and only when it is essential to your story or adds significant value to your work.\n2. Ensure that the quote is not the central focus of your novel and does not detract from your original content.\n3. Provide proper attribution to the original source, including the film title and year of release.\n4. Consult with a legal professional or copyright expert to evaluate the potential risks and determine the best course of action for your specific situation.\n\nIn conclusion, while quoting a line from a film in your novel may be permissible under fair use, it is essential to consider the context and purpose of the quote and to take appropriate steps to minimize the risk of copyright infringement."}]}