{"Unnamed: 0": 1434729, "id": "genealogy_12188", "Title": "Did bigamous marriages need to be annulled?", "Body": "I have a great great uncle Ernest who was legally married in England in 1905. He and wife went separate ways shortly after the birth of their daughter, who died at 11 months, but they did not divorce.Ernest went on to marry bigamously in 1914. He was caught and convicted. This seems not to put him off, as he married bigamously to another woman in 1927. He was still legally married to his first wife. He got away with it for about 12 months, but when he proposed to another woman while already bigamously married, and had banns called in two parish churches, his second bigamous wife got suspicious, informed the police, and he was sentenced to another much longer stint in prison. I know these details from various newspaper reports of his trials.A marriage where one or both parties were already married was legally null and void. However, it is unclear to me whether the innocent party would need to obtain an annulment or declaration of nullity in order to marry again, since a void marriage never actually took place? Would nullity have been implied with conviction for bigamy?", "top5_tags": "england, wales, 20th-century, dna, medicine", "answer_only_title_pers": [{"generated_text": " In England and Wales during the 20th century, bigamous marriages were considered illegal and needed to be annulled. Bigamy is the act of entering into a marriage with one person while still legally married to another. The Matrimonial Causes Act 1973, which governs divorce and annulment in England and Wales, states that a marriage is void if one of the parties is already married to someone else at the time of the marriage.\n\nIn the 20th century, the process of annulling a bigamous marriage would have involved legal proceedings, where the innocent party would have to prove that the other party was already married. The court would then declare the marriage void, and the innocent party would be free to remarry.\n\nWhile DNA testing and advancements in medicine have made it easier to establish paternity and biological relationships, they were not directly relevant to the annulment of bigamous marriages in England and Wales during the 20th century. The focus of annulment proceedings would have been on the legal aspects of the marriage, rather than the biological relationships between the parties involved."}], "answer_with_body_pers": [{"generated_text": " In England during the 20th century, a marriage where one or both parties were already married was considered legally null and void. This means that the marriage never legally existed, and therefore, the innocent party would not need to obtain an annulment or declaration of nullity to marry again. The conviction for bigamy would have served as sufficient proof of the void marriage, and the innocent party could proceed to marry someone else without any additional legal steps.\n\nHowever, it is essential to note that the process of obtaining a marriage license and having banns called in the parish church would still be necessary for the innocent party to marry again. This is because the church and the state have separate legal systems, and the church would still require the necessary steps to be taken to ensure that the new marriage is valid in the eyes of the church.\n\nIn summary, during the 20th century in England, a bigamous marriage was considered legally null and void, and the innocent party would not need to obtain an annulment or declaration of nullity to marry again. The conviction for bigamy would have served as sufficient proof of the void marriage, and the innocent party could proceed to marry someone else without any additional legal steps. However, the necessary steps to obtain a marriage license and have banns called in the parish church would still be required for the new marriage to be valid in the eyes of the church."}]}