{"Unnamed: 0": 1445334, "id": "interpersonal_19497", "Title": "How to explain to my girlfriend that I enjoy certain video games?", "Body": "I would like to ask for advice about my current situation, my girlfriend (26) and I (31) have been together for 2 months now and we really have lots in common and always have a great time together but! I am an IT guy so I am into technology very much and currently own a Nintendo Switch.I really quite enjoy some video games (like Hand of fate 2, dark souls, doom, etc..), it is a way to entertain myself, to clear my head a bit after work and I do not play much at all, around 6 hours per week and some weeks I do not play at all.The thing is, she despises video games from the bottom of her heart, her position is quite radical. I do not get why, when I try to explain why I like to play her answer is something like \"-video games are for freaky and creepy nerds-\" and that's it! I cannot discuss any further about it, she just doesn't hear me at all.I could just sell my console and not play anymore, but I would like to first try to make her understand me, since she does not give me any reasonable answer about it so I would like to ask for some advice:How can I explain to her that it is something I enjoy?Thanks a lot in advance.Edit:To add some more details about it, our relationship is pretty new and this is the first major disagreement we have had so far.I have tried so little to be honest because she just does not want to listen, like really, she just says things like \"no no, that's for creepies, for smelly nerds\" and stuff like that, I have tried to explain to her:That it is no different from watching series or movies (which shedoes).That I only play in my spare time when we do not meet normally afterwork and would never prefer to play instead of meeting her or doingsomething together.To explain that it helps me to clear my mind after work.I actually tried to show her and explain a video game once and after 20 seconds she told me \"are we going to do something else?\" and that was it, I just turned it off.I was quite surprised because our communication is very good actually, we have discussed important matters openly in a very productive way, but with this topic she gets just too aggressive.Thanks again for your answers.", "top5_tags": "germany, relationships, approach, texting, armenia", "answer_only_title_pers": [{"generated_text": " When explaining to your girlfriend that you enjoy certain video games, it's important to be open, honest, and understanding of her perspective. Here are some steps you can follow to have a constructive conversation:\n\n1. Choose the right time and place: Find a quiet, comfortable setting where you can have an uninterrupted conversation. Make sure both of you are in a relaxed mood and have enough time to discuss the topic.\n\n2. Be honest and open: Explain to your girlfriend why you enjoy playing video games. Share your favorite aspects of the games, such as the storyline, characters, or the challenge they present. Be open about the time you spend playing and how it fits into your life.\n\n3. Address her concerns: Listen to her thoughts and concerns about your gaming habits. She may worry about the amount of time you spend playing or the content of the games. Acknowledge her feelings and try to understand her perspective.\n\n4. Find common ground: Discuss ways to incorporate your shared interests into your relationship. For example, you could invite her to play a game with you, or you could watch a video game-related movie or show together.\n\n5. Set boundaries: If your gaming habits are causing tension in your relationship, consider setting boundaries together. This could include limiting the amount of time you spend playing or designating specific days or times for gaming.\n\n6. Be patient and understanding: It may take time for your girlfriend to fully understand and accept your love for video games. Be patient and continue to communicate openly with her.\n\nRemember, the key to a healthy relationship is open communication and understanding each other's interests. By following these steps, you can help your girlfriend understand why you enjoy playing video games and find ways to incorporate your shared interests into your relationship."}], "answer_with_body_pers": [{"generated_text": " It's great that you're looking for ways to communicate your interests to your girlfriend. Here are some steps you can take to help her understand your love for video games:\n\n1. Choose the right time and place: Find a calm and relaxed moment to discuss your hobby with her. Avoid bringing up the topic when she's already stressed or busy.\n\n2. Be patient and understanding: Remember that she may not share your passion for video games, and that's okay. Be patient and try to understand her perspective.\n\n3. Explain the benefits: Share with her the positive aspects of playing video games, such as stress relief, problem-solving skills, and the opportunity to connect with friends.\n\n4. Compare it to her interests: Draw parallels between video games and her hobbies, such as watching movies or reading books. Explain that video games are just another form of entertainment and storytelling.\n\n5. Invite her to try it out: Offer to play a game with her, or let her watch you play. This can help her see the fun and excitement that you experience while gaming.\n\n6. Set boundaries: Assure her that you will always prioritize your relationship and time together. Explain that you only play video games in your spare time and that it doesn't interfere with your commitment to her.\n\n7. Be open to compromise: If she's still not interested in video games, try to find other activities that you both enjoy. This can help you maintain a healthy balance between your hobbies and your relationship.\n\nRemember, communication is key in any relationship. By being open and understanding, you can help your girlfriend see the value in your hobby and find common ground."}]}