{"Unnamed: 0": 8038668, "id": "sustainability_4337", "Title": "How much energy costs do portable solar panels save in a house?", "Body": "Our Houston area HOA does not allow roof top solar panels and I doubt they would survive our hurricanes too. I discovered NRG Energy sells these portable solar panels under their goal zero brand. If we used these solar panel kits to simply charge our phones everyday, how much energy would we take off the grid?Our monthly utility bill is about $40 while gas is about $90. How much money would buying one kit or several kits save?Related SL question ", "top5_tags": "identification, watering, shrubs, flowers, plant-recommendations", "answer_only_title_pers": [{"generated_text": " Portable solar panels can significantly reduce energy costs in a house by harnessing the power of the sun to generate electricity. The amount of savings depends on various factors, such as the size and efficiency of the solar panels, the amount of sunlight received, and the household's energy consumption.\n\nOn average, a 100-watt portable solar panel can generate around 500-600 watt-hours of electricity per day, depending on the sunlight exposure. If a household consumes around 30 kWh of electricity per day, a single 100-watt solar panel can cover approximately 2% of the daily energy needs.\n\nTo cover a larger portion of the energy needs, multiple panels can be installed. For example, if a household installs 10 portable solar panels, each with a capacity of 100 watts, they can generate around 5-6 kWh of electricity per day. This can cover around 16-20% of the daily energy needs, leading to significant savings on energy bills.\n\nIn addition to reducing energy costs, portable solar panels can also be used to power outdoor equipment, such as garden lights, water pumps, and electric tools, which can be beneficial for those interested in gardening and maintaining their outdoor spaces.\n\nIn conclusion, portable solar panels can save a considerable amount of energy costs in a house, depending on the number of panels installed and the household's energy consumption. They can also be used to power outdoor equipment, making them a versatile and eco-friendly solution for energy needs."}], "answer_with_body_pers": [{"generated_text": " Portable solar panels can indeed help reduce your energy costs by generating electricity to charge your devices, such as phones, and potentially other household items. The amount of energy savings will depend on several factors, including the size and efficiency of the solar panels, the amount of sunlight they receive, and the energy consumption of the devices being charged.\n\nTo estimate the potential savings, let's consider a few key points:\n\n1. A typical smartphone requires about 5 watts of power to charge. Charging a phone for 2 hours a day would consume about 10 watt-hours (Wh) of energy.\n\n2. A Goal Zero solar panel kit, such as the Goal Zero Yeti 400, has a 400-watt solar panel and a 400-watt battery. This kit can generate and store up to 400 watt-hours of energy per hour of sunlight.\n\n3. Assuming you live in the Houston area, you can expect an average of 5 hours of sunlight per day. This means that a Goal Zero Yeti 400 kit can generate and store up to 2,000 Wh (or 2 kWh) of energy per day.\n\n4. If you use the solar panel kit to charge your phone and other devices, you can potentially save up to 2 kWh of energy per day.\n\n5. The average cost of electricity in the Houston area is about 12 cents per kWh. By using a Goal Zero Yeti 400 kit, you could save up to $0.24 per day (2 kWh x $0.12/kWh) on your electricity bill.\n\n6. Over a month, this would amount to a savings of about $7.20 (30 days x $0.24/day).\n\nWhile the savings from a single Goal Zero Yeti 400 kit may not be significant, purchasing multiple kits and using them to charge other devices and appliances could lead to more substantial savings. Additionally, the environmental benefits of using renewable energy sources should also be considered.\n\nIn conclusion, portable solar panels can help reduce your energy costs and reliance on the grid, but the amount of savings will depend on the size and efficiency of the panels, the amount of sunlight they receive, and the energy consumption of the devices being charged."}]}