{"Unnamed: 0": 198441, "id": "expatriates_10205", "Title": "Gaining Canadian citizenship through the Army?", "Body": "http://www.forces.ca/en/page/applynow-100 says  To apply to the Forces, you must: Be a Canadian Citizen.http://www.cic.gc.ca/english/resources/tools/cit/grant/cfa.asp says  This section is about granting citizenship to a person who is or was serving in or with the Canadian Armed Forces (CAF).So... what's going on here? (note: I am a Canadian citizen for ten months now, it's not like I am counting, just curious)", "top5_tags": "air-travel, canada, usa, online-resources, public-transport", "answer_only_title_pers": [{"generated_text": " Gaining Canadian citizenship through the Army is possible, but it requires meeting specific criteria and following a defined process. Here's a general overview of the steps involved:\n\n1. Enlist in the Canadian Armed Forces (CAF): To be eligible for Canadian citizenship through the Army, you must first enlist in the CAF as a permanent resident. You can do this by applying through the Canadian Armed Forces Recruiting Centre or online.\n\n2. Serve the required time: To be eligible for citizenship, you must serve in the CAF for a minimum of 1,095 days (3 years) or participate in a war or armed conflict.\n\n3. Meet other eligibility requirements: In addition to serving in the CAF, you must meet other eligibility requirements for Canadian citizenship, such as being at least 18 years old, having a basic knowledge of English or French, and passing a citizenship test.\n\n4. Apply for Canadian citizenship: After meeting the eligibility requirements, you can apply for Canadian citizenship through the Citizenship and Immigration Canada (CIC) website or by submitting a paper application.\n\n5. Attend a citizenship ceremony: If your application is approved, you will be invited to attend a citizenship ceremony, where you will take the Oath of Citizenship and receive your Canadian citizenship certificate.\n\nIt's essential to note that the process of gaining Canadian citizenship through the Army may vary depending on your specific circumstances and the policies in place at the time of your application. For the most up-to-date information and guidance, you can visit the Canadian Armed Forces and Citizenship and Immigration Canada websites or consult with an immigration lawyer."}], "answer_with_body_pers": [{"generated_text": " It seems there might be some confusion regarding the process of gaining Canadian citizenship through the Army. The information you provided indicates that to apply to the Canadian Armed Forces (CAF), you must already be a Canadian citizen. However, there is a provision for granting citizenship to individuals who are or were serving in or with the CAF.\n\nIf you are a Canadian citizen for ten months now and are interested in learning more about the process of gaining citizenship through military service, you can find more information on the Government of Canada's website. The Canadian Citizenship Act allows for the granting of citizenship to individuals who have served in the Canadian Armed Forces under certain conditions.\n\nTo explore this option further, you can visit the Canadian Immigration and Citizenship website (https://www.canada.ca/en/immigration-refugees-citizenship/services/application-process/citizenship.html) and search for the section on \"Granting Citizenship to a Person Who Is or Was Serving in or With the Canadian Armed Forces.\"\n\nPlease note that the user interests you mentioned (air-travel, Canada, USA, online-resources, public-transport) are not directly relevant to the question of gaining Canadian citizenship through the Army."}]}