{"Unnamed: 0": 202179, "id": "gaming_108891", "Title": "How many sims fit in a car?", "Body": "I'm trying to work up a plan for traffic in my city, and I think it's easy enough for me to figure out how many cars can make it through a stopsign unopposed in an hour, and how many cars can make it through a stoplight opposed in an hour... but it's all for naught as I don't know how many workers are in a car.I know that low wealth, high density residential buildings have 400 workers, 200 shoppers and 100 students.  What I don't know: how many cars does that turn into?", "top5_tags": "world-of-warcraft, simcity-2013, star-wars-the-old-republic, sims-3, eve-online", "answer_only_title_pers": [{"generated_text": " The number of Sims that can fit in a car depends on the type of car and the size of the Sims. In The Sims 3, for example, a standard car can typically fit 4 adult Sims or a combination of adults and children. However, a larger vehicle like a minivan or SUV can accommodate more Sims.\n\nIn the context of the other games you mentioned, the concept of Sims and cars doesn't apply. World of Warcraft is a fantasy MMORPG, SimCity 2013 is a city-building simulation game, Star Wars: The Old Republic is a MMORPG set in the Star Wars universe, and EVE Online is a space-based MMORPG. None of these games involve Sims or cars in the same way as The Sims 3."}], "answer_with_body_pers": [{"generated_text": " In SimCity 2013, the number of Sims in a car depends on the type of vehicle and the number of passengers it can accommodate. Here's a general breakdown of vehicle types and their passenger capacities:\n\n1. Sedan: 4 passengers\n2. Coupe: 4 passengers\n3. Hatchback: 4 passengers\n4. SUV: 5 passengers\n5. Minivan: 6 passengers\n6. Bus: 10 passengers\n\nTo estimate the number of cars needed for 400 workers, 200 shoppers, and 100 students, you can use the following approach:\n\n1. Calculate the total number of Sims: 400 workers + 200 shoppers + 100 students = 700 Sims\n2. Estimate the average number of passengers per car: Assuming a mix of vehicles, the average could be around 4-5 passengers per car.\n3. Divide the total number of Sims by the average number of passengers per car: 700 Sims / 4.5 passengers per car \u2248 156 cars\n\nSo, you would need approximately 156 cars to transport 700 Sims. Keep in mind that this is a rough estimate, and the actual number of cars may vary depending on the mix of vehicle types and the specific needs of your city."}]}