{"Unnamed: 0": 8048008, "id": "woodworking_177", "Title": "\"Joint\" or \"Join\": What is the name for the place where two pieces of wood are fastened together?", "Body": "When speaking in my woodshop, I can't quite tell whether people are saying joint or join when referring to the place where two pieces of wood are glued (or nailed) together. I know the practice is known as joinery but in my use of the English language, joint seems more appropriate. Of course, it doesn't help that a jointer is a tool for a completely different thing.", "top5_tags": "finishing, dogs, united-states, terminology, joinery", "answer_only_title_pers": [{"generated_text": " The name for the place where two pieces of wood are fastened together is called a \"joint.\" In the context of woodworking and joinery, a joint refers to the connection between two pieces of wood, which can be achieved through various methods such as gluing, nailing, screwing, or using specialized joinery techniques like dovetail or mortise and tenon joints. These joints are essential in creating strong and durable wooden structures and furniture."}], "answer_with_body_pers": [{"generated_text": " The term you're looking for is \"joint.\" In woodworking, a joint refers to the place where two pieces of wood are fastened together, either through gluing, nailing, or other methods. The practice of creating these joints is known as joinery. While \"join\" is a verb that means to connect or fasten things together, \"joint\" is the noun that specifically refers to the connection point in woodworking. So, in your woodshop, when people are talking about the place where two pieces of wood are fastened together, they are referring to a \"joint.\""}]}