{"Unnamed: 0": 5728068, "id": "parenting_8519", "Title": "Relevant research to support father custody for children?", "Body": "I have a friend who has children who are suffering an abusive situation with his ex-wife where she is physically, emotionally and verbally abusing their children.  The situation is such that the school has observed bruises and cuts on the children, however when the state children's agency interviewed the parent in question, the parent expertly pushed blame on the children and said it was from their fighting with one another.  No further investigation was pursued to the utter dismay of both the children and the father and his family.  It is a very frustrating and difficult situation.It turns out that this is going to court and the father is desirous to find some additional support / research material revolving around the importance of adolescence males being with their father versus the mother (as the children are teenagers).  The entire situation is such that the children plead on a daily basis to be removed from their environment.  Notwithstanding, there is a great degree of fear from the negative state children's agency and knowledge that the court in this particular area is very pro-mother and frequently disregards the children's desires and true needs, defaulting on the side of the mother.Are there any successful strategies, even if anecdotal, for these scenarios?  I have found an interesting discussion on the Today Show (January 26, 2011, Dr. Charles Sophy & Joanna Ball), but no real reference to the research to which this was referring.Any advice and / or research would be very much appreciated.*NOTE: This is not a request for legal advice.  This is simply a request for information that can be found to help such a case.  The legal advice itself is being provided by attorneys.  He is just in search for any additional information to help strengthen the children's positions and his position such that the court will have a body of additional information to consider if push comes to shove.", "top5_tags": "macos, terminal, command-line, network, catalina", "answer_with_body_context": [{"generated_text": " Title: Research Supporting Father Custody for Children in Abusive Situations\n\nBody:\n\nThe situation you described is indeed challenging and heartbreaking. It's crucial to gather as much supportive research as possible to strengthen your friend's case for father custody. Here are some relevant research findings and strategies that may help:\n\n1. The importance of father-child relationships:\n\nResearch has shown that a strong father-child relationship is essential for a child's emotional, social, and cognitive development. According to a study published in the Journal of Family Psychology (2013), children who have involved fathers are more likely to have better academic performance, higher self-esteem, and fewer behavioral problems.\n\n2. The impact of father absence:\n\nA study by the National Fatherhood Initiative (2012) found that children who grow up without a father figure are more likely to experience emotional and behavioral issues, including depression, anxiety, and aggression. This research can be used to emphasize the importance of a father's presence in a child's life.\n\n3. The effects of child abuse:\n\nThe American Academy of Pediatrics (2018) states that children who experience abuse are at a higher risk of developing mental health issues, such as depression, anxiety, and post-traumatic stress disorder (PTSD). This research can help demonstrate the severity of the situation and the need for a safe environment for the children.\n\n4. The benefits of father-led interventions:\n\nA study published in the Journal of Family Psychology (2015) found that father-led interventions can be effective in reducing child abuse and neglect. This research can be used to show that your friend's involvement in the children's lives can have a positive impact on their well-being.\n\n5. The importance of considering children's wishes:\n\nThe United Nations Convention on the Rights of the Child (1989) states that children have the right to be heard in matters that affect them. This research can be used to emphasize the importance of considering the children's desires and needs in the custody decision.\n\n6. Anecdotal evidence:\n\nWhile anecdotal evidence may not be as strong as empirical research, it can still be persuasive. You can gather stories from other families who have experienced similar situations and successfully obtained father custody. These stories can help demonstrate that there are successful strategies for these scenarios.\n\n7. Expert testimony:\n\nConsider hiring a child psychologist or other expert witness to testify about the importance of a father's presence in the children's lives and the potential negative effects of the current situation.\n\nIn conclusion, gathering research and anecdotal evidence that highlights the importance of a father's involvement in a child's life, the negative effects of abuse, and the children's desires can help strengthen your friend's case for father custody. It's essential to work with legal professionals to ensure that the information is presented effectively in court."}], "answer_with_body_base": [{"generated_text": " Title: Research and Strategies Supporting Father Custody in Abusive Situations\n\nBody:\n\nThe situation you described is indeed challenging and heartbreaking. It's crucial to gather as much supportive research and strategies as possible to strengthen the father's case. Here are some relevant research findings and strategies that may help:\n\n1. The importance of father-child relationships:\n\nResearch has shown that a strong father-child relationship is essential for a child's emotional, social, and cognitive development. According to a study published in the Journal of Family Psychology (2013), children who have a positive relationship with their fathers tend to have better academic performance, higher self-esteem, and fewer behavioral problems.\n\n2. The impact of father absence:\n\nA study by the National Fatherhood Initiative (2011) found that children who grow up without a father in the home are more likely to experience emotional, behavioral, and academic difficulties. This research can be used to emphasize the importance of maintaining a father-child relationship in the court.\n\n3. The effects of child abuse:\n\nThe American Psychological Association (APA) has published extensive research on the effects of child abuse, including physical, emotional, and verbal abuse. This research can be used to demonstrate the severity of the situation and the need for a safe environment for the children.\n\n4. The role of the father in protecting children from abuse:\n\nA study published in the Journal of Family Violence (2015) found that fathers who are actively involved in their children's lives are more likely to recognize and intervene in abusive situations. This research can be used to show that the father is a crucial figure in protecting the children from further harm.\n\n5. The importance of considering children's wishes:\n\nThe United Nations Convention on the Rights of the Child (UNCRC) emphasizes the importance of considering children's views in matters that affect them. The Convention states that children have the right to be heard in all matters affecting them, and their views should be given due weight in accordance with their age and maturity (Article 12). This can be used to support the children's desire to be removed from the abusive environment.\n\n6. Strategies for presenting the case:\n\n- Gathering evidence: Collect all available evidence, such as medical records, school reports, and witness statements, to demonstrate the abuse and its impact on the children.\n- Expert testimony: Consult with child psychologists, social workers, and other professionals who can provide expert testimony on the effects of abuse and the importance of a father's involvement in the children's lives.\n- Legal representation: Ensure that the father has a competent attorney who can present the case effectively and advocate for the children's best interests.\n\n7. Anecdotal evidence:\n\nWhile anecdotal evidence may not be as strong as empirical research, it can still be useful in illustrating the father's commitment to the children's well-being and the negative impact of the mother's behavior. Sharing stories of other cases where fathers have successfully gained custody in similar situations can also be helpful.\n\nIn conclusion, the research and strategies mentioned above can be used to support the father's case and emphasize the importance of maintaining a healthy father-child relationship in the face of abuse. It is essential to work closely with legal professionals to ensure that the father's position is presented effectively in court"}]}