{"Unnamed: 0": 202172, "id": "gaming_10883", "Title": "How can I consistently jump over the water near the end of Toad's Factory?", "Body": "The world record holders do it every time - I was able to do it once. What is a consistent way to do it?  It is so easy to fall in the water...", "top5_tags": "macos, iphone, ios, pokemon-go, ipad", "answer_with_body_context": [{"generated_text": " To consistently jump over the water near the end of Toad's Factory in Super Mario Bros., follow these steps:\n\n1. Practice the jump timing: The key to consistently jumping over the water is to time your jump correctly. Approach the water with a moderate speed, and jump at the right moment when Mario is in the air.\n\n2. Use the Super Mushroom: Before attempting the jump, make sure to collect a Super Mushroom. This will increase Mario's size, making it easier to clear the water.\n\n3. Approach the jump with the right speed: If you approach the jump too fast, you'll have a hard time clearing the water. Try to approach the jump at a moderate speed, which will give you enough time to time your jump correctly.\n\n4. Use the wall jump: Toad's Factory has a wall on the right side that you can use to your advantage. As you approach the water, jump towards the wall and use it to gain extra height. This will help you clear the water more easily.\n\n5. Practice: As with any skill, practice is essential. Keep trying the jump until you can consistently clear the water. You may need to adjust your timing and approach speed to find the right combination for you.\n\n6. Use power-ups: Power-ups like the Fire Flower or the Cape Feather can help you clear the water more easily. The Fire Flower will allow you to shoot fireballs, which can be used to clear the water, while the Cape Feather will give you a cape that can help you glide over the water.\n\nRemember, it's normal to fall in the water a few times while learning this jump. Don't get discouraged, and keep practicing. With time and persistence, you'll be able to consistently jump over the water near the end of Toad's Factory. Good luck!"}], "answer_with_body_base": [{"generated_text": " Title: Strategies for Consistently Jumping Over Water at the End of Toad's Factory in Super Mario World\n\nBody:\n\nAchieving consistent success in jumping over the water at the end of Toad's Factory in Super Mario World can be challenging, but with the right strategies and practice, you can improve your chances of success. Here are some tips to help you consistently jump over the water:\n\n1. Master the jump timing: The key to consistently jumping over the water is to time your jump correctly. You need to jump at the right moment when Mario is in the air, and the water is at its lowest point. Practice jumping at different heights and distances to get a feel for the timing.\n\n2. Use the right power-ups: Power-ups like the Super Mushroom, Fire Flower, and Super Star can help you in this challenge. The Super Mushroom increases Mario's size, making it easier to jump over the water. The Fire Flower allows Mario to shoot fireballs, which can help you clear the water if you miss the jump. The Super Star grants invincibility, which can help you avoid falling into the water.\n\n3. Practice on different levels: To improve your jumping skills, practice on different levels and stages in the game. This will help you get a better understanding of Mario's jumping mechanics and improve your timing.\n\n4. Use the wall jump: The wall jump is a useful technique for clearing the water. Approach the wall near the water, and press the jump button while Mario is in contact with the wall. This will make Mario jump off the wall, allowing you to clear the water.\n\n5. Use the double jump: The double jump can also help you clear the water. Approach the water, and press the jump button twice to make Mario perform a double jump. This technique requires practice, but it can be very effective in clearing the water.\n\n6. Avoid obstacles: Be mindful of obstacles like spikes and enemies that can hinder your progress. Avoid them to maintain your momentum and focus on clearing the water.\n\n7. Practice, practice, practice: Consistency comes with practice. Keep trying and don't get discouraged if you fail a few times. With persistence and practice, you'll eventually master the jump and clear the water consistently.\n\nRemember, the key to success is to practice and experiment with different techniques until you find the one that works best for you. Good luck, and happy gaming!"}]}