{"Unnamed: 0": 1434731, "id": "genealogy_12242", "Title": "What happened to Gustav Adolf Neumann, 1859 immigrant to the US?", "Body": "According to notes passed down by my granddad (from an unknown source), I have an relative, Gustav Adolf Neumann, who was born 1824 in Leipzig, Saxony, and who eventually immigrated to the United states, arriving on the sailing ship Louisiana in 1858/1859 from Bremen, Germany, to New York, USA -- see the ship manifest New York Passenger Lists, 1820-1891 and the general United States Germans to America Index, 1850-1897. (I know that the birth year on the passenger list is estimated as 1825, but this is a proven mistake, due to a calculation error in the databases linked above.)I found potential informatiopn that he might have fought in the US Civil War -- either in the 7th Regiment, New York Infantry or in the 75th Regiment, Pennsylvania Infantry or in the 15th Regiment, New York Heavy Artillery, as seen on the U.S. National Park Service's Soldiers and Sailors Database. But there is no (dis-)proof yet.Where can I look for more records about his whereabouts, death, marriage or eventual army records?Search results from U.S. National Park Service Soldiers and Sailors Database:  Results for Soldiers Showing Results 1 - 3 of 3Neumann , GustavBattle Unit Name: 75th Regiment, Pennsylvania InfantrySide:  UnionNeumann , GustaveBattle Unit Name: 15th Regiment, New York Heavy ArtillerySide: UnionNeumann , GustavBattle Unit Name: 7th Regiment, New York InfantrySide: Union(No results with the same search for Confederate Soldiers.)Addendum:After a break, I continued the search for Gustav Adolf Neumann whereabouts. I tried the following collections on familysearch: New York Deaths and Burials, 1795-1952New York Marriages, 1686-1980New York Naturalization Index (Soundex), 1792-1906New York State Census, 1865 without any results.Do you have any suggestions where to look online for Gustav Adolf Neumann (1824-?)?If he was fighting in the American Civil War, he might have been killed/went missing in action. Is there a \"complete\" list of all/most fallen soldiers during that war somewhere?How likely was it that Gustav Adolf changed his name to one more English and, if so, which would it be given his original names?", "top5_tags": "gramps, germany, immigration, united-states, phd", "answer_with_body_context": [{"generated_text": " Gustav Adolf Neumann, an 1859 immigrant to the US, was born in Leipzig, Saxony, in 1824. He immigrated to the United States in 1858/1859 aboard the sailing ship Louisiana, arriving in New York from Bremen, Germany. According to the U.S. National Park Service's Soldiers and Sailors Database, there are potential records of him serving in the 7th Regiment, New York Infantry, the 75th Regiment, Pennsylvania Infantry, or the 15th Regiment, New York Heavy Artillery during the American Civil War.\n\nTo further research Gustav Adolf Neumann's whereabouts, death, marriage, or army records, you can explore the following resources:\n\n1. U.S. National Archives: The National Archives holds military records, including pension files, which may contain information about Neumann's service and potential death. Visit https://www.archives.gov/research/military-service-records.\n\n2. Ancestry.com: This genealogy website has a vast collection of military records, including pension files, muster rolls, and unit histories. You can search for Gustav Adolf Neumann using his name, birth year, and immigration date.\n\n3. Fold3: This website is a subscription-based service that provides access to military records, including pension files and muster rolls. You can search for Gustav Adolf Neumann using his name and other relevant information.\n\n4. FamilySearch: This free genealogy website has a collection of military records, including pension files and muster rolls. You can search for Gustav Adolf Neumann using his name and other relevant information.\n\nRegarding a \"complete\" list of fallen soldiers during the American Civil War, there is no single comprehensive list. However, you can find information about fallen soldiers in various resources, such as the Civil War Soldiers and Sailors Database, the National Park Service's Soldiers and Sailors Database, and the National Cemetery System's database.\n\nAs for the likelihood of Gustav Adolf changing his name to a more English-sounding one, it was not uncommon for immigrants to adopt a new name upon arrival in the United States. However, there is no specific information about whether Gustav Adolf Neumann changed his name. If he did, it would be helpful to search for variations of his name, such as Gustav Neumann, Gustav A. Neumann, or Gustav N. Neumann, in the resources mentioned above."}], "answer_with_body_base": [{"generated_text": " Gustav Adolf Neumann, an 1859 immigrant to the US, was born in 1824 in Leipzig, Saxony, Germany. He immigrated to the United States in 1858/1859 aboard the sailing ship Louisiana, arriving in New York from Bremen, Germany. According to the U.S. National Park Service's Soldiers and Sailors Database, there are potential records of him serving in the 7th Regiment, New York Infantry, the 75th Regiment, Pennsylvania Infantry, or the 15th Regiment, New York Heavy Artillery during the US Civil War. However, there is no definitive proof of his service in any of these units.\n\nTo find more information about Gustav Adolf Neumann's whereabouts, death, marriage, or army records, you can explore the following resources:\n\n1. U.S. National Park Service's Soldiers and Sailors Database: You have already searched this database, but you can continue to search for more information on Gustav Adolf Neumann's service in the Civil War.\n\n2. FamilySearch: You have already searched the New York Deaths and Burials, New York Marriages, New York Naturalization Index (Soundex), and New York State Census collections, but you can continue to search these collections for more information.\n\n3. Ancestry.com: This genealogy website has a vast collection of historical records, including military records, census data, and immigration records. You can search for Gustav Adolf Neumann on Ancestry.com to find more information about his life and service in the Civil War.\n\n4. The American Battlefield Trust: This organization has a database of Civil War soldiers, including those who may have been killed or went missing in action. While it may not have a complete list of all fallen soldiers, it can provide some information on soldiers who died during the war.\n\nRegarding the possibility of Gustav Adolf changing his name to a more English-sounding one, it was not uncommon for immigrants to adopt a new name upon arrival in the United States. However, there is no specific information available about whether Gustav Adolf Neumann changed his name. If he did, it would likely be a name that was easier for Americans to pronounce and remember, but without further research, it is difficult to determine which name he may have chosen."}]}