{"Unnamed: 0": 178882, "id": "english_1183", "Title": "What is the difference between using a colon and a semi-colon to join two sentences?", "Body": "I've seen a few questions on this site relating to semi-colons, which I believe I correctly understand, but what I'm not as clear about is colons.  For example:  The man ate the apple; it tasted good.Is this not correctly also written as:  The man ate the apple: it tasted good.In this case, what is the difference between the two sentences?", "top5_tags": "food-safety, substitutions, potatoes, united-kingdom, punctuation", "answer_with_body_context": [{"generated_text": " The primary difference between using a semi-colon and a colon to join two sentences lies in their intended purposes and the way they structure the relationship between the two clauses.\n\n1. Semi-colon (;): A semi-colon is used to connect two closely related independent clauses, which are complete sentences that can stand alone. It indicates a stronger connection between the two clauses than a period would, but a weaker connection than a conjunction (e.g., and, but, or). Semi-colons are often used when the two clauses are thematically related, but the second clause provides additional information or contrasts with the first.\n\nExample: The man ate the apple; it tasted good.\n\nIn this example, the semi-colon connects two independent clauses that are closely related in meaning. The second clause provides additional information about the first clause, emphasizing the positive outcome of the man eating the apple.\n\n2. Colon (:): A colon is used to introduce a list, a quotation, an explanation, or an example that follows an independent clause. It signals that the information following the colon is directly related to the preceding clause and often provides further elaboration or clarification.\n\nExample: The man ate the apple: it tasted good.\n\nIn this example, the colon is used to introduce the explanation or result of the man eating the apple. The second clause is directly related to the first clause and provides additional information about the taste of the apple.\n\nIn summary, the main difference between using a semi-colon and a colon to join two sentences is the purpose and structure of the relationship between the two clauses. A semi-colon connects two closely related independent clauses, while a colon introduces further information that is directly related to the preceding clause."}], "answer_with_body_base": [{"generated_text": " The primary difference between using a semi-colon and a colon to join two sentences lies in their intended purposes and the nature of the information they connect.\n\n1. Semi-colon (;): A semi-colon is used to connect two closely related independent clauses (complete sentences) without using a conjunction (e.g., and, but, or). It indicates a stronger relationship between the two clauses than a period would, but a weaker relationship than a conjunction. Semi-colons are often used when the clauses are complex or contain internal punctuation, such as commas.\n\nExample: The man ate the apple; it tasted good.\n\nIn this example, the semi-colon connects two independent clauses that are closely related in meaning. The relationship between the two clauses is that the man ate the apple, and as a result, it tasted good.\n\n2. Colon (:): A colon is used to introduce a list, a quotation, an explanation, or an example that follows an independent clause. It signals that the information following the colon is directly related to the preceding clause and provides further elaboration or clarification.\n\nExample: The man ate the apple: it tasted good.\n\nIn this example, the colon is used to introduce the explanation or result of the man eating the apple. The colon indicates that the information following it (it tasted good) is directly related to the preceding clause (The man ate the apple).\n\nIn summary, a semi-colon is used to connect two closely related independent clauses, while a colon is used to introduce a list, quotation, explanation, or example that is directly related to the preceding independent clause. The choice between using a semi-colon or a colon depends on the relationship between the clauses and the information being presented."}]}