{"Unnamed: 0": 8048801, "id": "workplace_103794", "Title": "Why does HR request I bring a birth certificate or passport to interview?", "Body": "I've completed my phone screen with the company about a week ago, and they are now scheduling me for an onsite interview. However, they are asking me to bring either my birth certificate or passport with me. This is the first time I've been asked this as part of the job interviewing process. They had asked me in the phone screen whether or not I was a US citizen, I am, but I've been asked that numerous times before and have never been required to show my birth certificate. What's the purpose behind showing a birth certificate or passport before even finishing the interview process?", "top5_tags": "interviewing, united-states, internship, email, salary", "answer_with_body_context": [{"generated_text": " The request for a birth certificate or passport during the interview process, particularly before the onsite interview, is likely due to the company's need to verify your identity and citizenship status. While it may seem unusual, there are several reasons why this could be necessary:\n\n1. Legal requirements: Some companies may have specific legal requirements or policies that mandate the verification of an applicant's identity and citizenship status. This could be due to the nature of the job, the company's industry, or the need to comply with government regulations.\n\n2. Background checks: The company may be conducting a thorough background check on you, and the birth certificate or passport is a crucial document to confirm your identity and citizenship. This could be part of the company's due diligence process to ensure that they are hiring the right candidate for the job.\n\n3. Security concerns: In some cases, companies may have security concerns that require them to verify the identity of their applicants. This could be due to the sensitive nature of the job or the company's need to protect its assets and information.\n\n4. Documentation for visa or work permit: If the job requires a work visa or permit, the company may need to verify your citizenship status and provide the necessary documentation to the relevant authorities.\n\n5. Preparation for onsite interview: The company may want to ensure that you have the required documents with you for the onsite interview, as it may be necessary to present them during the interview or for other administrative purposes.\n\nIn summary, the request for a birth certificate or passport is likely a part of the company's due diligence process to verify your identity and citizenship status. It is essential to comply with this request to demonstrate your commitment to the job and to ensure a smooth interview process. If you have any concerns or questions, it is best to reach out to the HR department for clarification."}], "answer_with_body_base": [{"generated_text": " The request for a birth certificate or passport during the interview process, particularly for a position that requires US citizenship, is likely due to the need for verification of your identity and citizenship status. While it's not uncommon to confirm citizenship status during a phone screen, the onsite interview stage may require more concrete proof. Here are a few reasons why this might be the case:\n\n1. Legal requirements: Some positions, especially those involving sensitive information or access to certain resources, may require proof of citizenship as part of the hiring process. This is to ensure that the company is compliant with legal regulations and to protect the company from potential legal issues.\n\n2. Background checks: The company may be conducting a thorough background check on you, and having a birth certificate or passport on hand can expedite the process. This is especially true if the company is conducting a more in-depth background check, such as a federal security clearance.\n\n3. Documentation for onboarding: The company may need to verify your identity and citizenship status for onboarding purposes, such as completing necessary paperwork, obtaining work authorization, or accessing government resources.\n\n4. Security concerns: In some cases, companies may have specific security concerns that require additional verification of an applicant's identity and citizenship status.\n\nIn summary, the request for a birth certificate or passport during the interview process is likely a precautionary measure to ensure that the company is compliant with legal requirements, conduct thorough background checks, and verify your identity and citizenship status for onboarding purposes. It's always a good idea to be prepared and bring the requested documents to your interview to avoid any delays or complications."}]}