{"Unnamed: 0": 8049944, "id": "workplace_145431", "Title": "What does permanent full-time position mean in Sweden?", "Body": "What does permanent full-time position mean in Sweden? Does that mean it is a lifetime guaranty for the whole working life period? Or such a work is rare in Europe?", "top5_tags": "word-choice, contracts, meaning, resignation, human-resources", "answer_with_body_context": [{"generated_text": " In Sweden, a permanent full-time position refers to a job that is offered on a long-term basis, typically with a set contract duration, which is often around three years. However, it's important to note that this does not guarantee employment for the entirety of one's working life. Instead, it signifies a stable and secure employment opportunity, with the employer committing to providing work for the duration of the contract.\n\nThe Swedish labor market is characterized by a high level of flexibility, and permanent full-time positions are not uncommon in Europe. In fact, Sweden is known for its strong labor market and high employment rates. However, the concept of a \"permanent\" position in Sweden is somewhat different from the traditional notion of a lifetime job guarantee.\n\nIn Sweden, it is common for employees to change jobs and employers throughout their careers. The country's labor market is designed to be dynamic, with a focus on adaptability and continuous learning. This means that while a permanent full-time position offers stability and security, it does not necessarily mean that the employee will remain with the same employer for their entire working life.\n\nMoreover, the Swedish labor market is characterized by a high level of job security, with strong protections for employees. This includes the right to a notice period before termination, as well as the possibility of unemployment benefits in case of job loss. These factors contribute to a relatively low unemployment rate in Sweden, which is one of the lowest in Europe.\n\nIn summary, a permanent full-time position in Sweden means a stable and secure employment opportunity with a set contract duration. However, it does not guarantee employment for the entirety of one's working life. Permanent full-time positions are common in Sweden and across Europe, and the Swedish labor market is designed to be flexible and adaptable, with a focus on continuous learning and career development."}], "answer_with_body_base": [{"generated_text": " In Sweden, a permanent full-time position refers to a job that is offered to an employee with the intention of employing them indefinitely, subject to the company's needs and the employee's performance. This type of employment is characterized by several key features:\n\n1. Job security: A permanent full-time position in Sweden typically offers a high level of job security, as the employer is committed to retaining the employee for an extended period. However, it's essential to note that this does not guarantee a lifetime job, as the employer may still choose to terminate the employment relationship under specific circumstances, such as redundancy or misconduct.\n\n2. Full-time work: A permanent full-time position usually involves working a standard 37.5 hours per week, which is the legal working week in Sweden. This means that employees are entitled to a set number of working hours and are not expected to work overtime regularly.\n\n3. Benefits: Employees in permanent full-time positions in Sweden are entitled to a range of benefits, including paid vacation, sick leave, parental leave, and pension contributions. These benefits are often negotiated between the employer and the employee through collective bargaining agreements.\n\n4. Flexibility: While permanent full-time positions offer job security, they also provide flexibility in terms of working hours and conditions. Employers may offer flexible working arrangements, such as part-time work, job-sharing, or remote work, to accommodate the needs of their employees.\n\n5. Rarity: Permanent full-time positions are not uncommon in Sweden, as the country has a strong tradition of providing its citizens with stable employment opportunities. However, the job market in Sweden, like in many other European countries, is subject to fluctuations and changes due to economic conditions, technological advancements, and other factors.\n\nIn summary, a permanent full-time position in Sweden means that an employee is offered a job with the intention of employing them indefinitely, subject to the company's needs and the employee's performance. While it offers a high level of job security, it does not guarantee a lifetime job, and such positions are not uncommon in Sweden. However, the job market can be subject to changes, and employees should always be prepared to adapt to new opportunities and challenges."}]}