{"Unnamed: 0": 5750426, "id": "scifi_108401", "Title": "What language did the first Edain awake speak if they did?", "Body": "I ask this because I was wondering, since Morgoth came across them first, they had to have had some sort of language in order to communicate with him - or is that not specified?", "top5_tags": "tolkiens-legendarium, the-silmarillion, the-lord-of-the-rings, valar, morgoth", "answer_with_body_context": [{"generated_text": " In the rich tapestry of Tolkien's Middle-earth, the first Edain, or Men of the First Age, are believed to have spoken a language that predates the common tongues of the Elves and Dwarves. This proto-language, often referred to as \"Primitive Elvish\" or \"Eldarin,\" was a linguistic ancestor to the Elvish languages such as Quenya and Sindarin.\n\nHowever, in the realm of science fiction, we can imagine a different scenario. Let's consider a universe where the Edain, or their equivalent, encountered Morgoth, the Dark Lord, during the First Age. In this context, the Edain might have developed a unique language to communicate with Morgoth, or perhaps they would have relied on a form of telepathy or other advanced communication methods.\n\nIn this sci-fi setting, the Edain's language could be a result of their exposure to Morgoth's dark magic and influence. It might be a hybrid language, combining elements of their original tongues with the linguistic structures and vocabulary influenced by Morgoth's power. This language could have evolved to serve as a means of communication between the Edain and Morgoth, as well as a tool for the latter to manipulate and control the former.\n\nAlternatively, the Edain might have developed a universal language, akin to the concept of Klingon in the Star Trek universe, which would allow them to communicate with various species, including Morgoth. This language could have been a product of their need to unite against the common threat posed by Morgoth and his minions.\n\nIn summary, in a science fiction context, the first Edain's language could have been a unique hybrid influenced by Morgoth's dark magic, or a universal language designed to facilitate communication with various species. The specifics of this language would depend on the narrative and world-building elements of the particular sci-fi universe in question."}], "answer_with_body_base": [{"generated_text": " The first Edain, as depicted in J.R.R. Tolkien's legendarium, primarily spoke languages that belonged to the Common Speech, which is a term Tolkien used to describe the ancestral language of the Elves and Men. This Common Speech evolved into various tongues, including Quenya and Sindarin, which are Elvish languages, and the many dialects of the tongues of Men.\n\nHowever, it is important to note that the specifics of the languages spoken by the first Edain are not explicitly detailed in Tolkien's works. The first Edain, also known as the Noldorin Elves, were descendants of the High Elves who left the island of Aman to live in Middle-earth. They were led by F\u00ebanor, who was a skilled craftsman and linguist.\n\nGiven that the first Edain encountered Morgoth, the Dark Lord, in the First Age, it is plausible that they had some form of communication with him. However, the exact nature of this communication is not explicitly described in Tolkien's writings.\n\nIt is possible that the first Edain spoke a form of Common Speech or a related language that allowed them to communicate with Morgoth, but the details of this language are not specified. It is also worth mentioning that the Edain's interactions with Morgoth were primarily hostile, as they were drawn into the conflicts between the Elves and Morgoth's forces.\n\nIn summary, while the first Edain likely spoke a form of Common Speech or a related language, the specifics of their language are not explicitly detailed in Tolkien's works. The exact nature of their communication with Morgoth remains a matter of speculation."}]}