{"Unnamed: 0": 5749426, "id": "scifi_10000", "Title": "What Percentage Makes Someone a Half-blood?", "Body": "I was checking on something in the Harry Potter wiki and saw Harry listed as \"Half-Blood.\"  Both his parents were magical, but, as we know, his grandparents on his Mother's side were muggles.  This reminds me of the racially loaded terms like octoroon.  (In the south, you still hear those terms every once in a while.)  When there was still segregation, having only 1 great-grandparent of an ethnic group was enough to classify a person of that group.So how far down the line did it go in the Harry Potter universe?  Just how many generations removed from a muggle-born would a person have to be before they're no longer classified as half-blood or something similar?", "top5_tags": "harry-potter, star-wars, star-trek, comics, dc", "answer_with_body_context": [{"generated_text": " In the Harry Potter universe, the term \"Half-Blood\" is not explicitly defined in terms of generational lineage, unlike the racially-based classifications you mentioned. However, the concept of blood purity and lineage is a significant theme in the series, particularly in the context of the wizarding world's history and the prejudice against Muggle-borns (those born to non-magical parents).\n\nThe term \"Half-Blood\" is primarily used to describe individuals who have one magical parent and one non-magical parent. In the case of Harry Potter, his mother, Lily Potter, was a pure-blood witch, and his father, James Potter, was a half-blood wizard. Thus, Harry is considered a Half-Blood.\n\nThe series does not provide a specific percentage or generational cutoff for when someone is no longer considered a Half-Blood. However, it's worth noting that the wizarding world's prejudices and classifications are more complex than a simple numerical percentage.\n\nIn the broader context of the Harry Potter universe, there are other terms used to describe magical lineage, such as \"Pure-Blood,\" \"Muggle-born,\" and \"Squib.\" Pure-Blood wizards and witches are those with magical ancestry exclusively from magical parents, while Muggle-borns are those born to non-magical parents. Squibs are individuals born to magical parents but who do not possess magical abilities themselves.\n\nIn conclusion, the Harry Potter universe does not provide a specific percentage or generational cutoff for when someone is no longer considered a Half-Blood. The concept of blood purity and lineage is more nuanced and complex than a simple numerical classification."}], "answer_with_body_base": [{"generated_text": " In the Harry Potter universe, a person is considered a half-blood if they have one magical parent and one non-magical parent. The term \"half-blood\" is used to describe individuals who have one magical and one non-magical ancestor.\n\nThe classification of half-blood does not depend on the number of generations removed from a muggle-born. Instead, it is based on the immediate parentage of the individual. In the case of Harry Potter, his mother, Lily Potter, was a half-blood, as her father, James Potter, was a wizard, and her mother, Lily Potter's mother, was a muggle.\n\nThe concept of half-blood in the Harry Potter universe is not directly comparable to racially-based classifications, such as octoroon or the historical segregation based on ancestry. The term \"half-blood\" is specific to the magical world and refers to the magical lineage of an individual, rather than their ethnicity or race.\n\nIn summary, a person is considered a half-blood in the Harry Potter universe if they have one magical parent and one non-magical parent, regardless of the number of generations removed from a muggle-born. The classification is based on the immediate parentage of the individual."}]}