{"Unnamed: 0": 6110, "id": "anime_27376", "Title": "Is Garp the only Vice Admiral to have a customized ship?", "Body": "After watching One Piece for about 500 episodes I noticed that I have only seen Garp with a customized naval ship. The theme of his ship is a dog theme like the mask he was seen wearing early on in the series. I was wondering if there are any other personnel within the Navy that have a customized ship instead of the standard design. (Canon only)Garp's Ship:", "top5_tags": "one-piece, hunter-x-hunter, united-states, investing, 401k", "answer_with_body_context": [{"generated_text": " In the One Piece universe, Garp is indeed one of the most notable Vice Admirals with a customized ship, but he is not the only one. While Garp's ship is unique with its dog-themed design, there are other instances of Vice Admirals having customized ships, although they might not be as prominently featured as Garp's.\n\nOne example is Vice Admiral Kizaru, who has a ship called the \"Kager\u014d.\" While it's not explicitly stated that it's customized, Kizaru's ship is known for its distinctive design and features, such as the large, angled sails and the presence of a large, white bird on the mast.\n\nAnother example is Vice Admiral Sakazuki, also known as \"Blackbeard.\" He has a ship called the \"Blackbeard,\" which is a customized version of the standard Marines' ship. The Blackbeard is known for its intimidating appearance, with a black hull, a large skull-like figure on the bow, and a menacing-looking figurehead.\n\nHowever, it's essential to note that these customized ships are not as extensively featured as Garp's dog-themed ship. The One Piece series primarily focuses on Garp's ship, and it has become a recognizable symbol of his character.\n\nIn conclusion, while Garp is the most prominent Vice Admiral with a customized ship in One Piece, there are other instances of customized ships belonging to other high-ranking naval officers. However, these customized ships are not as extensively featured in the series as Garp's dog-themed ship."}], "answer_with_body_base": [{"generated_text": " As of the current canon in One Piece, Garp is indeed the only Vice Admiral to have a customized ship. His ship, the \"Dog Deck,\" is unique due to its dog-themed design, which aligns with his character and the mask he wore early in the series. While there are other high-ranking officers in the World Government's Navy, such as Admirals and Fleet Admirals, they typically have standard naval ships.\n\nHowever, it's worth noting that One Piece is a long-running series with a vast and ever-expanding world, and there may be future developments that introduce other Vice Admirals with customized ships. But, based on the existing canon, Garp remains the only Vice Admiral with a customized ship."}]}