{"Unnamed: 0": 8047789, "id": "vegetarianism_1935", "Title": "Are McDonald's fries vegan in Canada?", "Body": "I've heard mixed information about whether McDonald's fries are vegan. There's mixed information about flavourings used in manufacture, or different fats used for deep frying. Even this recent Reddit thread seems to have mixed information. And since it varies by country, I'll ask this question in the context of Canada specifically.Are McDonald's fries vegan in Canada?", "top5_tags": "veganism, macos, nutrition, health, canada", "answer_with_body_context": [{"generated_text": " In the context of Canada, McDonald's fries are generally considered vegan. However, it's essential to understand that being vegan goes beyond just the ingredients used in the fries themselves. Veganism is a lifestyle that excludes all forms of exploitation of, and cruelty to, animals for food, clothing, or any other purpose.\n\nMcDonald's fries in Canada are made from potatoes, which are naturally vegan. However, there are a few factors to consider when determining if the fries are entirely vegan:\n\n1. Flavorings: Some flavorings used in McDonald's fries may contain animal-derived ingredients, such as beef or dairy products. While McDonald's Canada has not publicly disclosed the specific ingredients in their fry flavorings, it's possible that some flavorings may not be entirely vegan.\n\n2. Oils: McDonald's Canada uses vegetable oil for deep frying their fries. However, some restaurants may use animal-based oils, such as lard, for frying. It's essential to check with the specific McDonald's location to ensure they use vegetable oil.\n\n3. Cross-contamination: In some cases, there may be a risk of cross-contamination with non-vegan ingredients during the manufacturing process. While McDonald's Canada takes measures to prevent cross-contamination, it's always a good idea to inquire about their practices when dining at a restaurant.\n\nIn summary, while McDonald's fries in Canada are primarily made from vegan ingredients, it's essential to consider the potential presence of animal-derived flavorings, oils, and cross-contamination. To be entirely sure, you may want to contact McDonald's Canada directly or visit their website to learn more about their vegan-friendly practices."}], "answer_with_body_base": [{"generated_text": " Yes, McDonald's fries are considered vegan in Canada. The primary ingredients in McDonald's fries are potatoes, vegetable oil, and salt. These ingredients are all plant-based and do not contain any animal products, which makes the fries vegan.\n\nHowever, it's essential to note that while the fries themselves are vegan, some customers may have concerns about the flavorings or additives used in the fries. In Canada, McDonald's uses a blend of vegetable oils, including canola oil, for deep frying their fries. The exact composition of the oil blend may vary slightly depending on the location, but it generally consists of plant-based oils.\n\nAs for the flavorings, McDonald's Canada uses a blend of natural and artificial flavorings to enhance the taste of their fries. While some of these flavorings may contain trace amounts of animal-derived ingredients, they are typically not significant enough to make the fries non-vegan. However, it's always a good idea to check with McDonald's directly if you have specific dietary concerns or questions about their ingredients.\n\nIn summary, McDonald's fries in Canada are vegan, as they are made with plant-based ingredients and do not contain any animal products. However, it's always a good idea to check with the restaurant directly if you have specific concerns about the ingredients used in their fries."}]}