{"Unnamed: 0": 1435492, "id": "health_12032", "Title": "What type of liver is richest in Vitamin D?", "Body": "My test reports show that my Vitamin D - 25H (Hydroxyvitamin D) is 6.16 ng/ml whereas the normal range is 30 - 100 ng/ml.So, I read a few articles (e.g. medicinenet, patient.info) on the internet and they said that liver is a good source of Vitamin D.  So, which liver i.e. chicken, lamb, beef etc is best for me?", "top5_tags": "plot-explanation, sherlock, character, single-word-requests, grammaticality", "answer_with_body_context": [{"generated_text": " While it's true that liver can be a source of Vitamin D, it's important to note that the liver itself doesn't contain Vitamin D. Instead, Vitamin D is primarily found in fatty fish, beef liver, cheese, and egg yolks. However, the liver as an organ in animals, such as chicken, lamb, and beef, doesn't directly contribute to Vitamin D levels.\n\nTo increase your Vitamin D levels, you may want to consider consuming foods rich in Vitamin D, such as fatty fish (salmon, mackerel, and sardines), beef liver, cheese, and egg yolks. Additionally, you can also consider Vitamin D supplements, but it's essential to consult with your healthcare provider before starting any supplementation.\n\nRegarding your test results, a Vitamin D level of 6.16 ng/ml is below the normal range (30-100 ng/ml). It's crucial to address this deficiency with your healthcare provider, who can recommend the best course of action to improve your Vitamin D levels. This may include dietary changes, supplements, and lifestyle modifications, such as increasing sun exposure."}], "answer_with_body_base": [{"generated_text": " While it's true that liver can be a source of Vitamin D, it's important to note that the liver itself doesn't contain Vitamin D. Instead, Vitamin D is primarily found in fatty fish, beef liver, cheese, and egg yolks. However, the Vitamin D content in these foods can vary.\n\nAmong the types of liver you mentioned (chicken, lamb, and beef), beef liver tends to have the highest Vitamin D content. A 3.5-ounce (100-gram) serving of beef liver can contain up to 45 micrograms (1000 IU) of Vitamin D, which is significantly higher than the other types of liver.\n\nHowever, it's essential to remember that Vitamin D is not only found in liver but also in other foods and can be obtained through sun exposure. Additionally, it's crucial to consult with a healthcare professional to address your low Vitamin D levels and determine the best course of action for you. They may recommend Vitamin D supplements or dietary changes to help increase your Vitamin D levels."}]}