{"Unnamed: 0": 7709147, "id": "sound_22079", "Title": "What do you call a rising sequence of short notes in a composition esp with strings?", "Body": "I have a noticed in a few pop songs you occasionally get a series of notes that sounds like a set of short notes rising in succession - usually done with strings. One example is in Abba's Dancing Queen, right after the lyric 'and when you get the chance..' you get this sequence I am thinking of. Another example is the very beginning of 'One in a Million' by the Pet Shop Boys.Is there a musicological term for this?", "top5_tags": "ableton-live, synthesizer, ableton, strings, effects", "answer_with_body_context": [{"generated_text": " The rising sequence of short notes you're referring to in compositions, especially with strings, is commonly known as a \"staccato ascending scale\" or simply a \"staccato scale.\" However, in a more specific and musicological context, this pattern can be referred to as a \"staccato arpeggio\" or \"arpeggiated staccato.\"\n\nIn a staccato arpeggio, the notes are played in a short, detached manner, with each note being separated by a slight silence. This creates a distinctive rising pattern that adds a playful and energetic feel to the composition.\n\nAnother term that might be used to describe this pattern is \"staccato sequence,\" which refers to a series of staccato notes played in a specific order. This term is more general and can be applied to various musical contexts, not just string instruments.\n\nIn summary, the rising sequence of short notes you've noticed in pop songs, particularly with strings, can be referred to as a \"staccato arpeggio\" or \"arpeggiated staccato.\" These terms describe the short, detached, and ascending nature of the notes, which contribute to the unique sound and feel of the composition."}], "answer_with_body_base": [{"generated_text": " The rising sequence of short notes you're referring to in compositions, especially with strings, is often called a \"string sequence\" or \"string run.\" However, in music theory, a more specific term that captures the essence of a series of notes rising in succession is called an \"ascending scale pattern\" or \"ascending arpeggio.\"\n\nIn the context of pop music, these sequences can also be referred to as \"licks\" or \"riffs,\" which are short, catchy melodic phrases that are repeated throughout a song. In the case of the examples you provided, the rising sequence in \"Dancing Queen\" by ABBA and the beginning of \"One in a Million\" by the Pet Shop Boys can be considered as licks or riffs that contribute to the overall melody and hook of the song.\n\nWhile there may not be a specific, universally-accepted term for this phenomenon, the concept of an ascending scale pattern or arpeggio is a fundamental aspect of music theory and can be found in various genres and styles."}]}