{"Unnamed: 0": 1445163, "id": "interpersonal_14104", "Title": "Can I quote a private message in a public post?", "Body": "In a public post in Reddit, I feel that the content of a private message sent to me is necessary to illustrate my point. I haven't asked them whether I should public it or not, but my reply on their message hasn't been replied yet, and the account seems to be inactive since them. Since the public conversation needs to go on, should I quote the message anyway? I feel that this is OK both ethically and legally. Ethically because the content is appropriate for the public conversation, and legally because I am a partner in the private one. I can rephrase it, but quoting seems more trustful.I plan to write like this:I'll quote a person that PMed me:[Their entire message]Unfortunately they haven't replied since then. (/u/X: sorry for doing this without your permission, but I hope that you don't mind. If anything, I'll remove this.)[Then go on with my point]Is this fine?", "top5_tags": "single-word-requests, statement-of-purpose, graduate-admissions, terminology, email", "answer_with_body_context": [{"generated_text": " Title: Can I quote a private message in a public post?\n\nBody: In the context of interpersonal communication, quoting a private message in a public post can be a sensitive issue. While it may seem appropriate to quote a private message to illustrate a point in a public post, it's essential to consider the ethical and legal implications.\n\nFrom an ethical standpoint, it's crucial to respect the privacy of others. Even if the content of the private message is relevant to the public conversation, quoting it without the sender's consent may be seen as an invasion of privacy. However, if the content is appropriate for the public discussion and the sender is a partner in the private conversation, you may consider quoting it with their permission.\n\nLegally, quoting a private message in a public post may not be permissible, depending on the jurisdiction and the platform's terms of service. Some platforms may have specific rules regarding the sharing of private messages, and violating these rules could result in penalties or account suspension.\n\nIn your case, since the sender hasn't replied to your public post and their account appears to be inactive, it's essential to proceed with caution. You could consider reaching out to the sender to ask for their permission to quote their message. If they don't respond, you may want to rephrase the content of the message instead of quoting it directly.\n\nHere's an example of how you could phrase your post without quoting the private message:\n\n\"I've been discussing this topic with a user who reached out to me privately. They shared some insights that I believe are relevant to our ongoing public conversation. Unfortunately, they haven't responded to my public post yet. I'm considering sharing their perspective to further the discussion, but I'm unsure if it's appropriate to do so without their explicit consent. I'd appreciate your thoughts on this matter.\"\n\nBy framing your post in this way, you're acknowledging the sender's contribution while respecting their privacy and seeking guidance on the best course of action."}], "answer_with_body_base": [{"generated_text": " Title: Can I quote a private message in a public post?\n\nBody: While it's understandable that you want to illustrate your point in a public post on Reddit, quoting a private message without the original sender's permission may raise ethical and legal concerns. Even if the content seems appropriate for the public conversation and you're a partner in the private one, it's generally best to avoid quoting private messages without consent.\n\nInstead, you could consider rephrasing the content of the private message to convey the same idea without directly quoting it. This approach respects the privacy of the original sender and avoids potential misunderstandings or conflicts.\n\nIf you still feel that quoting the message is necessary, you could try reaching out to the original sender for their permission to quote their message in a public post. This way, you can ensure that you're acting ethically and legally, and also maintain a positive relationship with the person involved.\n\nHere's an example of how you could rephrase the content of the private message in your public post:\n\n\"I received a private message from a user on Reddit, which highlighted a point that I believe is relevant to our discussion. Unfortunately, I haven't received a response from the sender yet. The message emphasized [key points from the private message]. Based on this, I would like to bring up [your point] in our public conversation.\"\n\nRemember, it's always best to prioritize respect for others' privacy and seek consent when possible."}]}