{"Unnamed: 0": 1461679, "id": "martialarts_2942", "Title": "Etymology and meaning of ukemi", "Body": "I believe that ukemi can be translated as receiving body (\u53d7\u3051\u8eab). It is what uke (\u53d7\u3051, whoever receives the technique) does when nage (\u6295\u3052 thrower) or tori (\u53d6\u308a, grabber) applies a technique.Am I correct in my assumptions?Are my kanji correct?Japanese SE: Etymology and meaning of ukemi (\u53d7\u3051\u8eab?) as part of \u5408\u6c17\u9053", "top5_tags": "aikido, history, weapons, system-agnostic, training", "answer_with_body_context": [{"generated_text": " Yes, you are correct in your assumptions about the etymology and meaning of \"ukemi\" in the context of martial arts, particularly in Aikido (\u5408\u6c17\u9053). The term \"ukemi\" indeed translates to \"receiving body\" (\u53d7\u3051\u8eab), and it refers to the techniques and movements performed by the \"uke\" (\u53d7\u3051), who is the person receiving the technique from the \"nage\" (\u6295\u3052) or \"tori\" (\u53d6\u308a).\n\nYour kanji are also correct. The term \"ukemi\" is written as \u53d7\u3051\u8eab in Japanese. The kanji \u53d7 (uke) means \"receive\" or \"accept,\" and \u8eab (mi) means \"body\" or \"self.\" Together, they form the term \"\u53d7\u3051\u8eab,\" which signifies the act of receiving or accepting a technique in martial arts.\n\nIn Aikido, ukemi is a crucial aspect of training, as it allows practitioners to safely and effectively absorb and redirect the force of an attack. There are various types of ukemi, including forward roll, backward roll, side fall, and breakfall, each designed to minimize injury and maximize the learning experience.\n\nIn summary, your understanding of the etymology and meaning of \"ukemi\" is accurate, and your kanji are correct. Ukemi is an essential component of martial arts, particularly in Aikido, and it plays a vital role in the safe practice and application of techniques."}], "answer_with_body_base": [{"generated_text": " Yes, you are correct in your assumptions about the etymology and meaning of \"ukemi\" in the context of martial arts, particularly Aikido (\u5408\u6c17\u9053). The term \"ukemi\" indeed translates to \"receiving body\" (\u53d7\u3051\u8eab), and it refers to the techniques and movements performed by the \"uke\" (\u53d7\u3051), who is the person receiving the technique from the \"nage\" (\u6295\u3052) or \"tori\" (\u53d6\u308a).\n\nYour kanji usage is also correct. Here's a breakdown of the kanji:\n\n1. \u53d7 (uke) - means \"to receive\" or \"to accept.\"\n2. \u8eab (mi) - means \"body\" or \"self.\"\n\nSo, when combined, \u53d7\u3051\u8eab (ukemi) means \"receiving body\" or \"accepting body,\" which accurately describes the concept of ukemi in martial arts.\n\nIn Aikido, ukemi is a crucial aspect of training, as it allows practitioners to safely and effectively receive and respond to techniques from their partner. There are various types of ukemi, such as forward roll, backward roll, side fall, and breakfall, each designed to minimize the risk of injury while maintaining balance and control.\n\nIn summary, your understanding of the etymology and meaning of ukemi is correct, and your kanji usage is accurate. Ukemi is an essential component of Aikido and other martial arts, emphasizing the importance of proper body reception and response to techniques."}]}