{"Unnamed: 0": 1444490, "id": "history_9885", "Title": "Which figure is this a statue of?", "Body": "In Ocean's 12, towards the end of the movie in the famous scene where Night Fox is dodging the laser field to steal the (fake) coronation egg at the museum, we see this statue in the foreground.My question is, what is this statue or rather or who is this a statue of? It seems like a famous classical Greek figure, maybe even a mythological figure. The figure is beautifully haunting and has been bugging me ever since I first saw it in the movie.The clip is in HD here with the statue showing up for a few seconds starting at 1:06.This is not a movie question but rather a question regarding a piece of art of classical antiquity. That's why I am posting it here hoping the history buffs can help me instead of the Stack Exchange Movies Beta.Thanks.", "top5_tags": "united-states, do-androids-dream-of-electric-sheep, baroque-period, history, short-stories", "answer_with_body_context": [{"generated_text": " The statue you're referring to in the Ocean's 12 scene is likely a representation of the Greek goddess Athena. Athena is a prominent figure in Greek mythology, known as the goddess of wisdom, courage, inspiration, civilization, law and justice, strategic warfare, mathematics, strength, strategy, the arts, crafts, and skill.\n\nAthena is often depicted wearing a helmet and armor, carrying a shield, and holding a spear or a shield. She is also associated with the owl, which symbolizes wisdom. The statue you saw in the movie might have been a generic representation of Athena, as she is a widely recognized figure in classical Greek art and mythology.\n\nIn the movie, the statue's presence in the scene could be a nod to the importance of wisdom and strategy, which are qualities associated with Athena. However, without a specific image or more details, it's difficult to identify the exact statue or its artist. Nonetheless, the statue's resemblance to Athena is a reasonable assumption given its classical Greek appearance and the goddess's prominence in Greek mythology."}], "answer_with_body_base": [{"generated_text": " The statue you're referring to in \"Ocean's 12\" is likely a representation of the Greek goddess Athena. Athena is a prominent figure in Greek mythology, known as the goddess of wisdom, courage, inspiration, civilization, law and justice, strategic warfare, mathematics, strength, strategy, the arts, crafts, and skill.\n\nIn the movie, the statue is shown in the museum scene where Night Fox (played by Elliott Gould) is attempting to steal the fake coronation egg. The statue's presence in the scene adds a sense of grandeur and classical beauty, which aligns with the aesthetic of Greek mythology and its statues.\n\nAthena's statues are often depicted wearing a helmet and carrying a shield, which could be the reason for the statue's haunting appearance in the movie. The statue's presence in the scene may have been chosen to evoke a sense of ancient wisdom and power, as Athena is a symbol of these qualities.\n\nWhile it's difficult to determine the exact statue without seeing it, the description of the figure and its association with Greek mythology strongly suggests that it is a representation of Athena."}]}