{"Unnamed: 0": 1013, "id": "academia_126488", "Title": "Is software developed by publicly funded research groups legally public domain?", "Body": "In the United States, if a university lab develops code while receiving public funding, are they legally obligated to release their source code?", "top5_tags": "united-states, hedging, options, income-tax, tax-deduction", "answer_with_body_context": [{"generated_text": " Title: Legal Implications of Public Domain Status for Software Developed by Publicly Funded Research Groups\n\n\nBody:\n\nThe question of whether software developed by publicly funded research groups, such as university labs, is automatically considered to be in the public domain in the United States is multifaceted and requires a nuanced understanding of copyright law, public funding stipulations, and the specific terms of the funding agreements.\n\n\nIn the United States, copyright law, as codified in Title 17 of the U.S. Code, grants authors of original works of authorship, including software, exclusive rights to their creations. However, these rights are not absolute and can be subject to certain limitations and exceptions.\n\n\nOne of the key considerations in the context of publicly funded research is the Bayh-Dole Act of 1980, which allows universities, small businesses, and non-profit organizations to retain ownership of inventions developed with federal funding. However, the Act also requires that these entities make their inventions available to the public, which can include the release of source code in certain circumstances.\n\n\nThe specific obligations regarding the release of source code can vary based on the terms of the funding agreement. For instance, the National Science Foundation (NSF) has policies that encourage the dissemination of research results, including software, but it does not mandate the release of source code. The NSF's merit review criteria often include considerations for the potential impact of the research, which can include the sharing of software.\n\n\nMoreover, the America Invents Act (AIA) of 2011 introduced provisions that could affect the status of software developed with public funds. Section 318 of the AIA allows for the creation of \"micro-entities,\" which are small entities that can receive certain benefits, including a reduced filing fee for patents. This provision does not directly address the release of source code but does indicate a legislative interest in facilitating the dissemination of research outcomes.\n\n\nIn practice, while there is no blanket rule that software developed by publicly funded research groups must be released into the public domain, there is a strong ethical and policy-driven push for open access to research outputs, including software. This is often reflected in the terms of the funding agreements, which may require the researchers to make their software available under certain conditions, such as through open-source licenses or by depositing it in a public repository.\n\n\nIn conclusion, while software developed by publicly funded research groups in the United States is not automatically in the public domain, there is a growing trend towards open access and the sharing of research outputs. The legal obligation to release source code depends on the specific terms of the funding agreement and the policies of the funding agency. Researchers and institutions should carefully review these terms and consider the broader implications of open access when developing and releasing software."}], "answer_with_body_base": [{"generated_text": " In the United States, the legal status of software developed by publicly funded research groups, such as university labs, regarding its release as public domain or under an open-source license, is not universally mandated by law. However, there are specific guidelines and policies that encourage or require the release of such software under certain conditions.\n\nOne of the most significant pieces of legislation related to this issue is the Bayh-Dole Act of 1980. This act allows universities, small businesses, and non-profit organizations to retain ownership of inventions developed with federal funding, provided they enter into a contract with the government to commercialize the invention. However, the act also includes provisions that encourage the dissemination of the resulting technology.\n\nThe National Science Foundation (NSF) has a policy that requires grantees to make available for public use, subject to appropriate copyright and other applicable laws, any significant inventions resulting from NSF-supported research. This policy is known as the \"Open Source Software Policy.\" The policy encourages grantees to release their software under an open-source license, but it is not a legal requirement.\n\nSimilarly, the National Institutes of Health (NIH) has a policy that requires grantees to make available for public use, subject to appropriate copyright and other applicable laws, any significant inventions resulting from NIH-supported research. The NIH also encourages the use of open-source licenses for software developed under its funding.\n\nIn summary, while there is no blanket legal obligation for publicly funded research groups in the United States to release their source code as public domain or under an open-source license, there are policies and guidelines that encourage or require the dissemination of such software. The specific requirements depend on the funding agency and the terms of the grant agreement. It is essential for researchers and institutions to review these policies and consult with legal counsel to ensure compliance with the applicable guidelines."}]}