{"Unnamed: 0": 5730488, "id": "philosophy_38559", "Title": "Is there a name for, \"there's a time and a place for that\" fallacy?", "Body": "This is something all activists have dealt with at some point in time. You present the best form of your argument only to have someone dismiss it outright because, \"it's not the time or the place for that\".Of course, asking when an appropriate time or place is results in scoffs or scowls, but the question is not answered. Even Martin Luther King Jr. had to address this ideology (\"The time is always right to do what is right.\")Sometimes it is wrong to protest in certain places and times, such as the funerals of soldiers, but assume that the protest is topical with the location/time.Is there a name for this invalidation of arguments based on location and timing?", "top5_tags": "macos, terminology, fallacies, identify-this-movie, animation", "answer_with_body_context": [{"generated_text": " The fallacy you're referring to is often called the \"Ad Hominem Circumstantial\" fallacy, or more specifically, the \"Ad Hominem Abusive\" fallacy. However, the scenario you've described aligns more closely with the \"Genetic Fallacy,\" which involves dismissing an argument based on its origin or context rather than its merits.\n\nIn the context of the \"there's a time and a place for that\" argument, the fallacy occurs when someone dismisses an argument solely because it is presented at an inappropriate time or place, without addressing the argument's content. This fallacy can be seen as a subset of the Genetic Fallacy, as it focuses on the circumstances surrounding the argument rather than the argument itself.\n\nThe \"Ad Hominem Circumstantial\" fallacy, on the other hand, involves attacking the circumstances or situation of the person making the argument, rather than the argument itself. In the context of your example, it would be more accurate to describe the fallacy as an \"Ad Hominem Circumstantial\" fallacy if the focus is on the person's circumstances rather than the timing or location of the argument.\n\nIn summary, while there isn't a specific name for the \"there's a time and a place for that\" fallacy, the Genetic Fallacy and the Ad Hominem Circumstantial fallacy are closely related concepts that can be applied to the scenario you've described."}], "answer_with_body_base": [{"generated_text": " The fallacy you're referring to is often called the \"Ad Hominem Circumstantial\" fallacy, or more specifically, the \"Ad Hominem Abusive\" fallacy. However, the scenario you've described aligns more closely with the \"Genetic Fallacy,\" which involves dismissing an argument based on its origin or context rather than its merits.\n\nIn the context of the \"there's a time and a place for that\" argument, the fallacy can be seen as a specific form of the Genetic Fallacy. It occurs when someone dismisses an argument or idea solely because it is presented at an inappropriate time or place, without addressing the actual content of the argument.\n\nWhile there may not be a specific name for this fallacy, it is essential to recognize that dismissing an argument based on its timing or location is not a valid way to evaluate its merits. Instead, it is crucial to focus on the argument's content, logic, and evidence."}]}