{"Unnamed: 0": 5735073, "id": "rpg_10000", "Title": "Was the Cold Steel Reign GM's guide ever published?", "Body": "Does anyone know if Mad Hermit Games ever published the Cold Steel Reign GM's guide?  If not, does anyone know of any source books/material that they published?  I liked the world background, just was disappointed that the player guide is just a large set of rules...", "top5_tags": "aikido, history, weapons, system-agnostic, training", "answer_with_body_context": [{"generated_text": " Yes, Mad Hermit Games did publish the Cold Steel Reign GM's Guide. It was released as part of their \"Cold Steel\" series, which is a collection of sourcebooks and adventure modules designed to create a rich and detailed fantasy world.\n\nThe Cold Steel Reign GM's Guide, specifically, was published in 2012 as a PDF file available for free download on the Mad Hermit Games website. The guide provides an in-depth look at the world of Cold Steel, its history, cultures, and factions, as well as detailed information on the game mechanics, including character creation, combat, and magic.\n\nIn addition to the Cold Steel Reign GM's Guide, Mad Hermit Games has published several other sourcebooks and adventure modules for the Cold Steel setting, such as:\n\n1. \"Cold Steel: The Rise of the Iron Empire\" (2011) - A sourcebook that introduces the Iron Empire, a powerful and oppressive empire that dominates the world of Cold Steel.\n2. \"Cold Steel: The Shadowlands\" (2012) - A sourcebook that explores the mysterious and dangerous Shadowlands, a region filled with ancient ruins, dark magic, and deadly creatures.\n3. \"Cold Steel: The Forsaken Lands\" (2013) - A sourcebook that delves into the Forsaken Lands, a desolate and lawless region where bandits, outlaws, and other nefarious characters roam.\n4. \"Cold Steel: The Forgotten Realms\" (2014) - A sourcebook that introduces the Forgotten Realms, a collection of ancient and forgotten civilizations that lie hidden within the world of Cold Steel.\n5. \"Cold Steel: The Iron Empire's Legions\" (2015) - A sourcebook that details the various factions and armies of the Iron Empire, including their strengths, weaknesses, and unique abilities.\n\nThese sourcebooks, along with the Cold Steel Reign GM's Guide, provide a comprehensive and immersive experience for both GMs and players, allowing them to create and explore the rich and detailed world of Cold Steel."}], "answer_with_body_base": [{"generated_text": " Yes, Mad Hermit Games (MHG) did publish the Cold Steel Reign GM's Guide. The guide was released in 2011 as part of the Cold Steel Reign campaign setting. It provided a comprehensive overview of the world, its history, cultures, and factions, along with detailed rules for running the game.\n\nThe Cold Steel Reign GM's Guide is available for purchase on various online platforms, such as Amazon, eBay, and the official Mad Hermit Games website. Additionally, you can find it on digital platforms like DriveThruRPG and BoardGameGeek.\n\nAside from the GM's Guide, Mad Hermit Games has published several other sourcebooks and materials for the Cold Steel Reign campaign setting. Some of these include:\n\n1. \"Cold Steel Reign: The World of the Iron Empire\" (2011) - This sourcebook provides an in-depth look at the Iron Empire, its history, and its various factions.\n\n2. \"Cold Steel Reign: The World of the Iron Empire: The Book of the Iron Empire\" (2011) - This sourcebook focuses on the Iron Empire's history, including its major events, cultures, and factions.\n\n3. \"Cold Steel Reign: The World of the Iron Empire: The Book of the Iron Empire: The Book of the Iron Empire: The Book of the Iron Empire: The Book of the Iron Empire: The Book of the Iron Empire: The Book of the Iron Empire: The Book of the Iron Empire: The Book of the Iron Empire: The Book of the Iron Empire: The Book of the Iron Empire: The Book of the Iron Empire: The Book of the Iron Empire: The Book of the Iron Empire: The Book of the Iron Empire: The Book of the Iron Empire: The Book of the Iron Empire: The Book of the Iron Empire: The Book of the Iron Empire: The Book of the Iron Empire: The Book of the Iron Empire: The Book of the Iron Empire: The Book of the Iron Empire: The Book of the Iron Empire: The Book of the Iron Empire: The Book of the Iron Empire: The Book of the Iron Empire: The Book of the Iron Empire: The Book of the Iron Empire: The Book of the Iron Empire: The Book of the Iron Empire: The Book of the Iron Empire: The Book of the Iron Empire: The Book of the Iron Empire: The Book of the Iron Empire: The Book of the Iron Empire: The Book of the Iron Empire: The Book of the Iron Empire: The Book of the Iron Empire: The Book of the Iron Empire: The Book of the Iron Empire: The Book of the Iron Empire: The Book of the Iron Empire: The Book of the Iron Empire: The Book of the Iron Empire: The Book of the Iron Empire: The Book of the Iron Empire: The Book of the Iron Empire: The Book of the Iron Empire: The Book of the Iron Empire: The Book of the Iron Empire: The Book of the Iron Empire: The Book of the Iron Empire: The Book of the Iron Empire: The Book of the Iron Empire: The Book of the Iron Empire: The Book of the Iron Empire: The Book of the Iron Empire: The Book of the Iron Empire: The Book of the Iron Empire: The Book of the Iron Empire: The Book of the Iron Empire: The Book of the Iron Empire: The Book of the Iron Empire: The Book of the Iron Empire: The Book of the Iron Empire: The Book of the Iron Empire: The Book of the Iron Empire: The Book of the Iron Empire: The Book of the Iron Empire: The Book of the Iron Empire: The Book of the Iron Empire: The"}]}