{"Unnamed: 0": 1444600, "id": "hsm_2659", "Title": "What is the decade of experimentation that start to verify the formulas from mechanics of vibration?", "Body": "What is the decade of experimentation that start to verify the formulas from classical mechanics of vibration?People unable to \"see\" or \"hear\" the vibration of the objects in the late 19 century...", "top5_tags": "united-states, logic, international, mathematics, classical-mechanics", "answer_with_body_context": [{"generated_text": " The decade of experimentation that marked the beginning of verifying the formulas from classical mechanics of vibration was the 1870s. This period witnessed significant advancements in the field of physics, particularly in the study of vibrations and waves.\n\nDuring the late 19th century, scientists and engineers started to develop experimental techniques and apparatuses to measure and analyze vibrations in various systems. One of the pioneers in this field was Lord Rayleigh (John William Strutt), who made significant contributions to the understanding of vibrations and waves. In 1877, he published his influential work \"The Theory of Sound,\" which laid the foundation for the study of acoustics and vibrations.\n\nIn the 1870s, researchers began to experiment with mechanical systems, such as strings, beams, and membranes, to study their vibrational properties. They used various instruments, such as galvanometers, pendulums, and resonators, to measure vibrations and frequencies. These experiments led to the development of mathematical models and formulas that described the behavior of vibrating systems.\n\nOne of the most important contributions during this period was the formulation of the wave equation, which describes the propagation of waves in a medium. This equation, derived by Lord Rayleigh and others, became a fundamental tool in the study of vibrations and waves.\n\nIn the late 19th century, scientists also began to explore the relationship between vibrations and other physical phenomena, such as heat and electromagnetism. This led to the development of the field of thermoelasticity, which describes the interaction between thermal and mechanical vibrations in materials.\n\nIn summary, the 1870s marked the beginning of the experimental verification of classical mechanics of vibration. This period saw the development of experimental techniques and mathematical models that laid the foundation for the study of vibrations and waves in various systems. The work of scientists such as Lord Rayleigh played a crucial role in advancing our understanding of vibrations and their applications in various fields."}], "answer_with_body_base": [{"generated_text": " The decade of experimentation that started to verify the formulas from classical mechanics of vibration is generally considered to be the 1870s. This period marked significant advancements in the field of physics, particularly in the study of vibrations and waves.\n\nDuring the 1870s, scientists and researchers began to develop and test various theories and formulas related to the mechanics of vibration. One of the most notable figures during this time was Lord Rayleigh (John William Strutt), an English physicist who made significant contributions to the understanding of vibrations and waves. In 1877, he published his work \"The Theory of Sound,\" which provided a comprehensive analysis of the mechanics of vibration and sound waves.\n\nAnother important figure during this period was Hermann von Helmholtz, a German physicist who made significant contributions to the study of vibrations and acoustics. In 1862, he published his work \"On the Sensations of Tone,\" which laid the foundation for the understanding of the relationship between vibrations and the perception of sound.\n\nIn the 1870s, scientists began to experimentally verify the formulas and theories related to the mechanics of vibration, such as the wave equation, the harmonic oscillator, and the relationship between frequency, wavelength, and velocity. These experiments and discoveries paved the way for further advancements in the field of vibrations and laid the groundwork for the development of modern technologies, such as telecommunications, acoustics, and mechanical engineering.\n\nIn summary, the 1870s marked a significant period of experimentation and verification of the formulas and theories related to the mechanics of vibration, as scientists and researchers began to develop a deeper understanding of the subject. This period was crucial in the development of classical mechanics of vibration and set the stage for future advancements in the field."}]}