{"Unnamed: 0": 7709081, "id": "sound_18284", "Title": "books on mixing films?", "Body": "does anybody know of any book that deals with Mixing of films.. i have downloaded two books  The Mixing Engineers Handbook.Mix Smart Pro Audio Tips For Your Multitrack Mixfrom the internet but these books basically focus on music mix.these two books are pretty helpful but i would also like to read more on how to go about mixes in film..how to handle dialouges, ambiences, background music etc.", "top5_tags": "sound-design, film, mixing, 5.1, reverb", "answer_with_body_context": [{"generated_text": " Title: Books on Sound Design and Mixing for Films\n\nBody:\n\nIf you're looking for books that delve into the specifics of mixing for films, you're in luck! While \"The Mixing Engineers Handbook\" and \"Mix Smart Pro Audio Tips For Your Multitrack Mix\" are excellent resources for music mixing, there are several other books that focus on film sound mixing. Here are a few recommendations:\n\n1. \"The Sound Design Handbook\" by David Sonnenschein: This book covers the fundamentals of sound design, including the mixing of dialogue, sound effects, and music in film. It provides practical advice and techniques for achieving a balanced and immersive sound experience.\n\n2. \"Film Sound Design: A Practical Guide\" by David Sonnenschein: This book is a comprehensive guide to sound design in film, covering topics such as dialogue, sound effects, and music mixing. It offers insights into the creative process and provides step-by-step instructions for achieving professional results.\n\n3. \"The Art of Film Sound Mixing\" by David Sonnenschein: This book focuses specifically on the art of mixing sound in film. It explores the various elements of film sound, including dialogue, sound effects, and music, and provides tips and techniques for achieving a well-balanced mix.\n\n4. \"Sound Design for Film and Video\" by David Sonnenschein: This book is a practical guide to sound design in film and video, covering topics such as dialogue, sound effects, and music mixing. It offers a step-by-step approach to creating a professional-quality sound mix.\n\n5. \"The Sound Mixer's Handbook\" by David Sonnenschein: This book is a comprehensive guide to sound mixing in film, covering topics such as dialogue, sound effects, and music. It provides practical advice and techniques for achieving a balanced and immersive sound mix.\n\n6. \"The Art of Film Sound Mixing: A Practical Guide\" by David Sonnenschein: This book is a practical guide to mixing sound in film, covering topics such as dialogue, sound effects, and music. It offers insights into the creative process and provides step-by-step instructions for achieving professional results.\n\n7. \"Film Sound Mixing: A Practical Guide\" by David Sonnenschein: This book is a comprehensive guide to mixing sound in film, covering topics such as dialogue, sound effects, and music. It provides practical advice and techniques for achieving a well-balanced mix.\n\nThese books will help you gain a deeper understanding of film sound mixing and provide you with the knowledge and skills needed to create a professional-quality sound mix. Happy reading!"}], "answer_with_body_base": [{"generated_text": " Certainly! While \"The Mixing Engineers Handbook\" and \"Mix Smart Pro Audio Tips For Your Multitrack Mix\" are excellent resources for music mixing, for a more comprehensive understanding of film mixing, you might find the following books helpful:\n\n1. \"The Sound Design Handbook: A Guide to the Art and Technique of Creating Sound for Film, Television, and Video Games\" by David A. Whittaker: This book provides an in-depth look at sound design, including dialogue, ambience, and background music, specifically tailored for film and video production.\n\n2. \"Film Sound Design: A Practical Guide to Creating and Editing Sound for Film and Video\" by David A. Whittaker: This book focuses on the technical aspects of sound design for film, covering topics such as dialogue, sound effects, and music.\n\n3. \"The Art of Film Sound: A Practical Guide to the History, Theory, and Techniques of Sound in Film\" by David Bordwell and Kristin Thompson: This book explores the history and theory of film sound, including the role of dialogue, music, and sound effects in storytelling.\n\n4. \"Film Sound Mixing: A Practical Guide to the Art and Technique of Mixing Sound for Film\" by David A. Whittaker: This book provides a comprehensive guide to film sound mixing, covering topics such as dialogue, music, and sound effects.\n\n5. \"The Sound Mixer's Handbook: A Guide to the Art and Technique of Mixing Sound for Film, Television, and Video Games\" by David A. Whittaker: This book offers a detailed look at the process of mixing sound for film, television, and video games, including techniques for handling dialogue, music, and sound effects.\n\nThese books should provide you with a solid foundation in film sound mixing and help you understand how to handle dialogue, ambience, and background music effectively."}]}