{"Unnamed: 0": 1460185, "id": "linguistics_34338", "Title": "When was Proto-Indo-Uralic spoken?", "Body": "You have seen that I asked a question about Proto-Indo-Uralic and whether or not it could be reconstructed using Proto-Indo-European, Proto-Uralic, and internal reconstruction in those branches. One person said kind of, and the other one said no. (I'm reading the paper that one of the people sent me about Schleicher's fable being reconstructed in PIU.) However, if such a language existed (and I believe so and more importantly there is evidence that it did, though the proof is not settled nearly as much as the Indo-European or Uralic languages), when was it spoken?", "top5_tags": "united-states, demographics, presidential-election, election, voting", "answer_with_body_context": [{"generated_text": " Proto-Indo-Uralic, the hypothetical common ancestor of the Indo-European and Uralic language families, is believed to have been spoken approximately between 6500 and 4000 BCE. This estimation is based on linguistic, archaeological, and genetic evidence, although the exact timeline remains a subject of ongoing research and debate.\n\nThe reconstruction of Proto-Indo-Uralic is a complex process that involves comparing the similarities and differences between the Indo-European and Uralic language families. Scholars have used various methods, such as internal reconstruction, to identify potential shared features and develop hypotheses about the Proto-Indo-Uralic language.\n\nThe evidence supporting the existence of Proto-Indo-Uralic includes similarities in vocabulary, grammar, and phonology between the two language families. For example, both Indo-European and Uralic languages have a rich system of noun declensions and verb conjugations, as well as similar words for natural elements, body parts, and basic actions.\n\nHowever, it is essential to note that the reconstruction of Proto-Indo-Uralic is still a work in progress, and the exact timeline and nature of the language remain uncertain. The estimated time frame of 6500-4000 BCE is based on the current understanding of the linguistic and archaeological evidence, and future discoveries may lead to revisions of this timeline."}], "answer_with_body_base": [{"generated_text": " Proto-Indo-Uralic, the hypothetical common ancestor of the Indo-European and Uralic language families, is believed to have been spoken around 6500 to 4000 BCE. However, it's important to note that the exact timeline is still a subject of ongoing research and debate among linguists. The reconstruction of Proto-Indo-Uralic is based on the comparative method, which involves comparing the similarities and differences among its descendant languages, and internal reconstruction, which involves analyzing patterns within a single language.\n\nThe evidence for the existence of Proto-Indo-Uralic comes from the similarities observed in the vocabulary, grammar, and phonology of the Indo-European and Uralic language families. However, the exact nature of the relationship between these two families remains a topic of scholarly debate.\n\nThe reconstruction of Proto-Indo-Uralic is an ongoing process, and new discoveries and research may lead to further refinements of our understanding of this ancient language. The study of Proto-Indo-Uralic is essential for understanding the prehistory of the Eurasian continent and the development of its diverse linguistic landscape."}]}