{"Unnamed: 0": 1432223, "id": "gardening_24218", "Title": "What are these plants growing on my lawn?", "Body": "I have these leaves sprouting all over my lawn and property. What is it? Should I be worried?NOTE: This is in Wisconsin.", "top5_tags": "plumbing, technique, electrical, design, building-regulations", "answer_with_body_context": [{"generated_text": " Based on the description of leaves sprouting all over your lawn in Wisconsin, it's possible that you're dealing with a common lawn weed or grass species. Here are a few possibilities and how to address them:\n\n1. Creeping Charlie (Glechoma hederacea): This is a perennial groundcover that can quickly spread and form dense mats. It has small, round, and scalloped leaves and produces small, blue flowers. To control Creeping Charlie, you can manually remove it by hand-pulling or using a hoe. Applying a pre-emergent herbicide in early spring can also help prevent its growth.\n\n2. Quackgrass (Elymus repens): Quackgrass is a perennial grass that can invade lawns and gardens. It has long, slender leaves with a distinctive white sheath at the base. To control Quackgrass, you can manually remove it by hand-pulling or using a hoe. Applying a selective grass herbicide can also help control its growth.\n\n3. Dandelions (Taraxacum officinale): Dandelions are common lawn weeds with bright yellow flowers and fluffy seed heads. They have jagged, deeply lobed leaves. To control dandelions, you can manually remove them by hand-pulling or using a dandelion weeder tool. Applying a selective broadleaf herbicide can also help control their growth.\n\n4. Bermuda grass (Cynodon dactylon): Bermuda grass is a warm-season grass that can invade lawns and gardens. It has narrow, strap-like leaves and produces small, greenish-white flowers. To control Bermuda grass, you can manually remove it by hand-pulling or using a hoe. Applying a selective grass herbicide can also help control its growth.\n\n5. Clover (Trifolium spp.): Clover is a common lawn weed with small, trifoliate leaves and pink, white, or purple flowers. It can be beneficial to your lawn as it fixes nitrogen in the soil. However, if you prefer a lawn without clover, you can manually remove it by hand-pulling or using a hoe.\n\nBefore taking any action, it's essential to correctly identify the plant in question. You can consult a local gardening center or extension service for assistance in identification. If you're unsure about the plant's identity, it's best to consult a professional to avoid damaging your lawn or garden.\n\nIn general, it's essential to maintain a healthy lawn to prevent weed growth. Regular mowing, watering, and fertilizing can help keep your lawn healthy and less susceptible to weed invasion. Additionally, consider planting native grasses and plants that are better adapted to your local climate and soil conditions."}], "answer_with_body_base": [{"generated_text": " Based on your description, it's difficult to identify the exact plant species without seeing the leaves. However, given that you're in Wisconsin, it's possible that the plants sprouting on your lawn could be common weeds or grasses that are native or adapted to the region. Some common plants that might appear in Wisconsin lawns include dandelions (Taraxacum officinale), crabgrass (Digitaria spp.), and various types of clover (Trifolium spp.).\n\nDandelions are easily recognizable by their bright yellow flowers and distinctive, deeply-toothed leaves. They are considered a weed in many lawns, but they can also be beneficial as they attract pollinators and can improve soil health.\n\nCrabgrass is a common lawn weed that grows in clumps and has a coarse texture. It's a warm-season grass that thrives in hot, dry conditions.\n\nClover is a common ground cover that can be found in lawns, and it's often considered beneficial due to its nitrogen-fixing properties, which can improve soil fertility.\n\nWhile these plants are not necessarily harmful, they can compete with your lawn grass for resources, leading to a less healthy and aesthetically pleasing lawn. If you're concerned about the appearance of your lawn or the potential for these plants to spread, you may want to consider taking the following steps:\n\n1. Mow your lawn regularly to maintain a healthy grass height and discourage weed growth.\n2. Water your lawn deeply and infrequently to encourage deep root growth and reduce weed competition.\n3. Apply a pre-emergent herbicide in early spring to prevent weed seeds from germinating.\n4. Use a post-emergent herbicide selectively, targeting the specific weeds you're trying to control.\n5. Consider overseeding your lawn with a high-quality grass seed mix to improve the overall health and density of your lawn.\n\nIf you're unsure about the plants on your lawn or if you're dealing with a particularly aggressive weed infestation, it's a good idea to consult with a local lawn care professional or extension service for advice tailored to your specific situation. They can help you identify the plants and recommend the best course of action for managing them."}]}