{"Unnamed: 0": 8038123, "id": "sports_3702", "Title": "Is it allowed to play a cricket match without positioning any fielder as a wicket keeper?", "Body": "In a cricket match , there are total 11 players which we called as playing eleven who will be there fielding and batting for a side.There are different positions on which the fielders can be placed such as a gully,slip,third man etc.In a standard cricket match we can remove fielder from slip and put him at the gully or anywhere else we want(of course within and according the ICC rules for fielding positions).  My question is can we remove a wicket keeper from his position leaving  his field blank(no one behind the stumps) and make him field at the  slip?    Is it required to have a wicket keeper behind the stumps every time?    Is there any rule?", "top5_tags": "cricket, rules, history, meaning, differences", "answer_with_body_context": [{"generated_text": " In a standard cricket match, it is not allowed to play without a designated wicket-keeper. According to the International Cricket Council (ICC) Laws of Cricket, specifically Law 24 - Wicket-keeping, a wicket-keeper must be present behind the stumps at all times when the batsman is on strike. The wicket-keeper's primary role is to catch the ball if the batsman misses it, and to prevent runs by stumping the batsman.\n\nWhile it is possible to replace a fielder in positions like slip or gully, the wicket-keeper's position is unique and cannot be substituted. The wicket-keeper is an integral part of the team and must be present behind the stumps during the batsman's innings.\n\nHowever, there are some exceptions to this rule. In some limited-overs formats, such as Twenty20 (T20) and One Day Internationals (ODIs), teams can choose to have a specialist fielder in the wicket-keeping position instead of a traditional wicket-keeper. This specialist fielder is usually a fast bowler or a batsman who can also keep wickets. In these cases, the specialist fielder is allowed to field in the wicket-keeping position, but they must still be present behind the stumps when the batsman is on strike.\n\nIn summary, it is not allowed to play a cricket match without a designated wicket-keeper behind the stumps, as per the ICC Laws of Cricket. However, in limited-overs formats, teams can choose to have a specialist fielder in the wicket-keeping position instead of a traditional wicket-keeper."}], "answer_with_body_base": [{"generated_text": " In a standard cricket match, it is not allowed to play without positioning any fielder as a wicketkeeper. The wicketkeeper plays a crucial role in the game, and there are specific rules regarding their positioning.\n\nAccording to the International Cricket Council (ICC) Laws of Cricket, the wicketkeeper must be positioned behind the stumps at all times when the batsman is on strike. The wicketkeeper's primary responsibility is to catch the ball if the batsman misses it while attempting to hit the ball, and to prevent the batsman from running between the wickets.\n\nWhile it is possible to replace the wicketkeeper with a fielder in the slips or another position, the fielder cannot be positioned directly behind the stumps. The fielder can only be placed in the slips or other fielding positions, but they cannot take up the role of the wicketkeeper.\n\nIn summary, it is required to have a wicketkeeper behind the stumps every time the batsman is on strike, and no fielder can replace the wicketkeeper in that position."}]}