{"Unnamed: 0": 8048133, "id": "woodworking_2818", "Title": "Kind of wood with deep brown streaks?", "Body": "I was in the Field Museum a couple of weeks ago and at the end of the new China exhibit is the \"Cyrus Tang\" spirit stone display. The wood flooring was extremely interesting, being a blond wood with heavy streaks of dark brown:What kind of wood is this?", "top5_tags": "united-states, taxes, terminology, massachusetts, criminal-law", "answer_with_body_context": [{"generated_text": " Title: Wood Species with Deep Brown Streaks\n\nBody: The wood you're describing, with deep brown streaks, could potentially be a variety of hardwood species known for their unique grain patterns. Some common types of wood that exhibit such characteristics include:\n\n1. Walnut (Juglans spp.): Walnut is a popular choice for woodworking due to its rich, dark brown color and distinctive grain patterns. The deep brown streaks you observed could be a result of the natural variation in the wood's growth rings.\n\n2. Mahogany (Swietenia macrophylla): Mahogany is a tropical hardwood known for its reddish-brown color and straight, even grain. It often features darker streaks and swirls, making it a desirable choice for furniture and flooring.\n\n3. Cherry (Prunus serotina): Cherry wood has a warm, reddish-brown color that deepens with age. It features a straight grain with occasional streaks and swirls, which can add visual interest to woodworking projects.\n\n4. Maple (Acer spp.): While maple is typically known for its light color, some species, such as the curly maple, can have darker streaks and swirls in their grain.\n\n5. Oak (Quercus spp.): Oak is a versatile hardwood with a wide range of colors, from light to dark brown. The deep brown streaks you mentioned could be a result of the wood's natural variation in growth rings.\n\n6. Teak (Tectona grandis): Teak is a tropical hardwood with a golden-brown color and a straight grain. It is known for its durability and resistance to decay, making it a popular choice for outdoor furniture and boatbuilding.\n\nTo determine the exact species of wood used in the \"Cyrus Tang\" spirit stone display, you may want to consult a wood identification guide or reach out to a professional woodworker or wood identification service. They can help you identify the wood based on its physical characteristics, such as color, grain pattern, and texture."}], "answer_with_body_base": [{"generated_text": " The wood you're describing, with deep brown streaks in a blond base, is likely to be a type of Oak, specifically Quercus alba (White Oak) or Quercus lyrata (Live Oak). These oaks are known for their beautiful grain patterns, which can include deep brown streaks. However, it's also possible that the wood could be a specially treated or stained wood, as the Field Museum often uses unique materials for their exhibits. For a precise identification, it would be best to consult with a wood specialist or the museum's curatorial staff. They might have more detailed information about the specific type of wood used in the \"Cyrus Tang\" spirit stone display."}]}