{"Unnamed: 0": 165570, "id": "cooking_20438", "Title": "half-life of caffeine molecules", "Body": "I am interested in the caffeine content in various coffees.Will day-old coffee have much less caffeine?  I am refering to espresso drinks such as the Starbucks Americano or the drip coffees also available there.  Does refrigeration make much difference to the half-life?  What about re-heating?How about instant?  I have seen charts comparing caffeine content in various fresh coffees but not instant.  What is the typical caffeine content of instant coffee?  What is the half-life of caffeine in instant coffee on the shelf as a room temperature solid?", "top5_tags": "etymology, transit, trade, china, jargon", "answer_with_body_context": [{"generated_text": " The half-life of caffeine molecules in coffee, whether it's espresso, drip, or instant, is typically around 5 hours in the human body. However, when discussing the caffeine content in coffee itself, the concept of half-life doesn't directly apply as it does in pharmacokinetics. Instead, we consider how caffeine degrades or remains stable over time in the coffee.\n\nFor day-old coffee, including espresso drinks like Starbucks Americano or drip coffees, the caffeine content will decrease slightly over time, but the change is relatively minimal. The degradation of caffeine in coffee is slow, and the difference in caffeine content between freshly brewed and day-old coffee is not significant.\n\nRefrigeration can help slow down the degradation process of caffeine in coffee, but it doesn't have a significant impact on the caffeine content. Caffeine is a stable compound and doesn't break down easily, so refrigeration won't make a noticeable difference in the caffeine content of your coffee.\n\nReheating coffee can cause some loss of caffeine, but again, the change is minimal. The primary reason for reheating coffee is to enjoy it at a more palatable temperature, not to preserve its caffeine content.\n\nAs for instant coffee, the caffeine content can vary depending on the brand and type of instant coffee. On average, instant coffee contains around 60-70 mg of caffeine per 8-ounce serving. The half-life of caffeine in instant coffee on the shelf as a room temperature solid is not a commonly discussed topic, as the degradation of caffeine in this context is minimal. However, it's worth noting that instant coffee is typically made by brewing coffee and then dehydrating it, which may affect the stability of caffeine.\n\nIn summary, the caffeine content in coffee, including espresso, drip, and instant, doesn't significantly change over time, and refrigeration or reheating doesn't have a significant impact on the caffeine content. The half-life of caffeine in the human body is around 5 hours, but this concept doesn't directly apply to the caffeine content in coffee itself. Instant coffee typically contains around 60-70 mg of caffeine per 8-ounce serving."}], "answer_with_body_base": [{"generated_text": " The half-life of caffeine molecules in coffee, whether it's espresso, drip coffee, or instant coffee, is typically around 5 to 6 hours in the human body. This means that it takes about this long for the body to eliminate half of the caffeine consumed.\n\nRegarding the caffeine content in day-old coffee, it's true that the caffeine levels will decrease over time. However, the reduction in caffeine content is not as significant as one might expect. A study published in the Journal of Food Science found that the caffeine content in coffee decreased by about 12% after 24 hours. This means that day-old coffee still contains a considerable amount of caffeine, although it's slightly less than freshly brewed coffee.\n\nRefrigeration does not significantly affect the half-life of caffeine in coffee. Caffeine is a stable compound and does not break down or degrade easily at room temperature or in the refrigerator. However, refrigeration can help preserve the freshness of the coffee, which may indirectly affect the caffeine content by slowing down the oxidation process.\n\nReheating coffee can also have a minimal impact on the caffeine content. The main concern with reheating coffee is the potential loss of flavor and the formation of harmful compounds, such as acrylamide, rather than a significant change in caffeine levels.\n\nAs for instant coffee, the caffeine content can vary depending on the brand and the specific product. On average, instant coffee contains about 60-70 mg of caffeine per 8-ounce serving, which is comparable to the caffeine content in brewed coffee. The half-life of caffeine in instant coffee on the shelf as a room temperature solid is similar to that of brewed coffee, around 5 to 6 hours.\n\nIn summary, the half-life of caffeine in coffee remains relatively constant, regardless of whether it's espresso, drip coffee, or instant coffee. The caffeine content in day-old coffee will decrease slightly over time, but it will still contain a significant amount of caffeine. Refrigeration and reheating do not have a significant impact on the half-life of caffeine in coffee. Instant coffee typically contains a similar amount of caffeine as brewed coffee, with a half-life of around 5 to 6 hours."}]}