{"Unnamed: 0": 201099, "id": "freelancing_656", "Title": "Is pet business insurance required for a dog walking business?", "Body": "My fiance has decided that she wants to start a dog walking business here in Florida.  We've already discussed her forming an LLC to protect her from liability but she also mentioned having dog walking insurance (like this).  I'm a software developer and have only ever freelanced or started a business in that field so I don't know much about dog walking businesses.Is this dog walking or pet business insurance necessary for starting a dog walking business?  If it's not required, is it recommended and/or beneficial to have it or is it just a wasted expense?", "top5_tags": "eyeshield-21, kingdoms-of-amalur-reckoning, xbox-360, call-of-duty-black-ops-2, castlevania-lords-of-shadow", "answer_with_body_context": [{"generated_text": " Title: Is Pet Business Insurance Required for a Dog Walking Business?\n\nBody:\n\nStarting a dog walking business can be an exciting venture, and it's great that you and your fianc\u00e9 are considering all aspects of the business, including liability and insurance. While pet business insurance, such as dog walking insurance, is not legally required in Florida, it is highly recommended and can provide significant benefits.\n\nLiability insurance, like the LLC you mentioned, is essential for protecting your personal assets in case of any accidents or incidents that may occur during your dog walking services. However, liability insurance typically covers general business operations and may not specifically address the unique risks associated with dog walking.\n\nPet business insurance, on the other hand, is designed to cover the specific risks associated with pet care services. This type of insurance can help protect your business from potential claims related to injuries, illnesses, or other incidents involving the dogs you walk. Some common coverage options for pet business insurance include:\n\n1. General Liability Insurance: This coverage protects your business from claims related to bodily injury, property damage, and personal injury that may occur during your dog walking services.\n\n2. Professional Liability Insurance: Also known as Errors and Omissions (E&O) insurance, this coverage protects your business from claims related to professional negligence, such as failing to provide proper care for a dog.\n\n3. Commercial Auto Insurance: If you use a vehicle to transport dogs, this coverage protects your business from claims related to accidents involving your vehicle.\n\n4. Property Insurance: This coverage protects your business's physical assets, such as equipment, supplies, and inventory, from damage or loss.\n\n5. Workers' Compensation Insurance: If you hire employees to assist with your dog walking business, this coverage protects your employees in case of work-related injuries or illnesses.\n\nHaving pet business insurance can provide peace of mind and protect your business from potential financial losses due to unforeseen incidents. It can also help build trust with clients, as they will know that you have taken steps to protect their pets and your business.\n\nIn conclusion, while pet business insurance is not legally required in Florida, it is highly recommended for a dog walking business. It can help protect your business from potential risks and liabilities, and it can also provide a competitive advantage in the market. As a software developer, you can help your fianc\u00e9 research and compare different insurance providers and coverage options to find the best fit for your dog walking business."}], "answer_with_body_base": [{"generated_text": " Title: Is pet business insurance required for a dog walking business?\n\nBody:\n\nStarting a dog walking business can be an exciting venture, and it's great that you and your fianc\u00e9 are considering the necessary steps to protect your business. While pet business insurance, such as dog walking insurance, may not be legally required in Florida, it is highly recommended and can provide numerous benefits.\n\nHere are some reasons why having pet business insurance is beneficial for a dog walking business:\n\n1. Liability protection: Dog walking insurance can help protect your business from potential liability claims in case a dog you are walking bites or injures someone. This coverage can help cover legal fees, medical expenses, and other related costs.\n\n2. Peace of mind: Having insurance can provide peace of mind, knowing that you are protected in case of an unfortunate incident. This can help you focus on growing your business and providing excellent service to your clients.\n\n3. Competitive advantage: Offering pet business insurance can give you a competitive edge over other dog walkers in your area. Clients may be more likely to choose your services if you provide this added layer of protection.\n\n4. Financial protection: In the event of a claim, pet business insurance can help cover the costs associated with the incident, which can help prevent a significant financial burden on your business.\n\nWhile pet business insurance may not be required by law, it is highly recommended for dog walking businesses. It can provide essential protection and peace of mind, and it can also help you stand out in a competitive market. It's always a good idea to consult with an insurance professional to determine the best coverage for your specific business needs.\n\nIn summary, while pet business insurance may not be legally required for a dog walking business in Florida, it is highly recommended and can provide numerous benefits. It can help protect your business from liability claims, provide peace of mind, give you a competitive advantage, and offer financial protection. Consider investing in pet business insurance to help ensure the success and longevity of your dog walking business."}]}