{"Unnamed: 0": 8969, "id": "apple_1018", "Title": "How much RAM does the 4th Gen iPod Touch have?", "Body": "How much RAM do these iPods ship with?The iPhone 4 has 512MB, and older iPod Touch 3rd Gen have 256MB (same as the iPad).Do the new iPod Touch have 512MB as the iPhone 4 (what I would expect) or 256MB?", "top5_tags": "iphone, nba2k11, nintendo-wii, macos, keyboard", "answer_with_body_context": [{"generated_text": " While the question specifically asks about the RAM in the 4th Gen iPod Touch, I can provide information that might help clarify the RAM specifications of the 4th Gen iPod Touch in relation to the 3rd Gen and the iPhone 4.\n\nThe 4th Gen iPod Touch, released in September 2010, comes with 256MB of RAM, which is the same amount of RAM as the 3rd Gen iPod Touch and the iPhone 4. This RAM capacity is sufficient for running the iOS operating system and the apps available at the time.\n\nIn comparison, the iPhone 4, which was released in June 2010, also has 512MB of RAM. This higher RAM capacity allows the iPhone 4 to handle more demanding tasks and multitasking more efficiently than the 4th Gen iPod Touch.\n\nIn summary, the 4th Gen iPod Touch has 256MB of RAM, which is the same as the 3rd Gen iPod Touch and the iPhone 4. The 512MB RAM in the iPhone 4 provides a more robust performance for multitasking and running more demanding applications."}], "answer_with_body_base": [{"generated_text": " The 4th Generation iPod Touch, also known as the iPod Touch (4th generation), was released in September 2011. It comes with 256MB of RAM. This is the same amount of RAM that the 3rd Generation iPod Touch and the iPad 1st generation had. While the iPhone 4, which was released in June 2010, also has 256MB of RAM, the 4th Generation iPod Touch did not upgrade to the 512MB RAM found in the iPhone 4. It's worth noting that the 4th Generation iPod Touch was the last iPod Touch model to feature 256MB of RAM before Apple transitioned to models with 512MB of RAM in the 5th Generation iPod Touch, released in September 2012."}]}