{"Unnamed: 0": 5732599, "id": "politics_2124", "Title": "Are US politicians still paid a salary when they cause a government shutdown?", "Body": "800k working-class Americans don't get paid when the government shut down. Do the US politicians still get paid? If yes, why so?", "top5_tags": "star-trek, babylon-5, economy, stocks, star-trek-ds9", "answer_with_body_context": [{"generated_text": " Title: Compensation of US Politicians During Government Shutdowns\n\nBody:\n\nThe question of whether US politicians continue to receive their salaries during a government shutdown is a complex one, rooted in the legal and political framework of the United States.\n\nFirstly, it is essential to understand that US politicians, including members of Congress and the President, are indeed paid during government shutdowns. The salary of members of Congress is set by law and is not directly affected by a government shutdown. As of 2021, the annual salary for a member of the House of Representatives is $174,000, while the salary for a Senator is $174,000 per year, or $15,374 per month.\n\nThe President of the United States also receives a salary during a government shutdown. As of 2021, the President's annual salary is $400,000, or $33,333 per month.\n\nThe reason US politicians continue to receive their salaries during a government shutdown is due to the structure of the US government and the laws that govern it. The US Constitution mandates that Congress must pass appropriations bills to fund the government. When Congress fails to pass these bills, a government shutdown occurs. However, the salaries of politicians are not directly tied to the passage of these bills.\n\nThe salaries of US politicians are determined by law and are not subject to the same budgetary constraints as other government agencies and programs. This is because the salaries of politicians are considered a part of the \"basic pay\" of the legislative branch, which is exempt from the annual appropriations process.\n\nIt is important to note that while US politicians continue to receive their salaries during a government shutdown, the working-class Americans who are affected by the shutdown may not receive their paychecks. This is because government employees, who are responsible for providing essential services, may be furloughed or work without pay during a shutdown.\n\nIn conclusion, US politicians do continue to receive their salaries during a government shutdown due to the legal and constitutional framework of the United States. While this may seem unfair to some, it is a result of the unique structure of the US government and the laws that govern it. However, it is crucial to recognize that the impact of a government shutdown extends beyond politicians and can affect the livelihoods of working-class Americans who rely on government services."}], "answer_with_body_base": [{"generated_text": " Title: US Politicians' Salary During Government Shutdowns\n\nBody:\n\nThe question of whether US politicians continue to receive their salary during a government shutdown is an important one to address. In the United States, members of Congress and the President are indeed paid during a government shutdown, but the situation is more nuanced than a simple yes or no answer.\n\nCongress members and the President receive a fixed salary, which is determined by law. According to the 20th Amendment to the US Constitution, the salaries of Congress members cannot be reduced during a recess of the Congress. This means that even during a government shutdown, when non-essential federal services are temporarily halted, the salaries of US politicians remain unaffected.\n\nThe rationale behind this is that the salaries of politicians are considered a fixed cost, and reducing them during a shutdown could potentially discourage qualified individuals from seeking public office. Additionally, the salaries of politicians are not directly tied to the functioning of the government, as they are responsible for creating and passing legislation that governs the country.\n\nHowever, it is essential to note that while politicians continue to receive their salaries during a government shutdown, many federal employees who are not part of Congress or the President's administration may not receive their pay during this period. This is because their work is considered non-essential, and the government has to prioritize its limited resources.\n\nIn summary, US politicians, including members of Congress and the President, continue to receive their salaries during a government shutdown. This is due to the 20th Amendment, which prevents the reduction of their salaries during a recess of Congress. While this may seem unfair to some, the intention is to maintain a stable and consistent political environment, and to avoid discouraging qualified individuals from pursuing public office. However, it is crucial to remember that this does not apply to all federal employees, as those whose work is deemed non-essential may not receive their pay during a shutdown."}]}