{"Unnamed: 0": 159041, "id": "buddhism_1", "Title": "Is there an equivalent of heaven and hell in Buddhism?", "Body": "According to most sources, a soul stays in samsara until it concentrates enough karma to get yet another rebirth.However, I failed to find any sources explaining if this process is eternal. In other words, what happens if a soul has committed so many sins that it's unable to accumulate enough karma? Or, in other words, is there a \"dead end\" when no more rebirth is possible?", "top5_tags": "united-states, russian-federation, ukraine, russia, terrorism", "answer_with_body_context": [{"generated_text": " Title: Is there an equivalent of heaven and hell in Buddhism?\n\nBody: In Buddhism, the concepts of heaven and hell as eternal destinations are not as explicitly defined as in some other religions. However, the idea of realms of existence, which can be seen as somewhat analogous to heaven and hell, does exist within Buddhist cosmology.\n\nThe Buddhist universe is divided into three realms: the realm of desire (Kamadhatu), the realm of form (Rupadhatu), and the formless realm (Arupadhatu). The realm of desire is where beings experience sensual pleasures and sufferings, while the realm of form is where beings experience more refined sensations and mental states. The formless realm is the highest realm, where beings experience non-sensual bliss and transcendence.\n\nThese realms are not eternal, but rather temporary states of existence that beings experience through the cycle of rebirth (samsara). The quality of the realm a being is reborn into depends on the karma accumulated in their previous lives.\n\nIn Buddhism, the ultimate goal is to achieve enlightenment (nirvana) and escape the cycle of rebirth. This is accomplished by following the Noble Eightfold Path, which includes right understanding, right intention, right speech, right action, right livelihood, right effort, right mindfulness, and right concentration.\n\nRegarding the question of a \"dead end\" in the cycle of rebirth, Buddhism teaches that there is no permanent self or soul that transmigrates from one life to another. Instead, it is a continuum of consciousness that carries the karmic imprints of past actions. Therefore, the concept of a soul being unable to accumulate enough karma to escape samsara is not applicable in Buddhism.\n\nInstead, Buddhism emphasizes the importance of cultivating positive karma through ethical conduct, meditation, and wisdom. By doing so, one can eventually attain enlightenment and break free from the cycle of rebirth, transcending the realms of desire, form, and formlessness. This liberation is not a \"dead end\" but rather the ultimate goal of Buddhist practice."}], "answer_with_body_base": [{"generated_text": " Title: Is there an equivalent of heaven and hell in Buddhism?\n\nBody:\n\nIn Buddhism, the concepts of heaven and hell as eternal realms are not as explicitly defined as they are in some other religions. However, Buddhism does have a concept of realms of existence, which can be seen as somewhat analogous to heaven and hell. These realms are part of the cycle of rebirth, known as samsara.\n\nThe primary goal in Buddhism is to achieve enlightenment (nirvana) and escape the cycle of samsara. This is accomplished by following the Noble Eightfold Path, which includes right understanding, right intention, right speech, right action, right livelihood, right effort, right mindfulness, and right concentration.\n\nThe realms of existence in Buddhism are divided into three main categories:\n\n1. The Desire Realm (Kamadhatu): This is the realm where most beings are reborn, including humans, animals, and lower realms. It is characterized by sensual pleasures and desires.\n\n2. The Form Realm (Rupadhatu): This realm is inhabited by beings who have attained a higher level of spiritual development and have a clearer understanding of reality. They experience more subtle forms of pleasure and are less affected by sensual desires.\n\n3. The Formless Realm (Arupadhatu): This is the highest realm, where beings have attained the highest levels of spiritual development and have reached enlightenment. They are free from all desires and suffering.\n\nWhile these realms are not eternal, they are not considered \"hell\" or \"heaven\" in the same sense as in some other religions. Instead, they represent different stages of spiritual development and the consequences of one's actions (karma).\n\nRegarding the question of a \"dead end\" in the cycle of rebirth, Buddhism teaches that there is no ultimate end to the cycle of samsara. However, the Buddha taught that it is possible to escape the cycle by attaining enlightenment. In this state, a being is no longer subject to rebirth and is free from suffering.\n\nIn summary, while Buddhism does not have an exact equivalent of heaven and hell, it does have realms of existence that represent different stages of spiritual development. The ultimate goal is to achieve enlightenment and escape the cycle of rebirth, rather than being trapped in an eternal hell or heaven."}]}