{"Unnamed: 0": 5724232, "id": "opensource_500", "Title": "Does being open sourced mean others can use my logo?", "Body": "Suppose I have created an open source applicationI have also created a snazzy logo to go with the application (for example, the Eclipse logo)I released my application's source code under a permissive licenseI have not trademarked my logoThe web pages on which my Logo appears may be covered by copyright, or a more restrictive license than the source code itself. But the source code distribution also contains an image file for the logo (so I can display it when the program is running).Does this mean that my logo is covered by the permissive license, and hence available for others to take and use for other purposes?", "top5_tags": "copyright, licensing, apache-2.0, forking, philosophy", "answer_with_body_context": [{"generated_text": " Being open-source means that your application's source code is freely available for anyone to use, modify, and distribute under the terms of the permissive license you've chosen. However, this does not automatically extend to your logo.\n\nLogos are typically protected by copyright, trademark, or both. Copyright protects the original artistic expression of your logo, while trademark protects the logo's use in identifying your brand or product.\n\nIn your case, since you have not trademarked your logo, it is not protected by trademark law. However, the image file of your logo included in the source code distribution may still be subject to copyright protection.\n\nThe permissive license you've chosen for your source code does not automatically apply to the logo image. The license only governs the distribution and use of the source code itself.\n\nTo allow others to use your logo, you would need to explicitly grant permission through a separate agreement or license. This could be done by:\n\n1. Releasing the logo under a Creative Commons license: Creative Commons licenses allow creators to specify the terms under which their work can be used by others. You can choose a license that allows others to use your logo for non-commercial purposes, as long as they give you credit.\n\n2. Creating a separate license for the logo: You can create a license specifically for your logo, outlining the terms under which others can use it. This license would need to be explicitly agreed upon by anyone wishing to use your logo.\n\n3. Trademarking your logo: If you want to protect your logo and control its use, you can apply for a trademark. This would give you exclusive rights to use and license your logo, and prevent others from using it without your permission.\n\nIn summary, being open-source does not automatically mean that others can use your logo. To allow others to use your logo, you would need to explicitly grant permission through a separate agreement or license."}], "answer_with_body_base": [{"generated_text": " Being open source means that your application's source code is freely available for others to use, modify, and distribute under the terms of the permissive license you've chosen. However, this does not automatically extend to your logo.\n\nA logo is considered a trademark, which is a type of intellectual property (IP) that identifies and distinguishes the source of goods or services. Trademarks are protected by law, and their use is regulated by the Trademark Act.\n\nIn your case, since you have not trademarked your logo, it is not protected by trademark law. However, the image file of your logo included in the source code distribution may be subject to copyright protection. Copyright law protects original works of authorship, including artistic creations like logos.\n\nThe permissive license you've chosen for your application's source code does not automatically apply to the logo image file. The license only governs the use of the source code itself. If you want to allow others to use your logo, you would need to explicitly grant permission through a separate agreement or license.\n\nIn summary, while your open source application's source code is available for others to use under the terms of the permissive license, your logo is not automatically covered by the license. To allow others to use your logo, you would need to create a separate agreement or license that grants permission for its use."}]}