{"Unnamed: 0": 1460552, "id": "literature_1012", "Title": "In which book did Poirot find a four-foot long clue?", "Body": "In one of the Poirot books he mentions that though clues are often small he once found a four-foot long one.Unfortunately I can't remember in which book he mentions this.Does anyone know which book he did find the four-foot long clue in? ", "top5_tags": "agatha-christie, single-word-requests, poetry, hercule-poirot, greek-literature", "answer_with_body_context": [{"generated_text": " The four-foot long clue you're referring to is found in Agatha Christie's novel \"The Mysterious Affair at Styles.\" However, it's important to note that the clue in this book is not exactly four feet long but rather a four-foot-long letter. The letter, written by the character Colonel Race, plays a significant role in the mystery.\n\nIf you're looking for a more literal four-foot long clue, it might be a misinterpretation or a fictional element. In the Poirot series, Hercule Poirot often finds clues that are small and seemingly insignificant, but they are crucial to solving the mystery.\n\nIf you're interested in a specific book where Poirot finds a large or unusual clue, you might want to explore other works in the series, such as \"Murder on the Orient Express\" or \"Death on the Nile,\" where Poirot uncovers various intriguing clues. However, none of these books feature a four-foot long clue."}], "answer_with_body_base": [{"generated_text": " The clue you're referring to is found in Agatha Christie's novel \"The Mysterious Affair at Styles.\" However, it's important to note that the clue mentioned in the book is not exactly four feet long. Instead, it's a four-foot-long piece of string. The confusion might arise from the mention of a large clue, but the specific four-foot-long clue is not directly mentioned in \"The Mysterious Affair at Styles.\"\n\nIf you're looking for a book where Hercule Poirot finds a significantly large clue, you might be thinking of \"The Murder of Roger Ackroyd,\" where Poirot discovers a large, hidden compartment in a wall. However, this clue is not four feet long.\n\nThe closest match to a four-foot-long clue in Poirot's cases might be \"The A.B.C. Murders,\" where Poirot finds a large, four-foot-long piece of paper with a cryptic message. But again, this clue is not explicitly described as four feet long.\n\nUnfortunately, there doesn't seem to be a specific Poirot book where he explicitly mentions finding a four-foot-long clue. The description you provided might be a mix-up or a misinterpretation of the details in one of Agatha Christie's novels."}]}