{"Unnamed: 0": 3825704, "id": "music_36099", "Title": "What is first chair?", "Body": "I am under the impression that first chair is the seat reserved for the best player of a particular instrument. Second chair would be reserved for the second best.Is that all there is to it? Or does the position of the chair provide something different to the audience from the 2nd chair? Perhaps it is louder? Or is there anything else that the chair numbers mean?", "top5_tags": "united-states, xbox-one, kinect, ark-survival-evolved, state-of-decay-2", "answer_with_body_context": [{"generated_text": " Title: What is First Chair?\n\nBody: First chair is indeed a term used in music, particularly in orchestras, bands, and chamber music ensembles, to denote the position of the lead player of a specific instrument section. The first chair player is typically the most skilled and experienced musician in that section, and they often have the responsibility of leading the section, setting the tempo, and playing the most challenging parts.\n\nThe first chair position is not just about the seat reserved for the best player; it also comes with additional responsibilities and privileges. Some of these include:\n\n1. Leading the section: The first chair player is responsible for guiding the section through the music, ensuring that everyone is playing together and in sync. They may also help other section members with their parts and provide feedback to improve their performance.\n\n2. Conducting the section: In some cases, the first chair player may be asked to conduct the section during rehearsals or performances, especially if the conductor is not present.\n\n3. Playing the most challenging parts: The first chair player is usually assigned the most technically demanding and difficult passages in the music. This means they have to demonstrate a high level of skill and proficiency on their instrument.\n\n4. Setting the tempo: The first chair player may be asked to set the tempo for the section, ensuring that everyone is playing at the same speed and rhythm.\n\n5. Leading the ensemble: In some cases, the first chair player may be asked to lead the entire ensemble, especially during rehearsals or performances.\n\nAs for the second chair, it is typically reserved for the second-best player in the section. The second chair player may have some of the same responsibilities as the first chair player, but they are usually not as involved in leading the section or playing the most challenging parts.\n\nRegarding the audience's experience, the first chair player's position does not necessarily mean that their instrument will be louder than the second chair player's. The volume of the instruments is usually determined by the conductor and the overall balance of the ensemble. However, the first chair player's skill and proficiency may make their performance more noticeable to the audience, and their leadership may contribute to a more cohesive and polished sound.\n\nIn summary, the first chair position is a prestigious and important role in an ensemble, with the first chair player being the lead musician in their section and responsible for guiding the group through the music. The second chair position is for the second-best player in the section, with slightly less responsibility and involvement in leading the ensemble. The chair numbers do not directly affect the volume of the instruments, but the first chair player's skill and leadership may enhance the overall performance for the audience."}], "answer_with_body_base": [{"generated_text": " Title: Understanding the Significance of First and Second Chairs in an Orchestra\n\nBody:\n\nThe concept of \"first chair\" in an orchestra refers to the position of the lead player of a particular instrument section. The first chair player is typically the most skilled and experienced musician in that section, and they are responsible for leading the section, setting the tempo, and ensuring the section plays together cohesively.\n\nThe term \"second chair\" refers to the second-best player in the section. The second chair player is usually a talented musician who is not quite at the level of the first chair player, but still possesses a high level of skill and musicality.\n\nWhile the primary distinction between first and second chairs is the level of skill and experience, there are a few additional aspects to consider:\n\n1. Volume and prominence: In an orchestra, the first chair player's instrument is often louder and more prominent than the second chair player's instrument. This is because the first chair player is responsible for leading the section and setting the tone for the rest of the musicians. The second chair player's instrument is typically softer and more supportive, providing a harmonious blend with the rest of the section.\n\n2. Musical interpretation: The first chair player is usually the one who sets the musical interpretation for the section. They work closely with the conductor to understand the musical intentions and communicate them to the rest of the section. The second chair player, while not leading the section, still plays a crucial role in interpreting the music and contributing to the overall sound.\n\n3. Responsibility and leadership: The first chair player has a greater responsibility to lead the section and ensure that the music is played accurately and with the desired expression. They are often the first to practice and the last to leave, and they may be called upon to perform solos or take on additional leadership roles within the orchestra.\n\nIn summary, the first and second chair positions in an orchestra are primarily determined by the skill and experience of the players. However, the first chair player's role as a leader and interpreter of the music, as well as the prominence of their instrument, sets them apart from the second chair player. Both positions are essential to the overall success of the orchestra, and each player contributes to the beautiful and harmonious sound that audiences enjoy."}]}