{"Unnamed: 0": 8048008, "id": "woodworking_177", "Title": "\"Joint\" or \"Join\": What is the name for the place where two pieces of wood are fastened together?", "Body": "When speaking in my woodshop, I can't quite tell whether people are saying joint or join when referring to the place where two pieces of wood are glued (or nailed) together. I know the practice is known as joinery but in my use of the English language, joint seems more appropriate. Of course, it doesn't help that a jointer is a tool for a completely different thing.", "top5_tags": "finishing, dogs, united-states, terminology, joinery", "answer_with_body_context": [{"generated_text": " In the context of woodworking, the term you're looking for is \"joint.\" However, it's important to clarify that while \"joint\" refers to the place where two pieces of wood are fastened together, the process and techniques used to create these connections are collectively known as \"joinery.\"\n\nA joint is the specific point or area where two pieces of wood are connected, typically through gluing, nailing, or other fastening methods. There are various types of joints, such as butt joints, lap joints, and dovetail joints, each with its own unique characteristics and applications.\n\nOn the other hand, joinery refers to the craft of creating these joints and assembling the pieces of wood together. Joinery encompasses a wide range of techniques and methods used to create strong, durable, and aesthetically pleasing connections between wood pieces.\n\nIn summary, \"joint\" is the term for the place where two pieces of wood are fastened together, while \"joinery\" refers to the process and techniques used to create these connections. The confusion between the two terms is understandable, as they are closely related, but it's essential to use the correct terminology in the context of woodworking."}], "answer_with_body_base": [{"generated_text": " The correct term for the place where two pieces of wood are fastened together is \"joint.\" However, in the context of woodworking and the practice of assembling wood pieces, the term \"joinery\" is more appropriate. Joinery refers to the skill of cutting and fitting together pieces of wood to produce strong, neat, and attractive joints. While \"joint\" is the term for the actual connection point, \"joinery\" encompasses the entire process and craft of creating these connections.\n\nIn summary, \"joint\" is the term for the connection point, and \"joinery\" is the term for the practice of creating these connections in woodworking. The confusion may arise due to the similar-sounding words, but they have distinct meanings in the context of woodworking."}]}