{"Unnamed: 0": 1438731, "id": "hinduism_11822", "Title": "Did any Kaurava survive the Mahabharata war?", "Body": "Did any Kaurava survive the Mahabharata war? If so, what happened to them after the war?", "top5_tags": "history, mahabharata, ramayana, astrology, rama", "answer_with_body_context": [{"generated_text": " In the epic narrative of the Mahabharata, the Kuru dynasty was divided into two factions: the Pandavas and the Kauravas. The Kauravas, led by Duryodhana, were the elder brothers of the Pandavas. The climax of the Mahabharata war, known as the Kurukshetra war, was fought between these two factions.\n\nAccording to the Mahabharata, all the Kaurava brothers, except for Vikarna, died in the war. Vikarna, the fourth Kaurava, was a noble and just warrior who stood up against the injustice of the war but ultimately lost his life in the battle.\n\nHowever, there is a lesser-known story in the Mahabharata that suggests the possibility of a Kaurava surviving the war. This story revolves around the character of Karna, who was born to Kunti, the mother of the Pandavas, and the sun god Surya. Karna was raised by a charioteer and was unaware of his true parentage until later in life.\n\nKarna fought on the side of the Kauravas during the war, and his death is considered a significant event in the Mahabharata. However, there is a theory that suggests Karna might have survived the war. This theory is based on the belief that Karna was granted a boon by the god Indra, which allowed him to survive the war.\n\nAccording to this theory, after the war, Karna was supposed to be granted a boon by the gods, but he was unable to receive it due to his unwavering loyalty to the Kauravas. As a result, Karna was cursed by the gods, and his soul was sent to the netherworld.\n\nIn the aftermath of the war, the Pandavas ascended to heaven, while the Kauravas were cursed to suffer in the netherworld. The Mahabharata does not explicitly mention the fate of Karna after the war, but it is believed that he met his end in the netherworld, as a result of the curse.\n\nIn conclusion, while all the Kaurava brothers, except for Vikarna, died in the Mahabharata war, the story of Karna suggests the possibility of a Kaurava surviving the war. However, according to the traditional narrative, Karna's soul was sent to the netherworld after the war, and he did not survive in the physical world."}], "answer_with_body_base": [{"generated_text": " Yes, according to the epic Mahabharata, one Kaurava did survive the war. His name was Vikarna, the son of Dhritarashtra and Gandhari. Vikarna was the 11th Kaurava, and he was known for his sense of justice and righteousness.\n\nDuring the war, Vikarna raised his voice against the unjust killing of Draupadi, the wife of the Pandavas, by Duryodhana and his brothers. He questioned the elders and warriors about the dishonorable act, but his protest was ignored. Despite his efforts, Vikarna fought in the war and was killed by Dronacharya, the royal guru of the Kauravas, in the Kurukshetra battle.\n\nAfter the war, Vikarna's body was cremated, and his ashes were immersed in the holy river Ganga. His survival and his stand for justice are remembered in the Mahabharata as an example of righteousness and moral courage."}]}