{"Unnamed: 0": 5732653, "id": "politics_2322", "Title": "Is there any difference between a dissident and a whistleblower?", "Body": "During the Cold War people who criticized Soviet government, its practices and abuses were called \"dissidents\" in the West, even if they politically supported Socialism or advocated better application of the Soviet laws, such as the constitution.Yet now it seems similar people in the West are not called \"dissidents\" but a new term \"whistleblower\" was invented. Was it invented specifically so to not attract any association with the USSR and to underline that those people are not opposed to the system as a whole bet merely criticize abuses?Or is there a fundamental difference?", "top5_tags": "etymology, proto-indo-european, united-states, soviet-union, ancient-history", "answer_with_body_context": [{"generated_text": " In the realm of politics, the terms \"dissident\" and \"whistleblower\" do indeed have distinct connotations, though they can sometimes overlap in their application.\n\nA dissident, historically, refers to an individual who openly opposes or criticizes a government, political system, or ideology. During the Cold War, dissidents in the Soviet Union and other socialist countries were those who challenged the government's practices and policies, even if they still supported the underlying principles of socialism or communism. The term \"dissident\" was used to describe these individuals, who often faced severe consequences for their opposition.\n\nOn the other hand, a whistleblower is someone who exposes wrongdoing, corruption, or illegal activities within an organization, typically a government agency or private company. Whistleblowers aim to bring attention to these issues in the hope of initiating change or preventing further harm. The term \"whistleblower\" is not inherently tied to any specific political system or ideology, and it is not necessarily used to avoid association with the USSR or any other government.\n\nThe primary difference between the two terms lies in the nature of the opposition and the context in which they are used. Dissidents are more focused on challenging the political system or ideology itself, while whistleblowers are concerned with exposing specific instances of wrongdoing within an organization.\n\nThe shift in terminology from \"dissident\" to \"whistleblower\" in the West may be attributed to several factors. Firstly, the term \"whistleblower\" is more neutral and less politically charged than \"dissident,\" which may help to avoid negative associations with the Soviet Union or other authoritarian regimes. Secondly, the term \"whistleblower\" has become more widely used in recent years, particularly in the context of government and corporate transparency, as a result of high-profile cases such as Edward Snowden's revelations about the NSA and the actions of whistleblowers like Chelsea Manning.\n\nIn conclusion, while there is a fundamental difference between dissidents and whistleblowers, the two terms can sometimes be used interchangeably depending on the context. The shift in terminology from \"dissident\" to \"whistleblower\" in the West may be attributed to the desire to avoid negative associations with authoritarian regimes and to emphasize the focus on exposing wrongdoing within organizations."}], "answer_with_body_base": [{"generated_text": " Yes, there is a fundamental difference between a dissident and a whistleblower, although both terms involve individuals who challenge or criticize certain aspects of a system or organization.\n\nA dissident is someone who openly opposes or criticizes a government, political system, or ideology, often in the context of a larger political movement or struggle. Dissidents may advocate for change, reform, or even revolution, and their actions are typically driven by a desire to challenge the status quo and promote alternative political or social ideologies. During the Cold War, dissidents in the Soviet Union and other socialist countries were individuals who opposed the government's policies and practices, even if they supported socialism or the Soviet system in principle.\n\nOn the other hand, a whistleblower is an individual who exposes wrongdoing, misconduct, or illegal activities within an organization, typically a government agency, corporation, or other institution. Whistleblowers may reveal information about corruption, fraud, safety violations, or other abuses, with the intention of holding those responsible accountable and promoting transparency and ethical behavior. Whistleblowers are not necessarily opposed to the system as a whole, but rather seek to address specific issues within the organization.\n\nThe term \"whistleblower\" was not invented specifically to avoid association with the USSR, but rather to describe a specific type of individual who exposes wrongdoing within an organization. However, it is possible that the term gained popularity in the West as a way to distinguish these individuals from dissidents, who were often associated with anti-government or anti-socialist movements.\n\nIn summary, while both dissidents and whistleblowers challenge or criticize certain aspects of a system or organization, dissidents are typically more politically motivated and may advocate for broader systemic change, while whistleblowers focus on exposing specific instances of wrongdoing within an organization. The terms are not interchangeable, and understanding the differences between them can help us better understand the motivations and actions of these individuals."}]}