{"Unnamed: 0": 1441075, "id": "history_1001", "Title": "Was there actually a project by the Nazis to create supernatural monsters/weapons?", "Body": "In many American sci-fi/fantasy fictional works, there's a trope about Nazis creating/attempting to create/use supernatural weapons/monsters (examples Hellboy movie, Indian Jones movie etc.) What, if any, is the historical basis of this trope? ", "top5_tags": "dota-2, inspiration, malazan, steven-erikson, suggested-order", "answer_with_body_context": [{"generated_text": " The trope of Nazis attempting to create supernatural monsters or weapons in American sci-fi/fantasy works is largely a product of fiction and speculation, rather than historical fact. However, it's essential to understand the historical context that may have inspired such narratives.\n\nDuring World War II, the Nazis were known for their extensive research and development of advanced technologies, including chemical weapons, biological weapons, and advanced weaponry. The Nazis' obsession with science and technology, as well as their pursuit of \"racial purity,\" led to numerous unethical experiments and atrocities.\n\nThe idea of Nazis creating supernatural monsters or weapons may have been influenced by the following factors:\n\n1. Occult beliefs: Some Nazis, like Heinrich Himmler, were interested in occultism and esoteric practices. Himmler founded the Ahnenerbe, an organization dedicated to researching the archaeological and cultural history of the Aryan race. While the Ahnenerbe's research focused on ancient history and mythology, it's possible that some Nazis may have entertained the idea of supernatural forces.\n\n2. Propaganda: The Nazis used propaganda to promote their ideology and demonize their enemies. They often depicted their enemies as monstrous and inhuman, which may have contributed to the trope of Nazis creating supernatural monsters.\n\n3. Fiction and speculation: The trope of Nazis creating supernatural monsters is a common theme in science fiction and fantasy literature. Authors may have drawn inspiration from the Nazis' obsession with science and technology, as well as their dark and oppressive nature, to create these fictional narratives.\n\nIn conclusion, while there is no historical evidence to support the idea that Nazis attempted to create supernatural monsters or weapons, the trope may have been inspired by the Nazis' interest in occultism, their use of propaganda, and the fictional narratives that emerged from their dark legacy."}], "answer_with_body_base": [{"generated_text": " The trope of Nazis attempting to create supernatural monsters or weapons in American sci-fi/fantasy works is largely a product of fiction and speculation rather than historical fact. While the Nazis did engage in extensive research and development of advanced technologies and weapons during World War II, there is no credible historical evidence to suggest that they pursued projects involving supernatural elements.\n\nThe Nazis were known for their interest in occultism and esoteric practices, with figures like Heinrich Himmler and Rudolf Hess reportedly having connections to the occult. However, these interests were primarily focused on the use of mysticism and occultism to gain psychological and political power, rather than the creation of supernatural weapons or monsters.\n\nThe trope you mentioned is likely a result of the creative liberties taken by filmmakers and writers to create engaging and dramatic narratives. It is essential to remember that these stories are works of fiction and should not be taken as historical accounts.\n\nThat being said, it is worth noting that the Nazis did engage in some unconventional and controversial research projects during the war. For example, they conducted experiments on human subjects, developed advanced chemical weapons, and explored the potential of rocketry and other technologies. However, none of these projects involved the creation of supernatural monsters or weapons.\n\nIn conclusion, while the trope of Nazis creating supernatural monsters or weapons is a popular theme in American sci-fi/fantasy works, there is no historical basis for it. The Nazis' interest in occultism and esoteric practices did not extend to the creation of supernatural weapons or monsters. Instead, their research and development efforts were focused on more conventional technologies and weapons of war."}]}