{"Unnamed: 0": 200105, "id": "fitness_32391", "Title": "What does it mean to bonk or hit the wall?", "Body": "What does it mean to bonk or hit the wall during a run or a bike ride?That is the main question, but to generate a more detailed answer here please consider these corollary questions:Can this can be a fairly serious thing, so what are the effects of this that makes it so serious?Is bonking the same as hitting a wall??Please explain what causes a bonk to occur, what things you would experience before, during, and after. Are there benefits to bonking?If hitting the wall is different then please elaborate on this too.", "top5_tags": "running, long-distance-running, speed, training, sprinting", "answer_with_body_context": [{"generated_text": " In the context of fitness, particularly during endurance activities like running or cycling, \"bonking\" or \"hitting the wall\" refers to a sudden and severe drop in energy levels, often accompanied by fatigue, dizziness, and a feeling of extreme exhaustion. This phenomenon is also known as \"hitting the wall\" or \"bonking.\"\n\nBonk or hitting the wall can be a fairly serious thing, as it can lead to a significant decrease in performance, and in some cases, it may even pose a risk to one's health. The effects of bonking can be serious because it can cause a person to lose focus, slow down, or even stop altogether, which may lead to accidents or injuries.\n\nBonk and hitting the wall are essentially the same thing, with the terms used interchangeably to describe the same experience. Both terms refer to the sudden and dramatic loss of energy and mental clarity during an endurance activity.\n\nSeveral factors can contribute to bonking or hitting the wall, including:\n\n1. Inadequate fueling: Not consuming enough carbohydrates before and during the activity can lead to a depletion of glycogen stores in the muscles and liver, causing a sudden drop in energy levels.\n2. Insufficient hydration: Dehydration can exacerbate the effects of bonking, as it can lead to a decrease in blood volume and impair the body's ability to transport nutrients to the muscles.\n3. Overexertion: Pushing oneself too hard without allowing for proper recovery can lead to a depletion of energy reserves, making it more likely to experience bonking.\n4. Lack of training: Insufficient training can result in a lower tolerance for endurance activities, making it more likely to hit the wall.\n\nBefore bonking, you may experience a gradual decline in performance, accompanied by feelings of fatigue, dizziness, and a general sense of unease. During the bonk, you may experience a sudden and severe drop in energy levels, accompanied by a feeling of extreme exhaustion, confusion, and difficulty concentrating.\n\nAfter hitting the wall, it may take some time to recover, depending on the severity of the bonk and the individual's ability to replenish energy stores. Recovery may involve consuming carbohydrates and fluids, resting, and gradually resuming the activity at a lower intensity.\n\nThere are no direct benefits to bonking, as it is a negative experience that can hinder performance and potentially pose a risk to one's health. However, understanding the causes and effects of bonking can help individuals take preventive measures, such as proper fueling, hydration, and training, to avoid hitting the wall during endurance activities.\n\nIn summary, bonking or hitting the wall is a sudden and severe drop in energy levels during an endurance activity, caused by factors such as inadequate fueling, dehydration, overexertion, and lack of training. It can be a serious experience, leading to a decrease in performance and potential health risks. By understanding the causes and effects of bonking, individuals can take preventive measures to avoid this phenomenon and maintain optimal performance during endurance activities."}], "answer_with_body_base": [{"generated_text": " Bonking or hitting the wall during a run or a bike ride refers to a state of extreme fatigue and energy depletion that can significantly impair performance and even pose health risks. It is a common phenomenon experienced by endurance athletes, particularly during long-distance events.\n\nBonk and hitting the wall are essentially the same concepts, both describing the same experience of sudden and severe fatigue during prolonged physical activity. The terms are often used interchangeably, but \"bonking\" is more commonly used in the context of running, while \"hitting the wall\" is more prevalent in cycling.\n\nThe primary cause of bonking or hitting the wall is the depletion of glycogen stores in the muscles and liver. Glycogen is the primary source of energy for the body during high-intensity exercise, and it is stored in the muscles and liver. When glycogen stores are depleted, the body is unable to produce enough energy to sustain the activity, leading to a sudden and dramatic drop in performance.\n\nBefore hitting the wall, an athlete may experience a range of symptoms, including:\n\n1. Increased fatigue and tiredness\n2. Difficulty maintaining pace or intensity\n3. Mental fog or confusion\n4. Irritability or mood swings\n5. Decreased motivation\n\nDuring the bonk or hitting the wall, the athlete may experience:\n\n1. Sudden and severe fatigue\n2. Inability to maintain pace or intensity\n3. Muscle cramps or weakness\n4. Dizziness or lightheadedness\n5. Nausea or stomach discomfort\n\nAfter hitting the wall, the athlete may experience:\n\n1. Slow recovery time\n2. Difficulty regaining lost energy and performance\n3. Increased risk of injury due to decreased coordination and muscle control\n4. Potential for more severe health issues, such as hypoglycemia (low blood sugar) or dehydration\n\nWhile bonking or hitting the wall is not a desirable experience, there are some potential benefits to experiencing it. For example, it can serve as a wake-up call for athletes to reassess their training and nutrition strategies, and to better prepare for future endurance events. Additionally, overcoming the challenge of hitting the wall can build mental resilience and determination.\n\nHowever, it is essential to note that bonking or hitting the wall can be a serious issue, particularly if it leads to severe dehydration, electrolyte imbalances, or other health complications. To prevent hitting the wall, athletes should focus on proper training, nutrition, and hydration strategies, including consuming carbohydrates and electrolytes before, during, and after endurance events."}]}