{"Unnamed: 0": 5729200, "id": "pets_6271", "Title": "How costly are dental procedures on dogs?", "Body": "We are planning to adopt a couple of older dogs, and are concerned that they may have dental problems.I am wondering, what types of dental procedures are generally done on dogs, and are they generally very costly (e.g. like they are for humans)?I don't have thousands of dollars to shell out for dental procedures if that is what it will take. Does anyone know how much dental procedures typically run for dogs?", "top5_tags": "dogs, eating, heaven, training, vision", "answer_with_body_context": [{"generated_text": " Dental procedures for dogs can vary in cost depending on the type of treatment required, the severity of the dental issues, and the geographical location. Here's a breakdown of common dental procedures for dogs and their associated costs:\n\n1. Dental cleaning (prophylaxis): This is the most basic dental procedure for dogs, which involves removing plaque and tartar from the teeth. The cost of a dental cleaning for a dog typically ranges from $100 to $300, depending on the size of the dog and the veterinarian's fees.\n\n2. Tooth extraction: If a dog has a severely damaged or infected tooth, it may need to be extracted. The cost of a tooth extraction can range from $100 to $500 per tooth, depending on the complexity of the extraction and the veterinarian's fees.\n\n3. Root canal: A root canal is a more advanced dental procedure that involves removing the infected pulp from a tooth and sealing it to prevent further infection. The cost of a root canal for a dog can range from $500 to $2,000 per tooth, depending on the complexity of the procedure and the veterinarian's fees.\n\n4. Dental X-rays: X-rays are often necessary to diagnose dental problems in dogs, such as tooth root infections or bone loss. The cost of dental X-rays for a dog can range from $50 to $150, depending on the veterinarian's fees and the number of X-rays required.\n\n5. Dental surgery: In some cases, dogs may require more complex dental surgeries, such as jaw fracture repair or oral tumor removal. The cost of these surgeries can range from $1,000 to $10,000 or more, depending on the complexity of the procedure and the veterinarian's fees.\n\nIt's essential to note that the cost of dental procedures for dogs can vary significantly based on factors such as the veterinarian's location, the complexity of the procedure, and the specific needs of the dog. To get a more accurate estimate of the cost of dental procedures for your dogs, it's best to consult with a local veterinarian who can evaluate your dogs' dental health and provide a personalized treatment plan.\n\nIn summary, while some dental procedures for dogs can be costly, there are also more affordable options, such as dental cleanings. It's essential to prioritize your dogs' dental health and work with your veterinarian to develop a treatment plan that fits your budget and your dogs' needs."}], "answer_with_body_base": [{"generated_text": " Dental procedures for dogs can vary in cost depending on the type of treatment required, the severity of the dental issues, and the geographical location. Here are some common dental procedures for dogs and a general idea of their costs:\n\n1. Dental cleaning (prophylaxis): This is a preventive procedure that involves removing plaque and tartar from the teeth and gums. It is usually performed under general anesthesia and can cost between $150 and $300 per dog.\n\n2. Tooth extraction: This procedure is performed when a tooth is severely damaged or infected and cannot be saved. The cost of a tooth extraction can range from $100 to $500 per tooth, depending on the complexity of the extraction and the location of the tooth.\n\n3. Root canal therapy: This procedure is performed to save a tooth that has a damaged or infected root. The cost of a root canal therapy can range from $500 to $2,000 per tooth, depending on the complexity of the procedure.\n\n4. Dental X-rays: X-rays are essential for diagnosing dental problems and planning treatments. The cost of dental X-rays can range from $50 to $150 per set.\n\n5. Periodontal surgery: This procedure is performed to treat advanced gum disease and may involve grafting, bone grafting, or other surgical interventions. The cost of periodontal surgery can range from $500 to $1,500 per tooth.\n\n6. Dental implants: Dental implants are a more advanced and expensive option for replacing missing teeth. The cost of dental implants for dogs can range from $1,000 to $3,000 per implant, depending on the complexity of the procedure and the location of the missing tooth.\n\nIt's essential to note that the cost of dental procedures for dogs can vary significantly based on the veterinarian's location, the complexity of the case, and the specific needs of the dog. It's always a good idea to consult with a veterinarian to get an accurate estimate of the cost of dental procedures for your specific dog.\n\nIn summary, dental procedures for dogs can range from $150 to $3,000 per tooth, depending on the type of treatment required. However, it's crucial to prioritize your dog's dental health, as untreated dental issues can lead to more severe health problems and higher costs in the long run."}]}