{"Unnamed: 0": 200106, "id": "fitness_32393", "Title": "Does temperature have more of an impact on longer runs?", "Body": "Does the impact of temperature on running performance increase with distance?This would mean something like for a 5k maybe a decrease of 3% in avg pace but for a half marathon a decrease of 8% avg pace. These numbers are just random values to try and make the question clear. Also Im asking in respect to the hot side of the ideal 50-60F running temps.", "top5_tags": "running, long-distance-running, speed, training, sprinting", "answer_with_body_context": [{"generated_text": " Yes, temperature can have a more pronounced impact on running performance as the distance increases. When running in hotter conditions, the body has to work harder to regulate its internal temperature, leading to increased fatigue and potentially slower paces.\n\nIn the context of your example, a 5k run might see a decrease in average pace of around 3% due to the heat, while a half marathon could experience an average pace decrease of around 8%. These numbers are hypothetical, but they illustrate the potential impact of temperature on longer runs.\n\nThe reason for this increased impact on longer distances is that the body's cooling mechanisms, such as sweating and increased blood flow to the skin, become more taxed over time. As a result, the body's ability to dissipate heat becomes less efficient, leading to a higher core temperature and greater strain on the cardiovascular system.\n\nTo mitigate the effects of temperature on longer runs, it's essential to take precautions such as:\n\n1. Hydration: Drink plenty of fluids before, during, and after the run to replace lost electrolytes and maintain proper hydration levels.\n2. Clothing: Wear lightweight, breathable, and moisture-wicking clothing to help regulate body temperature and keep sweat away from the skin.\n3. Pacing: Adjust your pace to account for the heat, and avoid pushing yourself too hard during the run.\n4. Timing: Try to run during cooler parts of the day, such as early morning or late evening, to minimize exposure to high temperatures.\n5. Acclimatization: Gradually increase your exposure to hotter conditions to help your body adapt and become more efficient at cooling itself.\n\nIn summary, temperature can have a more significant impact on running performance as the distance increases, particularly in hotter conditions. By taking appropriate precautions and adjusting your training and pacing strategies, you can help minimize the effects of temperature on your longer runs."}], "answer_with_body_base": [{"generated_text": " Yes, temperature can have a more pronounced impact on running performance as the distance increases. The relationship between temperature and running performance is multifaceted, involving physiological, psychological, and environmental factors.\n\nWhen running in hotter temperatures, the body has to work harder to maintain its core temperature, leading to increased heart rate, higher sweat rates, and greater fluid loss. These factors can significantly affect running performance, especially over longer distances.\n\nIn the context of your example, a 5k run might experience a 3% decrease in average pace due to the impact of hot temperatures. However, for a half marathon, the decrease in average pace could be more substantial, potentially around 8% as you suggested. This is because the body's ability to dissipate heat through sweating and increased blood flow to the skin becomes more critical as the distance increases.\n\nSeveral factors contribute to the increased impact of temperature on longer runs:\n\n1. Dehydration: Longer runs result in greater fluid loss through sweating, which can lead to dehydration. Dehydration can cause fatigue, muscle cramps, and reduced performance. In hotter temperatures, the risk of dehydration is higher, and its impact on performance is more pronounced.\n\n2. Heat stress: As the distance increases, the body's core temperature rises, leading to heat stress. Heat stress can cause a decline in physical performance, cognitive function, and decision-making abilities.\n\n3. Energy expenditure: Longer runs require more energy, and the body's ability to generate heat through metabolism becomes more critical. In hotter temperatures, the body's ability to dissipate heat is compromised, leading to increased energy expenditure and reduced performance.\n\n4. Muscle function: Higher temperatures can impair muscle function, leading to reduced strength and endurance. This effect is more pronounced in longer runs, where the muscles are subjected to prolonged stress.\n\n5. Psychological factors: Running in hot temperatures can be mentally challenging, as it may cause discomfort, fatigue, and reduced motivation. These psychological factors can have a more significant impact on longer runs, where mental resilience is crucial.\n\nIn conclusion, temperature does have a more significant impact on running performance as the distance increases. The body's ability to dissipate heat and maintain core temperature becomes more critical in hotter temperatures, leading to increased physiological and psychological challenges. To mitigate the impact of temperature on running performance, it is essential to stay hydrated, acclimate to the heat, and adjust pacing strategies accordingly."}]}