{"Unnamed: 0": 1461695, "id": "martialarts_3117", "Title": "What are the belt colors of Tae Kwon Do in order?", "Body": "What are the belt colors of Tae Kwon Do in order? Also could you add the degrees, I have had a hard time finding a reliable site?", "top5_tags": "substitute-tool, harry-potter, summer, game-of-thrones, marvel", "answer_with_body_context": [{"generated_text": " Title: Tae Kwon Do Belt Colors and Degrees in Order\n\nBody:\n\nTae Kwon Do, a Korean martial art, uses a system of colored belts to signify a practitioner's level of expertise and proficiency. The belt colors and their corresponding degrees are as follows:\n\n1. White Belt (1st Degree): This is the first belt color and represents a beginner's level. It symbolizes purity, innocence, and a clean slate.\n\n2. Yellow Belt (2nd Degree): The second degree belt signifies the beginning of a Tae Kwon Do journey. It represents the initial growth and development of a student.\n\n3. Orange Belt (3rd Degree): The orange belt represents the third degree and is a sign of progress and improvement. It symbolizes the growth of a student's skills and knowledge.\n\n4. Green Belt (4th Degree): The green belt is the fourth degree and represents a more advanced level of proficiency. It symbolizes the growth of a student's skills and the ability to apply techniques effectively.\n\n5. Blue Belt (5th Degree): The blue belt is the fifth degree and represents a higher level of proficiency. It symbolizes the growth of a student's skills and the ability to apply techniques with more confidence.\n\n6. Purple Belt (6th Degree): The purple belt is the sixth degree and represents a higher level of proficiency. It symbolizes the growth of a student's skills and the ability to apply techniques with more confidence and precision.\n\n7. Brown Belt (7th Degree): The brown belt is the seventh degree and represents a higher level of proficiency. It symbolizes the growth of a student's skills and the ability to apply techniques with more confidence and precision.\n\n8. Red Belt (8th Degree): The red belt is the eighth degree and represents the highest level of proficiency in Tae Kwon Do. It symbolizes the mastery of techniques and the ability to apply them with power, speed, and precision.\n\nIn some Tae Kwon Do organizations, there may be additional belt colors beyond the red belt, such as black belts, which represent even higher levels of expertise. However, the eight-degree red belt is the highest degree recognized in the traditional Tae Kwon Do belt system."}], "answer_with_body_base": [{"generated_text": " Title: Tae Kwon Do Belt Colors and Degrees in Order\n\nBody:\n\nTae Kwon Do, a Korean martial art, uses a system of colored belts to signify a practitioner's level of expertise and proficiency. The belt colors and their corresponding degrees are as follows:\n\n1. White Belt (1st Degree): This is the first belt color and represents a beginner's level. It symbolizes purity, innocence, and a clean slate.\n\n2. Yellow Belt (2nd Degree): The second degree is represented by the yellow belt. It signifies the beginning of the journey and the development of basic skills.\n\n3. Orange Belt (3rd Degree): The orange belt represents the third degree and is a sign of progress and growth.\n\n4. Green Belt (4th Degree): The green belt is the fourth degree and symbolizes the practitioner's ability to apply techniques and principles in practice.\n\n5. Blue Belt (5th Degree): The blue belt, or fifth degree, represents a more advanced level of skill and understanding.\n\n6. Purple Belt (6th Degree): The purple belt, or sixth degree, signifies a high level of proficiency and mastery of the basics.\n\n7. Brown Belt (7th Degree): The brown belt, or seventh degree, represents a practitioner's ability to apply techniques and principles in a more complex and challenging manner.\n\n8. Red Belt (8th Degree): The red belt, or eighth degree, is the highest rank in Tae Kwon Do and signifies a master level of skill and expertise.\n\nIn some Tae Kwon Do organizations, there are additional belt colors beyond the traditional eight, such as black belts and beyond. However, the eight-degree system is the most widely recognized and used.\n\nIt's essential to note that the exact requirements and progression for each belt can vary between different Tae Kwon Do schools and organizations. Therefore, it's always a good idea to consult with your instructor or the specific school's guidelines to understand the requirements for each belt color and degree."}]}