{"Unnamed: 0": 171273, "id": "diy_120335", "Title": "What is the name of this metal bar with holes at the ends?", "Body": "I need to find a metal part that looks a bit like this:     hole for bolt                strong metal      |                            |   ___|____________________________v_______  /   v                                    \\ (   (_)                              (_)   ) <--round end  \\________________________________________/This looks like a common part from a Meccano set, but with just two holes at either end for bolts. Two of these can go around a 2x4, then bolts run through the holes.    /__\\                             /__\\<--end of bolt ____________________________________________<--the part     __                               __     __                               __     __                               __     __                               __ <---bolt     __                               __     __                               __     __                               __ ____________________________________________<--the part    [==]                             [==]<---nutI am searching for a name so that I can find these to buy. Is there a common application where these appear? Are they commonly used by a particular contractor for a particular type of job? What is the name of this kind of part?", "top5_tags": "single-word-requests, united-states, teaching, pond, citations", "answer_with_body_context": [{"generated_text": " The metal bar you are describing is commonly known as a \"L-shaped bracket\" or \"L-bracket.\" These brackets are often used in construction and DIY projects for creating right angles and supporting structures. The holes at the ends for bolts are typically used to secure the bracket to a surface, such as a wall or a piece of wood.\n\nL-brackets are available in various sizes and materials, including steel and aluminum. They are widely used by contractors and DIY enthusiasts for a variety of applications, such as mounting shelves, cabinets, and other fixtures.\n\nTo find these L-brackets, you can search for \"L-shaped bracket,\" \"L-angle bracket,\" or \"angle bracket\" in hardware stores or online retailers. You may also find them under the names \"angle brace,\" \"angle support,\" or \"angle bracket.\""}], "answer_with_body_base": [{"generated_text": " The metal bar you are describing is commonly known as a \"L-shaped bracket\" or \"L-bracket.\" These brackets are widely used in construction and various DIY projects for creating right angles and supporting structures. The holes at the ends for bolts are typical for L-brackets, allowing them to be securely attached to other components, such as a 2x4 in your example.\n\nL-brackets are available in various materials, including steel and aluminum, and can be found in different sizes and thicknesses. They are commonly used by contractors and DIY enthusiasts for a wide range of applications, such as building furniture, shelving, and securing objects to walls or other surfaces.\n\nTo find these L-brackets, you can search for \"L-shaped bracket,\" \"L-angle bracket,\" or \"angle bracket\" in hardware stores or online retailers. You may also find them under specific names like \"angle brace\" or \"angle support,\" depending on the manufacturer and the intended application."}]}