{"Unnamed: 0": 1434729, "id": "genealogy_12188", "Title": "Did bigamous marriages need to be annulled?", "Body": "I have a great great uncle Ernest who was legally married in England in 1905. He and wife went separate ways shortly after the birth of their daughter, who died at 11 months, but they did not divorce.Ernest went on to marry bigamously in 1914. He was caught and convicted. This seems not to put him off, as he married bigamously to another woman in 1927. He was still legally married to his first wife. He got away with it for about 12 months, but when he proposed to another woman while already bigamously married, and had banns called in two parish churches, his second bigamous wife got suspicious, informed the police, and he was sentenced to another much longer stint in prison. I know these details from various newspaper reports of his trials.A marriage where one or both parties were already married was legally null and void. However, it is unclear to me whether the innocent party would need to obtain an annulment or declaration of nullity in order to marry again, since a void marriage never actually took place? Would nullity have been implied with conviction for bigamy?", "top5_tags": "england, wales, 20th-century, dna, medicine", "answer_with_body_context": [{"generated_text": " In the context of genealogy and historical legal practices, bigamous marriages were indeed considered null and void, meaning they were legally invalid from the outset. In England during the early 20th century, when your great great uncle Ernest was convicted of bigamy, the law treated such marriages as if they never legally existed.\n\nAs for the need for an annulment or declaration of nullity, it is essential to understand that an annulment is a legal procedure that declares a marriage null and void, as if it never happened. In the case of bigamous marriages, the law already considered them null and void, so an annulment would not be necessary.\n\nHowever, it is worth noting that the innocent party (in this case, Ernest's second wife) may have faced challenges in legally marrying again, as the law required proof that the previous marriage was null and void. The conviction for bigamy would have served as evidence that the first marriage was indeed null and void.\n\nIn Ernest's case, his second bigamous marriage was eventually discovered, and he was convicted again. This conviction would have served as evidence that his first marriage was null and void, allowing his second wife to legally marry again.\n\nIn summary, bigamous marriages were considered null and void from the beginning, and the innocent party would not need to obtain an annulment or declaration of nullity. However, the conviction for bigamy would have served as evidence that the first marriage was null and void, allowing the innocent party to marry again legally."}], "answer_with_body_base": [{"generated_text": " Yes, bigamous marriages were considered null and void, and the innocent party would typically need to obtain an annulment or declaration of nullity in order to marry again. In the case of your great great uncle Ernest, his second marriage in 1914 was bigamous since he was still legally married to his first wife.\n\nIn England, bigamy is a criminal offense, and a person convicted of bigamy would be subject to a prison sentence. However, the conviction itself does not automatically result in an annulment or declaration of nullity. The innocent party would still need to seek an annulment or declaration of nullity from the appropriate court to have the bigamous marriage legally dissolved.\n\nAn annulment is a legal process that declares a marriage null and void, as if it never existed. In the case of bigamy, the innocent party would need to prove that they were unaware of their spouse's existing marriage at the time of their bigamous marriage. This would typically involve presenting evidence to the court, such as the newspaper reports of Ernest's trials, to demonstrate that the innocent party was deceived or unaware of the bigamous nature of the marriage.\n\nOnce the annulment or declaration of nullity is granted, the innocent party would be free to marry again, as the bigamous marriage would be considered legally void. In Ernest's case, his second bigamous marriage in 1927 would have been annulled upon his conviction for bigamy, and he would have been prohibited from marrying again until the annulment was granted."}]}