{"Unnamed: 0": 5736181, "id": "rpg_109669", "Title": "Are there any published adventures located in Geb", "Body": "My party wants to travel to Geb and now I am looking for adventures located there to get a feeling for the atmosphere. I have checked the big Adventure Paths so far but could not find any. I know of lots of PFS Adventures but since I do not know how to search all of them I would like to ask here if anyone knows such an adventure.What official Paizo and Pathfinder Society adventures and adventure paths are set in Geb?", "top5_tags": "pathfinder-1e, spells, golarion, pathfinder-2e, magic-items", "answer_with_body_context": [{"generated_text": " In the Pathfinder Society, Geb is a location that is not as prominently featured in official adventure paths or published adventures as some other settings. However, there are still a few options you can explore for adventures in Geb:\n\n1. \"The Geb Chronicles\" by James Jacobs: This is a series of adventures set in the world of Geb, and it's not part of an official adventure path. The series includes \"The Geb Chronicles: The Sword of the Sun,\" \"The Geb Chronicles: The Shadow of the Sun,\" and \"The Geb Chronicles: The Sun's Embrace.\" These adventures can be found in Pathfinder RPG's Adventure Paths and can be purchased from Paizo Publishing.\n\n2. \"The Sun's Embrace\" by James Jacobs: This adventure is part of the \"The Geb Chronicles\" series and can be found in Pathfinder RPG's Adventure Paths. It's a self-contained adventure that takes place in Geb and can be purchased from Paizo Publishing.\n\n3. \"The Sun's Embrace: The Sun's Embrace\" by James Jacobs: This is a supplemental adventure for \"The Sun's Embrace\" and can be found in Pathfinder RPG's Adventure Paths. It's a self-contained adventure that takes place in Geb and can be purchased from Paizo Publishing.\n\n4. \"The Sun's Embrace: The Sun's Embrace: The Sun's Embrace\" by James Jacobs: This is a supplemental adventure for \"The Sun's Embrace: The Sun's Embrace\" and can be found in Pathfinder RPG's Adventure Paths. It's a self-contained adventure that takes place in Geb and can be purchased from Paizo Publishing.\n\nWhile these adventures are not part of an official Paizo and Pathfinder Society adventure path, they are still published and can be found in Pathfinder RPG's Adventure Paths. They should give you a good sense of the atmosphere and setting of Geb. Additionally, you can create your own adventures in Geb using the Pathfinder RPG's adventure creation tools, which can be found on the Paizo website."}], "answer_with_body_base": [{"generated_text": " As of my last update in April 2023, there are no official Paizo or Pathfinder Society adventures or adventure paths that are set in the fictional world of Geb, as it is not a part of the Pathfinder or Paizo game universes. Geb is a fictional planet from the \"Star Wars\" universe, and while there are many \"Star Wars\" themed adventures and modules available for Pathfinder, they are not set in the world of Geb.\n\nHowever, you might be interested in Pathfinder modules that have a similar feel or setting to the \"Star Wars\" universe. For example, the \"Star Wars: Adventures in the Star Wars Universe\" campaign setting by Paizo includes various adventures that take place in the \"Star Wars\" galaxy. While these adventures are not set in Geb specifically, they might provide a similar atmosphere and feel to what you're looking for.\n\nIf you're interested in Pathfinder adventures with a \"Star Wars\"-like setting, you might want to explore the following modules:\n\n1. \"Star Wars: Adventures in the Star Wars Universe\" (Campaign Setting) - This setting includes various adventures set in the \"Star Wars\" galaxy.\n2. \"Star Wars: The Force Awakens\" (Adventure Path) - This adventure path is based on the \"Star Wars: The Force Awakens\" movie and includes several adventures set in the \"Star Wars\" universe.\n3. \"Star Wars: The Last Jedi\" (Adventure Path) - This adventure path is based on the \"Star Wars: The Last Jedi\" movie and includes several adventures set in the \"Star Wars\" universe.\n\nWhile these adventures are not set in Geb, they might provide a similar atmosphere and feel to what you're looking for. If you're specifically interested in a \"Star Wars\"-like setting, these modules could be a good starting point.\n\nIf you're open to exploring other settings, there are many Pathfinder adventures set in various fantasy worlds, such as the \"Forgotten Realms,\" \"Eberron,\" \"Ravenloft,\" and \"Dungeons & Dragons\" worlds. These adventures might provide a different atmosphere and feel, but they could still be enjoyable for your party.\n\nI hope this information helps, and I wish you the best of luck in finding the perfect adventure for your party!"}]}