{"Unnamed: 0": 5728051, "id": "parenting_8319", "Title": "Should a 7 day old be prevented from raising her head on her own?", "Body": "My 7 day old baby raises her head up and holds it there for about 2 seconds when I try to burp her by placing my hand on her chest and neck, bending her on -45 degree angle and then patting her back.Should I be concerned?", "top5_tags": "infant, baking, toddler, newborn, age-appropriate", "answer_with_body_context": [{"generated_text": " Title: Should a 7-Day-Old Be Prevented from Raising Her Head on Her Own?\n\nBody:\n\nIt's completely normal for a 7-day-old baby to raise her head and hold it for a few seconds, especially when being burped. At this age, babies are still developing their neck and head control, but they are gradually gaining strength and coordination.\n\nHere are some points to consider:\n\n1. Developmental milestones: Babies typically start to gain control of their head and neck muscles around 1-2 months of age. At 7 days old, your baby is still in the early stages of development, and it's normal for her to have limited control over her head and neck.\n\n2. Burping technique: The method you're using to burp your baby is a common and effective technique. By placing your hand on her chest and neck, bending her at a 45-degree angle, and patting her back, you're helping her release gas and making her more comfortable.\n\n3. No need for concern: As long as your baby is gaining weight, feeding well, and showing signs of overall health, there's no need to be concerned about her ability to raise her head. It's essential to remember that every baby develops at their own pace, and there's a wide range of normal when it comes to developmental milestones.\n\n4. Consult your pediatrician: If you have any concerns about your baby's development, it's always a good idea to consult your pediatrician. They can provide guidance and reassurance based on your baby's individual needs and development.\n\nIn summary, your 7-day-old baby's ability to raise her head and hold it for a few seconds during burping is a normal part of her development. There's no need to prevent her from doing so, as long as she's healthy and meeting her developmental milestones. If you have any concerns, consult your pediatrician for guidance and reassurance."}], "answer_with_body_base": [{"generated_text": " Based on the information provided, it appears that your 7-day-old baby is showing early signs of developing neck and upper body strength. It is quite normal for infants to start lifting their heads and holding them up during the first few months of life.\n\nAt 7 days old, your baby is still in the early stages of development, and it is essential to remember that every baby develops at their own pace. However, it is essential to monitor your baby's progress and consult with a pediatrician if you have any concerns.\n\nHere are a few suggestions to help you ensure your baby's healthy development:\n\n1. Continue to support your baby's head and neck when holding or feeding her.\n2. Encourage tummy time when your baby is awake and supervised. This will help strengthen her neck and upper body muscles.\n3. Consult with your pediatrician to discuss your baby's development and any concerns you may have.\n\nIn summary, it is not necessary to prevent your 7-day-old baby from raising her head on her own. However, it is essential to monitor her development and consult with a pediatrician if you have any concerns."}]}