{"Unnamed: 0": 8039961, "id": "travel_116760", "Title": "Is it safe to drink water in the Dominican Republic?", "Body": "To add yet another question to the long list of tap-water, the US CDC for the Dominican Republic says Don\u2019t Drink Tap or well water, but there is no mention of water concerns on gov.uk for the DR. The US warning is not everywhere (e.g., according the the CDC for the UK Food and water standards in the United Kingdom are similar to those in the United States) and gov.uk for Mexico says Drink only boiled or bottled water and avoid ice in drinks.I am staying at an all inclusive high end resort in the DR. Avoiding drinking tap water directly should not be that hard, but ice and unwashed or unpeeled fruits and vegetables (which the CDC recommends against will be harder). I have heard rumors that some resorts use filtered water for cooking and ice. How can I reliable determine if I need to worry about water at a resort in the DR?", "top5_tags": "united-states, united-kingdom, rock-climbing, publications, usa", "answer_with_body_context": [{"generated_text": " In the Dominican Republic, it is generally recommended to avoid drinking tap water directly, as advised by the US CDC. However, it's worth noting that the UK government's guidelines do not specifically mention water concerns for the Dominican Republic.\n\nWhen staying at an all-inclusive high-end resort in the Dominican Republic, you can generally rely on the resort's water supply for drinking purposes. Many resorts use filtered water for cooking and making ice, which should minimize the risk of waterborne illnesses. However, it's always a good idea to take precautions, especially when consuming ice, unwashed fruits, and vegetables.\n\nTo ensure your safety, consider the following tips:\n\n1. Drink bottled water: Opt for bottled water, which is widely available in the Dominican Republic. Look for brands that are sealed and have a good reputation.\n\n2. Avoid ice: While ice is commonly served in restaurants and bars, it's best to avoid it, as it may be made from tap water.\n\n3. Wash fruits and vegetables: Thoroughly wash fruits and vegetables with clean, running water before consuming them.\n\n4. Check resort policies: Inquire with your resort about their water treatment and filtration methods. Many resorts use advanced filtration systems to ensure the safety of their water supply.\n\n5. Be cautious with beverages: When consuming beverages like juices or cocktails, ensure they are made with bottled water or filtered water.\n\nBy following these precautions, you can minimize the risk of water-related illnesses while enjoying your stay at a resort in the Dominican Republic."}], "answer_with_body_base": [{"generated_text": " Drinking water in the Dominican Republic is generally considered safe, especially in high-end resorts where water treatment and purification processes are typically in place. However, it's always wise to exercise caution and follow some guidelines to ensure your safety.\n\n1. High-end resorts: Most high-end resorts in the Dominican Republic use filtered water for cooking, making ice, and providing drinking water to guests. This significantly reduces the risk of waterborne illnesses. However, it's still essential to be cautious and follow some precautions.\n\n2. Ice: Avoid consuming ice directly, as it may have been made from tap water. Instead, ask for bottled water or drinks with ice that has been made from bottled water.\n\n3. Unwashed or unpeeled fruits and vegetables: The US CDC recommends avoiding unwashed or unpeeled fruits and vegetables, as they may have been washed with tap water. To minimize the risk, request that your fruits and vegetables be washed with bottled water or peeled before consumption.\n\n4. Personal hygiene: Practice good personal hygiene, such as washing your hands with soap and clean water before eating or drinking.\n\n5. Local water quality: While the US CDC does not provide specific guidelines for the Dominican Republic, it's always a good idea to research the local water quality and any potential issues. You can also consult with your resort's staff, who should be able to provide information on their water treatment and purification processes.\n\n6. Bottled water: If you're still concerned about the safety of tap water, you can opt to drink bottled water. Ensure that the bottles are sealed and have not been opened.\n\nIn summary, drinking water in the Dominican Republic, particularly at high-end resorts, is generally safe. However, it's essential to take precautions, such as avoiding tap water directly, being cautious with ice and unwashed fruits and vegetables, and practicing good personal hygiene. If you have any concerns, consult with your resort's staff and consider using bottled water as an alternative."}]}