{"Unnamed: 0": 26029, "id": "bicycles_30708", "Title": "How to turn right in Japan", "Body": "In Japan, how are bicycles supposed to turn right?Apparently, new rules have been decided in 2015, and there is a specific way to turn to the right at a crossroad, depending whether there are traffic lights or not.", "top5_tags": "japan, terrorism, tokyo, single-word-requests, united-states", "answer_with_body_context": [{"generated_text": " In Japan, turning right on a bicycle at a crossroad is governed by specific rules that were established in 2015 to ensure safety and smooth traffic flow. Here's a detailed guide on how to turn right in Japan, considering whether there are traffic lights or not:\n\n1. Turning right at a crossroad with traffic lights:\n\n   a. Approach the intersection and observe the traffic light signals.\n\n   b. If the traffic light is green, you may proceed to turn right. However, you must yield to pedestrians and other vehicles that have the right of way.\n\n   c. When turning right, position your bicycle on the right side of the road, and signal your intention to turn by extending your right arm outward.\n\n   d. Check for oncoming traffic, including vehicles and pedestrians, and wait for a safe gap before making the turn.\n\n   e. Complete the turn, ensuring that you stay within the designated bicycle lane or on the right side of the road.\n\n2. Turning right at a crossroad without traffic lights:\n\n   a. Approach the intersection and observe the traffic signs and signals.\n\n   b. If there are no traffic lights, look for any stop signs or yield signs.\n\n   c. Yield to pedestrians and vehicles that have the right of way.\n\n   d. Position your bicycle on the right side of the road, and signal your intention to turn by extending your right arm outward.\n\n   e. Check for oncoming traffic, including vehicles and pedestrians, and wait for a safe gap before making the turn.\n\n   f. Complete the turn, ensuring that you stay within the designated bicycle lane or on the right side of the road.\n\nIn both scenarios, it's essential to follow the rules of the road and prioritize safety. Always be aware of your surroundings, signal your intentions, and yield to pedestrians and vehicles with the right of way. By following these guidelines, you can confidently navigate right turns on bicycles in Japan."}], "answer_with_body_base": [{"generated_text": " In Japan, turning right on a bicycle follows specific rules that were established in 2015 to ensure safety and smooth traffic flow. The method of turning right at a crossroad varies depending on whether there are traffic lights or not. Here's a detailed guide on how to turn right on a bicycle in Japan:\n\n1. At a crossroad with traffic lights:\n\n   a. When the traffic light is red, you must come to a complete stop at the stop line or crosswalk.\n\n   b. Wait for the green light for bicycles. In some cases, there may be a separate bicycle signal, while in others, the green light for cars may also indicate that bicycles can proceed.\n\n   c. When the green light appears, check for oncoming traffic and pedestrians.\n\n   d. Signal your intention to turn right by extending your right arm out to the side.\n\n   e. Slow down and proceed to turn right, staying in the designated bicycle lane or on the right side of the road.\n\n2. At a crossroad without traffic lights:\n\n   a. Approach the crossroad with caution, and be aware of oncoming traffic and pedestrians.\n\n   b. Signal your intention to turn right by extending your right arm out to the side.\n\n   c. Slow down and check for oncoming traffic and pedestrians.\n\n   d. If it is safe to do so, proceed to turn right, staying in the designated bicycle lane or on the right side of the road.\n\n3. General tips:\n\n   a. Always follow the rules of the road and be aware of your surroundings.\n\n   b. Use hand signals to indicate your intention to turn right.\n\n   c. Stay in the designated bicycle lane or on the right side of the road when turning right.\n\n   d. Be patient and wait for a safe opportunity to turn right, especially at crossroads with traffic lights.\n\nBy following these guidelines, you can safely and efficiently turn right on a bicycle in Japan. Remember to always prioritize safety and be aware of your surroundings while riding."}]}