{"Unnamed: 0": 8053271, "id": "writers_32737", "Title": "What Genre Category for a Semi-Fictional Memoir?", "Body": "What genre do these types of Memoirs fall under?   \"Inspired by true events?\"  ... Is Semi-Fictional Memoir a \"thing\"?   I definitely don't feel that \"fictional autobiography\" fits.I have been writing a lot of short stories that are Memoir-ish, that are based on true events in my life.  Because I don't remember every detail, I tried to make some parts of the stories obviously fictional.  But, in some stories, it isn't so obvious that parts are fictional. I feel that making it obvious in some stories would be intrusive, and undermine the tone.I am hoping that applying the proper genre label would be sufficient.", "top5_tags": "word-study, greek, historical-interpretation, passion-narrative, prophecy", "answer_with_body_context": [{"generated_text": " Title: What Genre Category for a Semi-Fictional Memoir?\n\nBody: Semi-fictional memoirs, which are inspired by true events but incorporate fictional elements, can fall under several genre categories. The most fitting genre for these types of memoirs would likely be \"Fictionalized Autobiography\" or \"Autobiographical Fiction.\"\n\nFictionalized Autobiography is a subgenre of autobiography that blends factual events from the author's life with fictional elements. This genre allows writers to explore and express their experiences while also creating a more engaging and compelling narrative. By using fictional elements, authors can fill in gaps in their memories, enhance the storytelling, and create a more immersive experience for readers.\n\nAutobiographical Fiction, on the other hand, is a genre that combines elements of both fiction and autobiography. In this genre, the author's life serves as the inspiration for the story, but the events and characters are not strictly based on real-life experiences. However, the core themes and emotions of the story are often rooted in the author's personal experiences.\n\nBoth Fictionalized Autobiography and Autobiographical Fiction can be considered \"things\" in the literary world, as they have gained popularity and recognition over the years. Many well-known authors, such as James Frey, Chuck Palahniuk, and Mary Karr, have written books in these genres, demonstrating their viability and appeal.\n\nIn your case, since your memoir-like stories are based on true events but contain fictional elements, you may want to consider using the genre label \"Fictionalized Autobiography\" or \"Autobiographical Fiction\" to accurately describe your work. This will help readers understand the nature of your writing and set the appropriate expectations for the story.\n\nUltimately, the genre label you choose should align with your writing style and the way you want to present your story. By applying the proper genre label, you can effectively communicate the essence of your semi-fictional memoir to your readers."}], "answer_with_body_base": [{"generated_text": " The genre category for a semi-fictional memoir can be classified as \"Fictionalized Autobiography\" or \"Autofiction.\" These terms describe works that blend elements of fiction and autobiography, where the author incorporates real-life experiences but also introduces fictional elements for various purposes, such as enhancing narrative structure, exploring deeper emotions, or addressing complex themes.\n\nIn your case, since your memoir-like stories are based on true events but contain fictionalized elements, \"Fictionalized Autobiography\" or \"Autofiction\" would be the most appropriate genre labels. These genres acknowledge the semi-fictional nature of your work while still grounding it in your personal experiences.\n\nIt's essential to note that the genre classification can vary depending on the specifics of your work and the publishing platform you choose. However, \"Fictionalized Autobiography\" or \"Autofiction\" should serve as a suitable starting point for categorizing your semi-fictional memoir."}]}