{"Unnamed: 0": 1445334, "id": "interpersonal_19497", "Title": "How to explain to my girlfriend that I enjoy certain video games?", "Body": "I would like to ask for advice about my current situation, my girlfriend (26) and I (31) have been together for 2 months now and we really have lots in common and always have a great time together but! I am an IT guy so I am into technology very much and currently own a Nintendo Switch.I really quite enjoy some video games (like Hand of fate 2, dark souls, doom, etc..), it is a way to entertain myself, to clear my head a bit after work and I do not play much at all, around 6 hours per week and some weeks I do not play at all.The thing is, she despises video games from the bottom of her heart, her position is quite radical. I do not get why, when I try to explain why I like to play her answer is something like \"-video games are for freaky and creepy nerds-\" and that's it! I cannot discuss any further about it, she just doesn't hear me at all.I could just sell my console and not play anymore, but I would like to first try to make her understand me, since she does not give me any reasonable answer about it so I would like to ask for some advice:How can I explain to her that it is something I enjoy?Thanks a lot in advance.Edit:To add some more details about it, our relationship is pretty new and this is the first major disagreement we have had so far.I have tried so little to be honest because she just does not want to listen, like really, she just says things like \"no no, that's for creepies, for smelly nerds\" and stuff like that, I have tried to explain to her:That it is no different from watching series or movies (which shedoes).That I only play in my spare time when we do not meet normally afterwork and would never prefer to play instead of meeting her or doingsomething together.To explain that it helps me to clear my mind after work.I actually tried to show her and explain a video game once and after 20 seconds she told me \"are we going to do something else?\" and that was it, I just turned it off.I was quite surprised because our communication is very good actually, we have discussed important matters openly in a very productive way, but with this topic she gets just too aggressive.Thanks again for your answers.", "top5_tags": "germany, relationships, approach, texting, armenia", "answer_with_body_context": [{"generated_text": " Title: How to Explain to My Girlfriend That I Enjoy Certain Video Games\n\nBody:\n\nDear [Girlfriend's Name],\n\nI hope this message finds you well. I wanted to take some time to talk about something that has been on my mind lately. I understand that video games are not your cup of tea, and I respect your feelings towards them. However, I would like to share with you why I enjoy playing certain video games and how it positively impacts my life.\n\nFirstly, I want to assure you that my love for video games does not take away from the time we spend together or the quality of our relationship. I am fully committed to our relationship and always prioritize spending time with you. I only play video games during my spare time, when we don't have plans to meet after work, and I never prefer to play instead of doing something together.\n\nVideo games, like any other form of entertainment, serve as a way for me to unwind and relax after a long day at work. They help me clear my mind and recharge my energy, which ultimately allows me to be more present and engaged when I'm with you. I believe that having a hobby that helps you relax and recharge is essential for maintaining a healthy and balanced life.\n\nI understand that you may have concerns about the time I spend playing video games, but I want to assure you that I am mindful of our time together and always make an effort to prioritize our relationship. I am open to discussing this further with you and finding a compromise that works for both of us.\n\nI also want to emphasize that video games are not just for \"nerds\" or \"freaks.\" They are a diverse and inclusive medium that can be enjoyed by people of all backgrounds and interests. Just like watching series or movies, video games can be a form of entertainment that brings people together and sparks conversations.\n\nI appreciate your honesty and openness in expressing your feelings about video games. I understand that we may have different perspectives on this topic, but I hope that we can continue to communicate openly and respectfully about our interests and hobbies.\n\nThank you for taking the time to read this message. I look forward to discussing this further with you and finding a way to make our relationship even stronger.\n\nWith love,\n\n[Your Name]"}], "answer_with_body_base": [{"generated_text": " Title: How to Explain Your Love for Video Games to Your Girlfriend\n\nBody:\n\nDear [Girlfriend's Name],\n\nI truly appreciate your honesty and openness in expressing your feelings about video games. I understand that you have strong opinions about them, and I respect that. However, I would like to take this opportunity to share my perspective and explain why I enjoy playing video games, hoping that we can find common ground and better understand each other.\n\nFirstly, I want to emphasize that my love for video games is not a reflection of my personality or interests. It is simply a hobby that I find enjoyable and relaxing. Just as you enjoy watching series or movies, I find video games to be a form of entertainment that allows me to unwind and escape from the stresses of everyday life.\n\nI want to assure you that I am not addicted to video games, and I am very conscious of the time I spend playing them. I only play when I have free time, and I make sure to prioritize spending quality time with you and engaging in activities that we both enjoy.\n\nI understand that you may have concerns about the content of some video games, but I want to clarify that I am selective about the games I play. I choose games that I find interesting and engaging, and I am mindful of the content that I expose myself to.\n\nI also want to address the misconception that video games are only for \"nerds\" or \"freaks.\" In reality, video games have become a mainstream form of entertainment, with millions of people around the world enjoying them. They are a diverse medium that can cater to a wide range of interests and preferences.\n\nI believe that it is essential for us to have open and honest communication about our interests and hobbies. I value our relationship and want to ensure that we can both enjoy our time together without feeling judged or misunderstood.\n\nI am open to discussing this topic further with you, and I would appreciate it if you could share your thoughts and feelings with me. I am willing to listen and learn from your perspective, and I hope that we can find a way to appreciate each other's interests and hobbies.\n\nThank you for taking the time to read my thoughts on this matter. I look forward to continuing our conversation and finding a way to strengthen our relationship.\n\nWith love,\n\n[Your Name]"}]}