{"Unnamed: 0": 0, "id": "academia_1", "Title": "What kind of Visa is required to work in Academia in Japan?", "Body": "As from title. What kind of visa class do I have to apply for, in order to work as an academic in Japan ? ", "top5_tags": "dnd-3.5e, dungeons-and-dragons, macos, basil, campaign-settings", "answer_with_body_context": [{"generated_text": " To work as an academic in Japan, you would typically need to apply for a Specific Activity Visa (SpA Visa), which is designed for individuals intending to engage in activities such as teaching, research, or consulting in Japan. The SpA Visa is a subcategory of the General Visa (G Visa) and is specifically tailored for those who wish to contribute to the academic and research sectors in Japan.\n\nThere are two main types of SpA Visas:\n\n1. SpA Visa for Academic Activities (SpA-A): This visa is for individuals who intend to engage in academic activities, such as teaching, research, or consulting at universities, research institutes, or other educational institutions in Japan. To apply for this visa, you must have a job offer from a Japanese educational institution or research organization, and you must demonstrate that you possess the necessary qualifications and experience to perform the academic activities you intend to undertake.\n\n2. SpA Visa for Research Activities (SpA-R): This visa is for individuals who intend to engage in research activities in Japan. To apply for this visa, you must have a job offer from a Japanese research institution or organization, and you must demonstrate that you possess the necessary qualifications and experience to perform the research activities you intend to undertake.\n\nIn addition to the SpA Visa, you may also need to obtain a Certificate of Eligibility (COE) from the Immigration Services Agency (ISA) of Japan. The COE is a document that confirms your eligibility to enter Japan and work under the specific visa category you have applied for.\n\nIt is essential to note that the visa application process can be complex and time-consuming, and it is recommended to seek the assistance of a professional immigration consultant or lawyer to help you navigate the process. Furthermore, it is crucial to ensure that you meet all the requirements and provide the necessary documentation to support your visa application.\n\nIn summary, to work as an academic in Japan, you would need to apply for a Specific Activity Visa (SpA Visa), either for academic activities (SpA-A) or research activities (SpA-R), depending on the nature of your work. Additionally, you will need to obtain a Certificate of Eligibility (COE) from the Immigration Services Agency (ISA) of Japan."}], "answer_with_body_base": [{"generated_text": " To work as an academic in Japan, you would typically need to apply for a Type B visa, also known as the \"Specific Activity Visa.\" This visa category is designed for individuals who intend to engage in activities such as teaching, research, or other academic pursuits in Japan.\n\nHere are the steps to apply for a Type B visa:\n\n1. Secure a job offer: Before applying for a visa, you must have a job offer from a Japanese educational institution, such as a university, research institute, or private educational organization.\n\n2. Obtain a Certificate of Eligibility (COE): The Japanese embassy or consulate in your home country will issue a COE, which is a document that confirms your eligibility to work in Japan. Your employer will need to apply for the COE on your behalf.\n\n3. Apply for the visa: Once you have the COE, you can apply for the Type B visa at the Japanese embassy or consulate in your home country. You will need to provide the following documents:\n\n   a. Passport and visa application form\n   b. COE\n   c. Job offer letter from the Japanese educational institution\n   d. Resume and academic credentials\n   e. Proof of Japanese language proficiency (if required)\n   f. Proof of health insurance\n   g. Passport-sized photographs\n\n4. Pay the visa application fee: The fee for a Type B visa varies depending on your nationality and the processing time you choose.\n\n5. Attend the visa interview: You will need to attend an interview at the Japanese embassy or consulate to discuss your application and answer any questions.\n\n6. Wait for visa approval: Once your application is approved, you will receive your Type B visa, which will allow you to work in Japan for the duration of your employment contract.\n\nRemember that the Type B visa is valid for the duration of your employment contract, and you may need to renew it if you wish to stay in Japan beyond the expiration date. Additionally, it's essential to comply with the regulations and requirements set by the Japanese government while working in the country."}]}