{"Unnamed: 0": 5724597, "id": "outdoors_10426", "Title": "Is a portable jump starter dangerous?", "Body": "Like many campers, I bought a portable jump starter, which contains liquids and gases. In what situation does it get dangerous? Can I simply carry this portable charger along with all my camping gear such as butane gases and stove? Can it be stored under hot/cold weather?", "top5_tags": "ipad, macos, macbook-pro, windows, safety", "answer_with_body_context": [{"generated_text": " Title: Is a Portable Jump Starter Dangerous?\n\nBody:\n\nPortable jump starters are generally safe to use when handled correctly, but there are certain situations where they can pose risks. Here are some key points to consider:\n\n1. Liquids and gases: Portable jump starters contain a small amount of flammable liquids and gases, which can be dangerous if mishandled. However, the quantities are minimal and unlikely to cause harm under normal circumstances.\n\n2. Dangerous situations: The primary risk associated with portable jump starters arises when they are used near open flames or high-temperature environments. For example, using a jump starter near a campfire or a gas stove can potentially cause a fire or explosion.\n\n3. Carrying with camping gear: It is generally safe to carry a portable jump starter along with your camping gear, including butane gas and a stove. However, it is essential to store and use these items responsibly and follow the manufacturer's guidelines.\n\n4. Storage under extreme weather conditions: Portable jump starters should be stored in a cool, dry place, away from direct sunlight and extreme temperatures. Exposure to hot or cold weather can affect the battery's performance and lifespan.\n\nTo ensure safety while using a portable jump starter, follow these precautions:\n\n- Always read and follow the manufacturer's instructions.\n- Keep the jump starter away from open flames, sparks, and high-temperature environments.\n- Store the jump starter in a cool, dry place, away from direct sunlight and extreme temperatures.\n- Do not expose the jump starter to water or other liquids.\n- Use the jump starter only when necessary and avoid overcharging the battery.\n\nIn conclusion, portable jump starters are generally safe to use when handled correctly. However, it is crucial to be aware of the potential risks and follow the manufacturer's guidelines to ensure safe usage."}], "answer_with_body_base": [{"generated_text": " Title: Is a Portable Jump Starter Dangerous?\n\nBody:\n\nPortable jump starters are generally safe to use when handled correctly, but there are certain situations where they can pose risks. Here are some key points to consider:\n\n1. Liquids and gases: Portable jump starters contain a small amount of flammable liquids and gases, such as hydrogen peroxide and oxygen, which are used to power the device. However, the quantities are minimal and pose little risk when used as intended.\n\n2. Dangerous situations: The primary danger associated with portable jump starters arises when they are misused or mishandled. For example, if the device is dropped or damaged, it could potentially leak or rupture, releasing the contained gases. This could lead to a fire or explosion if the gases come into contact with an ignition source.\n\n3. Carrying with camping gear: It is generally safe to carry a portable jump starter along with your camping gear, including butane gas and a stove. However, it is essential to store the jump starter in a safe, dry, and well-ventilated place, away from any potential sources of ignition.\n\n4. Storage under extreme weather conditions: Portable jump starters should be stored in a cool, dry place, away from direct sunlight and extreme temperatures. Exposure to hot or cold weather can affect the device's performance and lifespan. It is recommended to store the jump starter in a temperature-controlled environment, such as a garage or storage room.\n\n5. Safety precautions: To minimize the risk of accidents, follow these safety precautions when using a portable jump starter:\n\n   a. Read and follow the manufacturer's instructions carefully.\n   b. Inspect the device regularly for any signs of damage or wear.\n   c. Keep the jump starter away from flammable materials and sources of ignition.\n   d. Do not use the device near open flames or sparks.\n   e. Ensure the device is fully charged before use.\n   f. Disconnect the jump starter from the vehicle's battery before attempting to jump-start another vehicle.\n\nIn conclusion, portable jump starters are generally safe to use when handled correctly. However, it is essential to follow the manufacturer's instructions and take necessary precautions to minimize the risk of accidents. Proper storage and handling can help ensure the safety of both the device and its users."}]}