{"Unnamed: 0": 1446828, "id": "islam_45054", "Title": "What are \"divining arrows\" in Qur'an 5:3 and Qur'an 5:90?", "Body": "The Qur'an contains the following:... and [prohibited is] that you seek decision through divining arrows** ... -- Qur'an 5:3O you who have believed, indeed, intoxicants, gambling, [sacrificing on] stone alters [to other than Allah ], and divining arrows are but defilement from the work of Satan, so avoid it that you may be successful. -- Qur'an 5:90I'm curious as to precisely what \"divining arrows\" is referring to.Question: What are \"divining arrows\" in Qur'an 5:3 and Qur'an 5:90?Google suggests it's some kind of magic, fortune telling, or witchcraft.  This post gives an example of someone throwing arrows into the air, and where they land resulting in a decision being made.But I'm still not sure what this \"divining arrows\" is about.", "top5_tags": "women, tafseer, nikah, hadith, quran", "answer_with_body_context": [{"generated_text": " Divining arrows, as mentioned in the Qur'an 5:3 and 5:90, refer to a form of divination or fortune-telling practice that was prevalent in pre-Islamic Arabia. This practice involved the use of arrows, often inscribed with symbols or markings, which were thrown into the air, and the outcome of their landing was interpreted to predict future events or make decisions.\n\nIn the context of the Qur'an, divining arrows are considered a form of superstition and are condemned as a defilement of the work of Satan. The Qur'an explicitly prohibits the use of divining arrows, along with other practices such as intoxicants, gambling, and sacrificing on stone alters, as they are seen as distractions from the worship of Allah and a means to lead people astray.\n\nThe Qur'anic verses 5:3 and 5:90 emphasize the importance of relying on Allah and seeking guidance through prayer, reflection, and the teachings of the Qur'an, rather than resorting to divination practices. The prohibition of divining arrows is meant to encourage Muslims to trust in the wisdom and guidance of Allah, and to avoid engaging in practices that are based on superstition and false beliefs.\n\nIn summary, \"divining arrows\" in the Qur'an refers to a form of divination or fortune-telling practice that was prevalent in pre-Islamic Arabia. The Qur'an condemns this practice as a defilement of the work of Satan and encourages Muslims to rely on Allah and the teachings of the Qur'an for guidance and decision-making."}], "answer_with_body_base": [{"generated_text": " Divining arrows, as mentioned in the Qur'an 5:3 and 5:90, refer to a form of divination or fortune-telling practice that was prevalent in pre-Islamic Arabia. This practice involved the use of arrows, often inscribed with symbols or markings, which were thrown or cast to predict future events, outcomes, or decisions. The belief was that the arrows would land in a specific manner or location, providing guidance or insight into the future.\n\nThe Qur'an condemns this practice as a form of \"defilement from the work of Satan\" (Qur'an 5:90), as it is considered a form of superstition and reliance on unseen forces rather than relying on Allah's guidance and wisdom. The Qur'anic verses emphasize that seeking guidance through divining arrows is prohibited for those who have faith in Allah, as it is seen as a deviation from the monotheistic belief in one God and a reliance on falsehoods.\n\nIn summary, \"divining arrows\" in the Qur'an refers to a form of divination or fortune-telling practice that was prevalent in pre-Islamic Arabia. The Qur'an condemns this practice as a form of superstition and a deviation from the monotheistic belief in Allah."}]}