{"Unnamed: 0": 160694, "id": "christianity_12003", "Title": "What does INRI stand for?", "Body": "On the crucifix there is sometimes a plate above Jesus' head that has the letters INRI. What does INRI mean or stand for? Why is it there?", "top5_tags": "destiny, whitewater-rafting, hiking, trees, camping", "answer_with_body_context": [{"generated_text": " Title: The Significance of INRI on the Crucifix\n\nBody: INRI is an acronym that stands for \"Iesus Nazarenus, Rex Iudaeorum,\" which is Latin for \"Jesus of Nazareth, King of the Jews.\" This inscription is prominently displayed on the crucifix above Jesus' head, serving as a historical and theological reference.\n\nThe presence of INRI on the crucifix is rooted in the events leading up to Jesus' crucifixion. According to the New Testament, Pontius Pilate, the Roman governor of Judea, ordered the inscription to be placed on the cross as a means of identifying Jesus as the one who claimed to be the \"King of the Jews.\" This title was seen as a direct challenge to Roman authority, as it implied that Jesus held supreme power over the Roman Empire.\n\nThe inscription of INRI on the crucifix serves several purposes within Christianity:\n\n1. Historical reference: The acronym provides a connection to the historical context of Jesus' crucifixion, reminding Christians of the events that led to his death and resurrection.\n\n2. Theological significance: The inscription emphasizes the central Christian belief that Jesus is the King of the Jews, a title that signifies his divine authority and salvific role in humanity's redemption.\n\n3. Symbol of sacrifice: The presence of INRI on the crucifix symbolizes the ultimate sacrifice that Jesus made for the sins of humanity. By bearing the title \"King of the Jews,\" Jesus willingly accepted his crucifixion, demonstrating his love and commitment to humanity.\n\n4. Reminder of the fulfillment of prophecy: The inscription serves as a reminder that Jesus fulfilled the prophecies of the Old Testament, particularly those found in the book of Isaiah, which spoke of a suffering servant who would bear the sins of the people.\n\nIn summary, INRI stands for \"Jesus of Nazareth, King of the Jews,\" and its presence on the crucifix serves as a historical, theological, and symbolic reference to the events surrounding Jesus' crucifixion and his role as the Savior of humanity."}], "answer_with_body_base": [{"generated_text": " INRI stands for the Latin phrase \"Iesus Nazarenus, Rex Iudaeorum,\" which translates to \"Jesus of Nazareth, King of the Jews\" in English. This inscription is traditionally placed above the head of Jesus on Christian crucifixes and is a reference to the Roman charges against him, as recorded in the New Testament of the Bible.\n\nThe presence of the INRI inscription on the crucifix is meant to symbolize the accusation that Jesus was a political rebel and a threat to Roman rule. According to the Gospel of Matthew (27:37), Pontius Pilate, the Roman governor of Judea, nailed the inscription to the cross as a reminder to the people that Jesus was executed for claiming to be the King of the Jews.\n\nThe use of the Latin language for the inscription is significant, as Latin was the official language of the Roman Empire. By using Latin, the inscription emphasizes the Roman authority and the perceived threat that Jesus posed to the Roman Empire.\n\nIn summary, the INRI inscription on the crucifix represents the Roman charges against Jesus, serving as a reminder of his execution and the political implications of his claim to be the King of the Jews."}]}