{"Unnamed: 0": 1467671, "id": "movies_100882", "Title": "Is \"Masterpieces of the British Museum\" cancelled?", "Body": "From the BBC Four, I can see that the last episode of Masterpieces of the British Museum was aired in 2009. In the \"Next episode\" it says \"Coming soon\".IMDb has the ending year void yet, like it is still ongoing. However, we are ten years  after the 4th episode.Are the rest two episodes going to be aired, or is it cancelled?", "top5_tags": "usa, san-francisco, california, europe, air-travel", "answer_with_body_context": [{"generated_text": " As of now, there is no official announcement from the BBC or the production team regarding the cancellation of the \"Masterpieces of the British Museum\" series. The last episode aired in 2009, and IMDb still lists the series as ongoing, despite the \"Next episode\" section stating \"Coming soon.\"\n\nHowever, it's essential to note that the series has been on hiatus for a decade, and there is no information available about the future of the show. It's possible that the series may be revived or concluded in the future, but until an official announcement is made, we can only speculate.\n\nIn the meantime, fans of the show can still enjoy the existing episodes and explore the British Museum's collection through other resources, such as the museum's website and other documentaries."}], "answer_with_body_base": [{"generated_text": " Based on the information provided, it appears that the \"Masterpieces of the British Museum\" series on BBC Four concluded with its last episode in 2009. The \"Next episode\" section on BBC Four stating \"Coming soon\" could be a placeholder or a misleading statement, as the series has not been updated since then.\n\nThe IMDb listing for the series does not have an ending year, which could indicate that the series is still ongoing, but this is not the case. Given that it has been ten years since the last episode aired, it is unlikely that the remaining two episodes will be aired.\n\nHowever, it is essential to verify this information directly with the BBC or the show's producers, as there may be updates or changes to the series' status that are not publicly available. As of now, there is no official announcement or confirmation regarding the cancellation or continuation of the \"Masterpieces of the British Museum\" series."}]}