{"Unnamed: 0": 171277, "id": "diy_120432", "Title": "Found an old tool - What is it?", "Body": "I found this with a bunch of other old tools. This is the only one I can't figure out what it is. I wonder if it's a home made tool for some unique purpose. Or maybe it was just for made for fun out of random available parts. Or was this something mass produced in the 1800s? I'm curious. The two black bulb handles rotate and the metal piece on the bottom also rotates. Kind of looks like a door handle. Also looks like it could be a spool of some sort. Any ideas?", "top5_tags": "plumbing, sprinkler-system, irrigation, tools, water", "answer_with_body_context": [{"generated_text": " Title: Identifying an Unknown Old Tool\n\nBody:\n\nIdentifying an old, unfamiliar tool can be an exciting challenge, especially when it's part of a collection of vintage items. Based on your description, it seems like you've found a unique tool with rotating handles and a bottom piece that could potentially function as a spool. Here are some possible interpretations and steps you can take to identify it:\n\n1. Research: Start by researching the era in which the tool was likely produced. If it was made in the 1800s, it could have been mass-produced or handcrafted. Look for images and descriptions of tools from that time period to get a better idea of what similar tools might have looked like.\n\n2. Examine the design: The rotating handles and spool-like bottom piece suggest that the tool may have been used for some form of rotation or movement. This could indicate that it was designed for a specific purpose, such as a mechanical device or a household item.\n\n3. Consult online forums and communities: There are many online communities dedicated to vintage tools and DIY projects. Posting a clear, detailed picture of the tool on these forums can help you connect with experts and enthusiasts who may be able to identify it.\n\n4. Reach out to local museums or antique shops: Some museums or antique shops may have experts who can help you identify the tool. They may also be able to provide information on the tool's history and potential uses.\n\n5. Consider the possibility of a DIY project: If the tool doesn't have a clear purpose, it could have been a home-made tool for a unique or creative project. You could try repurposing the tool for a DIY project or using it as inspiration for a new invention.\n\n6. Analyze the materials: The materials used in the tool's construction can provide clues about its age and purpose. For example, if the tool is made of brass or iron, it may have been produced during the 1800s.\n\nIn conclusion, the tool you found could have been a mass-produced item from the 1800s, a handcrafted tool for a unique purpose, or even a fun DIY project. By researching, consulting experts, and examining the tool's design and materials, you can hopefully uncover its true identity and purpose."}], "answer_with_body_base": [{"generated_text": " Based on your description, the tool you found seems to have characteristics that could potentially align with a few different types of tools. However, given the unique features you've mentioned, such as the rotating black bulb handles and the rotating metal piece at the bottom, it might not be a common tool from the 1800s. Here are a few possibilities:\n\n1. A rotary spindle tool: The rotating metal piece at the bottom and the handles could be indicative of a rotary spindle tool, which is used for various purposes like woodworking, metalworking, or even textile production. These tools were more commonly used in the 19th century, but they might not have been mass-produced.\n\n2. A hand-cranked spool or reel: The rotating handles and the metal piece at the bottom could be part of a hand-cranked spool or reel, which was used for winding and unwinding thread, yarn, or other materials. These tools were often made by hand and could have been used for various purposes, such as sewing, weaving, or even as a toy.\n\n3. A novelty or toy: Given the possibility that the tool was made for fun or as a unique item, it could be a novelty or toy from the 1800s. These types of items were often made from random available parts and could have been designed to resemble everyday objects, like a door handle.\n\nTo further identify the tool, you could try the following steps:\n\n1. Research: Look for similar tools online or in antique tool catalogs. You might find a match or at least get a better idea of the tool's purpose.\n\n2. Consult experts: Reach out to local antique dealers, museums, or historical societies. They might be able to provide more information or even help you identify the tool.\n\n3. Examine the tool closely: Look for any markings, engravings, or unique features that could help you identify the tool's purpose or origin.\n\n4. Consider the context: Think about where you found the tool and any other items in the collection. This might provide clues about the tool's purpose or origin.\n\nRemember that the tool's age and purpose might not be easily determined, especially if it was a unique or handmade item. However, by following these steps, you might be able to gain a better understanding of the tool's history and purpose."}]}