{"Unnamed: 0": 1432226, "id": "gardening_24226", "Title": "What is this small red fruit with a passion fruit like pulp inside?", "Body": "Can anyone identify this fruit?  Its ripening now, which is early autumn here in New Zealand.", "top5_tags": "brazilian-jiu-jitsu, equipment, gi, uniform, history", "answer_with_body_context": [{"generated_text": " The fruit you're describing sounds like a Kiwano, also known as Horned Melon or Hydnora Hirsuta. However, it's worth noting that the Kiwano is not typically red but rather has a greenish-yellow skin with a spiky exterior. The fruit you're referring to might be a passionfruit, which is indeed small, red, and has a passion fruit-like pulp inside.\n\nPassionfruit (Passiflora edulis) is a vine-like plant native to South America but is now cultivated in many parts of the world, including New Zealand. The fruit is small, round, and has a tough outer rind that is usually purple or dark green when unripe. Inside, it contains a juicy, gelatinous pulp that is rich in flavor and nutrients, with a unique combination of sweet and tart flavors.\n\nTo grow passionfruit in New Zealand, you'll need to choose a suitable variety that can thrive in your local climate. Passionfruit vines require a warm, frost-free environment and plenty of sunlight. They can be grown as a perennial in subtropical regions or as an annual in cooler climates.\n\nHere are some steps to grow passionfruit in New Zealand:\n\n1. Choose a suitable variety: Select a passionfruit variety that is well-suited to your local climate and growing conditions. Some popular varieties for New Zealand include 'Sunrise', 'Sunkiwi', and 'Sunkiwi Gold'.\n\n2. Prepare the soil: Passionfruit vines prefer well-draining, fertile soil with a pH between 5.5 and 6.5. Amend the soil with organic matter, such as compost or well-rotted manure, to improve its fertility and drainage.\n\n3. Plant the vine: Passionfruit vines can be grown from seeds or as young plants. If planting from seeds, sow them in a seed tray indoors in early spring, and transplant the seedlings outdoors once the risk of frost has passed. If planting a young plant, choose a sunny location with well-draining soil and space the plants 3-4 meters apart.\n\n4. Support the vine: Passionfruit vines need a strong support structure, such as a trellis or fence, to grow on. Train the vine to climb the support and prune it regularly to maintain its shape and encourage fruit production.\n\n5. Water and fertilize: Passionfruit vines require regular watering, especially during dry periods. Apply a balanced, slow-release fertilizer in early spring and again in late summer to promote healthy growth and fruit production.\n\n6. Harvest the fruit: Passionfruit fruits are ready to harvest when they turn a deep purple or dark green color. Gently twist the fruit from the vine and enjoy the juicy, flavorful pulp inside.\n\nRemember, passionfruit vines can take several years to produce fruit, so be patient and enjoy the process of growing and caring for your plants."}], "answer_with_body_base": [{"generated_text": " The fruit you are describing sounds like a Kiwano, also known as Horned Melon or Hydnora Hirsuta. However, the pulp inside is not similar to passion fruit. The Kiwano has a unique, spiky exterior and its pulp is more akin to a blend of cucumber and lime, with a slightly sweet and tangy flavor. It's a popular fruit in Africa, particularly in South Africa, but it's not native to New Zealand.\n\nIf you're still unsure, another possibility could be a Dragon Fruit (Hylocereus undatus). It has a similar appearance with a vibrant red skin and a sweet, creamy pulp inside. However, the Dragon Fruit's pulp is more akin to a blend of pear and kiwi, rather than passion fruit.\n\nGiven the description and the fact that it's early autumn in New Zealand, it's possible that the fruit you're referring to might be a local variety or a lesser-known fruit. It would be helpful to provide more details or a photo to better identify the fruit."}]}