{"Unnamed: 0": 8038095, "id": "sports_3421", "Title": "Formula 1 Free practice without a super licence", "Body": "Formula One drivers must have an FIA Super Licence, but what about (young) drivers who take part only in free practice sessions? Are they allowed to drive without the license?", "top5_tags": "germany, automobiles, legal, driving, regulations", "answer_with_body_context": [{"generated_text": " In Formula 1, all drivers participating in any official sessions, including free practice, are required to hold an FIA Super Licence. This requirement applies to all drivers, regardless of their experience level or the specific session they are participating in. The Super Licence is a comprehensive certification that ensures drivers meet the necessary standards in terms of skill, knowledge, and safety.\n\nWhile it is true that young drivers may not yet have obtained their Super Licence, they are not permitted to participate in any official Formula 1 sessions, including free practice, without it. However, there are alternative ways for young drivers to gain experience and exposure to the sport.\n\nOne such opportunity is the FIA Formula 3 Championship, which serves as a stepping stone for young drivers aspiring to reach Formula 1. In this championship, drivers must hold a valid Super Licence to compete. By participating in this championship, young drivers can develop their skills and gain valuable experience, which may eventually help them obtain their Super Licence and eventually participate in official Formula 1 sessions.\n\nIn summary, Formula 1 drivers, regardless of their age, must hold an FIA Super Licence to participate in any official sessions, including free practice. While young drivers may not yet have their Super Licence, they can still gain experience through other competitions like the FIA Formula 3 Championship, which will help them eventually qualify for official Formula 1 sessions."}], "answer_with_body_base": [{"generated_text": " According to the regulations set by the F\u00e9d\u00e9ration Internationale de l'Automobile (FIA), all Formula One drivers participating in any official race or practice session must hold an FIA Super Licence. However, for young drivers who are not yet eligible to obtain a Super Licence, they can participate in free practice sessions under certain conditions.\n\nThese young drivers must be part of a Formula One team and must be accompanied by a qualified and experienced driver who holds a valid Super Licence. The team must also provide a comprehensive safety plan, which includes the presence of a medical team and other safety measures, to ensure the well-being of the young driver during the practice session.\n\nIn summary, while young drivers cannot participate in official Formula One races without a Super Licence, they can take part in free practice sessions if they are accompanied by a licensed driver and the team adheres to the necessary safety requirements."}]}