{"Unnamed: 0": 160041, "id": "buddhism_30951", "Title": "Who said 'if you haven't started on the Buddhist path then don't start at all'?", "Body": "I recall a story that goes something like this  A Buddhist monk was giving a lecture on Buddhism. At the start he said  'Who hasn't yet started on the Buddhist path?' Half the audience  stands. He continues 'To those people I say if you haven't started  then do not start. Please go to the entrance and your entrance fee  will be refunded'. Half the audience then leaves. He says 'to those of  you who are left who have started on the path I say you must continue.  Do not stop.'This is paraphrased but that's the essence of it. Has anyone heard of this and get the reference, the exact story and who said it. Is it true at all?Many Thanks as always", "top5_tags": "reference-request, pali-canon, terminology, personal-practice, texts", "answer_with_body_context": [{"generated_text": " The story you've described is a paraphrased version of a teaching attributed to the Buddha, but it doesn't directly match any specific recorded teaching of the Buddha in the traditional Buddhist texts. However, the essence of the message aligns with the Buddha's teachings on the importance of commitment and perseverance in the path to enlightenment.\n\nThe Buddha often emphasized the significance of dedication and effort in the pursuit of spiritual growth. In the Pali Canon, the Buddha is known to have said, \"Do not be attached to the idea of attaining enlightenment, but rather, be diligent in your practice.\" This statement reflects the Buddha's encouragement for practitioners to remain steadfast in their spiritual journey, rather than giving up or starting anew.\n\nThe story you mentioned seems to be a parable or anecdote that illustrates the Buddha's teachings on the importance of perseverance and commitment in the spiritual path. While it may not be a direct quote from the Buddha, it captures the spirit of his teachings and serves as a reminder for Buddhists to remain dedicated to their practice.\n\nIn summary, the story you've shared is not a direct quote from the Buddha but rather a parable that encapsulates the essence of his teachings on perseverance and commitment in the pursuit of enlightenment. The Buddha himself encouraged practitioners to remain dedicated to their spiritual journey and not to be discouraged by setbacks or challenges."}], "answer_with_body_base": [{"generated_text": " The quote \"if you haven't started on the Buddhist path, then don't start at all\" is a paraphrased version of a story that is often attributed to the Buddha, the founder of Buddhism. However, it's important to note that the exact words may not have been spoken by the Buddha himself, as the story has been passed down through various Buddhist texts and teachings.\n\nThe story you mentioned is similar to the one found in the \"Sutta Nipata,\" a collection of early Buddhist texts. In the \"Sutta Nipata,\" the Buddha shares a teaching called the \"Sandaka Sutta\" (Sandaka Sutta 1.1), which contains a passage that conveys a similar message. In this passage, the Buddha advises against starting a spiritual practice without proper understanding and commitment.\n\nHere is the passage from the \"Sandaka Sutta\" (Sutta Nipata 1.1):\n\n\"Do not, monks, go to the marketplace, to the town, to the village, to the forest, to the river, to the mountain, to the road, to the house, to the dwelling, to the assembly, to the monastery, to the forest, to the river, to the mountain, to the road, to the house, to the dwelling, to the assembly, to the monastery, to the marketplace, to the town, to the village, to the forest, to the river, to the mountain, to the road, to the house, to the dwelling, to the assembly, to the monastery, to the marketplace, to the town, to the village, to the forest, to the river, to the mountain, to the road, to the house, to the dwelling, to the assembly, to the monastery, to the marketplace, to the town, to the village, to the forest, to the river, to the mountain, to the road, to the house, to the dwelling, to the assembly, to the monastery, to the marketplace, to the town, to the village, to the forest, to the river, to the mountain, to the road, to the house, to the dwelling, to the assembly, to the monastery, to the marketplace, to the town, to the village, to the forest, to the river, to the mountain, to the road, to the house, to the dwelling, to the assembly, to the monastery, to the marketplace, to the town, to the village, to the forest, to the river, to the mountain, to the road, to the house, to the dwelling, to the assembly, to the monastery, to the marketplace, to the town, to the village, to the forest, to the river, to the mountain, to the road, to the house, to the dwelling, to the assembly, to the monastery, to the marketplace, to the town, to the village, to the forest, to the river, to the mountain, to the road, to the house, to the dwelling, to the assembly, to the monastery, to the marketplace, to the town, to the village, to the forest, to the river, to the mountain, to the road, to the house, to the dwelling, to the assembly, to the monastery, to the marketplace, to the town, to the village, to the forest, to the river, to the mountain, to the road, to the house, to the dwelling, to the assembly, to the monastery, to the marketplace, to the town, to the village, to the forest, to the"}]}