{"Unnamed: 0": 8879, "id": "apple_10017", "Title": "How do I format a disk partition from the command line on OS X?", "Body": "How do I format a disk partition from the command line on Mac OS X?In case someone wonders why: because for some people Disk Utility fails.", "top5_tags": "macos, command-line, software-recommendation, iphone, ios", "answer_with_body_context": [{"generated_text": " Title: Formatting a Disk Partition on Apple Devices Using Command Line\n\nBody:\n\nFormatting a disk partition on Apple devices, including Mac OS X, can be efficiently accomplished using the command line interface. This method is particularly useful when Disk Utility fails to perform the task. Here's a step-by-step guide on how to format a disk partition from the command line on Mac OS X:\n\n1. Open Terminal:\n\n   - You can find Terminal in the Utilities folder within your Applications folder. Alternatively, you can use Spotlight search (Command + Space) and type \"Terminal\" to open it.\n\n2. Identify the disk partition:\n\n   - To identify the disk partitions on your Mac, use the `diskutil list` command. This will display a list of all available disk partitions.\n\n   Example:\n   ```\n   diskutil list\n   ```\n\n3. Select the disk partition to format:\n\n   - Once you have identified the disk partition you want to format, note its identifier (e.g., disk0s2).\n\n4. Format the disk partition:\n\n   - To format the disk partition, use the `diskutil eraseDisk` command followed by the desired format (e.g., APFS or Mac OS Extended) and a name for the partition.\n\n   Example:\n   ```\n   diskutil eraseDisk APFS MyNewDisk /\n   ```\n\n   - Replace \"MyNewDisk\" with the desired name for the formatted partition.\n\n5. (Optional) Format the disk partition with a specific file system:\n\n   - If you want to format the disk partition with a specific file system (e.g., HFS+, exFAT), use the `diskutil eraseVolume` command instead.\n\n   Example:\n   ```\n   diskutil eraseVolume HFS+ MyNewDisk /\n   ```\n\n   - Replace \"MyNewDisk\" with the desired name for the formatted partition.\n\n6. Confirm the operation:\n\n   - After executing the command, the disk partition will be formatted with the specified file system.\n\nRemember to back up any important data on the disk partition before formatting it, as this process will erase all data on the partition."}], "answer_with_body_base": [{"generated_text": " To format a disk partition from the command line on macOS (OS X), you can use the `diskutil` command-line utility. This tool provides a powerful interface for managing disks and volumes. Here's a step-by-step guide on how to format a disk partition using `diskutil`:\n\n1. Open Terminal:\n\n   - You can find Terminal in the Utilities folder within your Applications folder, or you can search for it using Spotlight (Command + Spacebar, then type \"Terminal\").\n\n2. Identify the disk partition you want to format:\n\n   - To list all available disks and partitions, use the following command:\n\n     ```\n     diskutil list\n     ```\n\n   - This will display a list of all disks and partitions on your system. Identify the disk and partition you want to format by their identifiers (e.g., disk0s2).\n\n3. Format the disk partition:\n\n   - To format a disk partition, use the following command, replacing `diskXsY` with the appropriate disk and partition identifiers:\n\n     ```\n     diskutil eraseDisk JHFS+ \"MyDisk\" diskXsY\n     ```\n\n   - In this example, \"MyDisk\" is the name you want to give to the formatted disk partition, and `JHFS+` is the file system format. You can choose other formats like APFS (Apple File System) or exFAT, depending on your needs.\n\n   - If you want to format a partition without erasing its contents (e.g., to create a new partition within an existing partition), use the following command:\n\n     ```\n     diskutil eraseVolume JHFS+ \"MyVolume\" diskXsY\n     ```\n\n   - Replace `diskXsY` with the appropriate disk and partition identifiers, and \"MyVolume\" with the desired name for the new volume.\n\n4. Confirm the operation:\n\n   - After executing the command, `diskutil` will display a message confirming the operation. If the operation was successful, you'll see a message like \"Volume MyDisk was erased.\"\n\n   - If you're formatting a partition within an existing partition, you'll see a message like \"Volume MyVolume was erased.\"\n\nRemember to replace `diskXsY` and the volume names with the appropriate identifiers and names for your disk partition. Be cautious when formatting disk partitions, as this operation will erase all data on the target partition. Always ensure you have a backup of any important data before proceeding."}]}