{"Unnamed: 0": 5725507, "id": "outdoors_18474", "Title": "What is the minimum amount of water per day to survive?", "Body": "I am disabled in the wildness, there are no natural water sources available.  I have 2 gallons (7.5 liters) of water.  The only practical solution is to sit and wait for rescue. I will be resting in the shade. How much water should I drink each day to survive as long as possible?I have a memory from school that the kidney is obligated to produce 500ML of urine each day.  That would seem to be lowest possible consumption.I found a variety of amounts during an internet search.    With the possibility of urine output dropping to 500 ml, the minimum could be just over 1 liter a day or for the sake of making it easy to understand, this would be just over 32 ounces a day for a 154 lb manSource  A normally active person needs about three quarters of a gallon of fluid daily, from water and other beverages. Source(ready.gov)  Absolute Minimum Requirements...for replacement purposes, for an \"average\" person, has been estimated to be approximately 3 liters (3.2 quarts) per day, given average temperate climate conditions.Source  one gallon of water per person, per day Source (FEMA)  a minimum of 7.5 litres per capita per day will meet the requirements of most people under most conditions. This water needs to be of a quality that represents a tolerable level of risk. However, in an emergency situation, a minimum of 15 litres is required Source (WHO) With daily consumption of 500ML (~ 1/2 quart) the water would last 2 weeks, but would I survive?  A 7.5 liters (~2 gallons) the water would last a single day and I would die in about 3 days. How much water should I ration myself each day? ", "top5_tags": "rabbits, health, safety, cats, canoes", "answer_with_body_context": [{"generated_text": " In the context of surviving in the wilderness with limited water resources, it's crucial to understand that the minimum amount of water required to survive can vary based on factors such as temperature, physical activity, and individual health conditions. However, as a general guideline, the World Health Organization (WHO) suggests a minimum of 15 liters (approximately 4 gallons) per person per day to meet the requirements of most people under most conditions.\n\nGiven your situation with only 2 gallons (7.5 liters) of water and no natural water sources available, it's essential to ration your water supply carefully to maximize your chances of survival. While the kidney's daily urine output of 500 ml (0.5 liters) is a factor to consider, it's essential to account for other bodily functions and potential dehydration risks.\n\nConsidering your circumstances, it's advisable to aim for a daily water intake of around 1 liter (approximately 32 ounces) per day. This amount should help you maintain hydration and minimize the risk of dehydration, while also extending your water supply as much as possible.\n\nHowever, it's crucial to remember that this is a rough estimate, and individual needs may vary. In an emergency situation, it's essential to conserve water, minimize physical activity, and seek help as soon as possible. Additionally, it's essential to monitor your health and hydration status closely, and if you experience symptoms of dehydration, such as dizziness, fatigue, or confusion, seek medical attention immediately."}], "answer_with_body_base": [{"generated_text": " The minimum amount of water required to survive per day varies depending on factors such as climate, physical activity, and individual health conditions. However, a commonly cited guideline is that an average person needs about 3 liters (3.2 quarts) of water per day under average temperature conditions.\n\nIn your situation, with limited water resources and no access to natural water sources, it's essential to conserve water as much as possible. While the kidneys produce urine, it's not advisable to rely solely on urine output as a measure of water intake.\n\nGiven your 2 gallons (7.5 liters) of water supply, it's crucial to ration it carefully. If you consume 1 liter (approximately 32 ounces) of water per day, your supply would last for 7.5 days. However, this may not be the most optimal approach, as it doesn't account for potential changes in your body's water needs due to factors like temperature, humidity, and physical activity.\n\nA more conservative approach would be to aim for a daily water intake of around 0.5 to 1 liter (16 to 32 ounces) per day. This would allow your supply to last for approximately 15 to 30 days. However, it's essential to monitor your body's response to this rationing and adjust as needed.\n\nIn an emergency situation, it's crucial to seek help and prioritize your safety. While rationing water can help you survive for a longer period, it's essential to remember that the best course of action is to be rescued as soon as possible."}]}