{"Unnamed: 0": 5658314, "id": "musicfans_2802", "Title": "Is this song considered a Bebop Standard?", "Body": "The following song: http://youtu.be/RiF3t1rWBv8Is \"Wrapped Tight\" by Hawkins considered a bebop standard? Is he the first one to record this song? Or was it recorded earlier?", "top5_tags": "jazz, blues, lyrics, funk, identify-this-genre", "answer_with_body_context": [{"generated_text": " \"Wrapped Tight\" by Hawkins, as featured in the YouTube link you provided, is indeed considered a Bebop Standard. Bebop, a style of jazz developed in the 1940s, is characterized by its fast tempo, complex chord progressions, and virtuosic improvisation. Songs that have become Bebop Standards are those that have been widely recorded and performed by numerous artists, often serving as a foundation for improvisation and showcasing the technical prowess of the musicians.\n\n\"Wrapped Tight\" is a composition by the legendary jazz pianist and composer Thelonious Monk. Monk's compositions have become some of the most iconic and frequently performed pieces in the Bebop genre. \"Wrapped Tight\" was first recorded by Monk himself in 1952, as part of his album \"Thelonious Monk Trio.\"\n\nWhile Hawkins' rendition of \"Wrapped Tight\" is a fantastic interpretation, it is not the first recording of the song. Monk's original recording is the one that has cemented the piece as a Bebop Standard. However, the song has been recorded by numerous other artists, including pianists like Bill Evans, Herbie Hancock, and McCoy Tyner, as well as other instrumentalists.\n\nIn conclusion, \"Wrapped Tight\" by Hawkins is considered a Bebop Standard, and Thelonious Monk's original recording is the one that has made the song a staple in the Bebop genre. Hawkins' version is a testament to the song's enduring popularity and the timeless appeal of Monk's compositions."}], "answer_with_body_base": [{"generated_text": " \"Wrapped Tight\" by Charlie Parker, also known as \"Wrapped Tight,\" is indeed considered a Bebop standard. Charlie Parker, a prominent figure in the development of Bebop jazz, recorded this song in 1946. While it may not be as universally recognized as some other Bebop standards like \"Ornithology\" or \"Ko-Ko,\" it is still a significant piece within the Bebop genre.\n\nThe song was not the first to be recorded, as it was preceded by other versions, including one by the bandleader and saxophonist Lucky Thompson in 1945. However, Charlie Parker's version is the most famous and widely recognized, and it has been covered by numerous artists over the years.\n\nIn summary, \"Wrapped Tight\" by Charlie Parker is considered a Bebop standard, and while it was not the first recorded version, Parker's rendition is the most iconic and influential in the genre."}]}