{"Unnamed: 0": 6111, "id": "anime_2738", "Title": "Who is Domo-kun?", "Body": "Who is Domo-kun? Is he an anime character or a manga character? I often see him in anime stores so I wonder if Domo-kun is an anime character or a manga character? ", "top5_tags": "naruto, anime-history, anime-production, tropes, code-geass", "answer_with_body_context": [{"generated_text": " Domo-kun is a popular Japanese character that originated from a manga series created by Takashi Yanase. The manga, titled \"Domo-kun,\" was first published in 1979 and quickly gained popularity in Japan. Domo-kun is a robotic dog with a distinctive appearance, featuring a yellow body, a red bow tie, and a large, friendly smile.\n\nThe character became so popular that it was adapted into an anime television series, which aired from 1980 to 1981. The anime, also called \"Domo-kun,\" featured the same storyline as the manga and introduced the character to a wider audience. The anime series was produced by Nippon Animation and aired on TV Asahi in Japan.\n\nDomo-kun's popularity led to the creation of various merchandise, including plush toys, video games, and other products. You can often find Domo-kun merchandise in anime stores, as well as in other retail outlets.\n\nIn summary, Domo-kun is a manga character created by Takashi Yanase, but he also has an anime adaptation. His popularity has led to a wide range of merchandise, making him a recognizable figure in the world of anime and Japanese pop culture."}], "answer_with_body_base": [{"generated_text": " Domo-kun, also known as Domo, is a Japanese animated mascot character created by the animation studio Pierrot. He first appeared in the 1990 anime television series \"Domo Ki-in,\" which was later adapted into a manga series. Domo-kun is a cute, anthropomorphic robot with a distinctive round head, large eyes, and a friendly demeanor.\n\nDomo-kun is primarily known as an anime character, as he originated from the anime series and has since become a popular mascot in Japan. However, he has also been featured in various manga adaptations, merchandise, and other media.\n\nIn the anime series \"Domo Ki-in,\" Domo is a robot who works as a butler for a wealthy family. He is known for his cheerful personality, hard work, and dedication to his duties. The show follows Domo's adventures as he interacts with the family and their friends, while also learning about life and the world around him.\n\nThe manga adaptations of \"Domo Ki-in\" have been published in various magazines, such as \"Ciao\" and \"Nakayoshi,\" and have helped popularize Domo-kun among manga readers. Additionally, Domo-kun has been featured in other manga series, such as \"Domo-chan,\" which is a spin-off manga focusing on the character's life as a robot.\n\nIn summary, Domo-kun is an anime character who originated from the 1990 anime series \"Domo Ki-in.\" He has since become a popular mascot in Japan and has been featured in various manga adaptations and other media. While he is primarily known as an anime character, his presence in manga and other media has helped him gain a wider audience."}]}