{"Unnamed: 0": 8038665, "id": "sustainability_4326", "Title": "Green social media to connect with nearby people to help reduce carbon footprint", "Body": "I find that it's difficult to associate with other sustainable thinkers, especially with the biggest sustainability challenge of them all - global warming.Is there some really famous green social media network / plug-in that I could use to associate with nearby sustainable/green thinkers?I would really like to make my carbon footprint as small as possible, and nearby people would help.Almost all of the websites in this list found on Google are dead or dying...", "top5_tags": "software-industry, carbon-sequestration, carbon-footprint, colleagues, resume", "answer_with_body_context": [{"generated_text": " Title: Leveraging Green Social Media Platforms for Local Sustainability Collaboration\n\nBody:\n\nThe challenge of global warming and the quest for sustainability are indeed pressing issues that require collective action. While it may seem daunting to connect with like-minded individuals, especially on a global scale, there are several green social media networks and platforms that can help you find and collaborate with nearby sustainable thinkers. Here are some notable options:\n\n1. Nextdoor: Nextdoor is a hyper-local social networking service that connects neighbors in the same community. It allows you to share information, organize events, and discuss local issues, including sustainability. By joining a Nextdoor group, you can connect with nearby residents who are also interested in reducing their carbon footprint and engage in local sustainability initiatives.\n\n2. Sustainable Living Groups on Facebook: Facebook has numerous groups dedicated to sustainable living, eco-friendly practices, and green initiatives. By joining these groups, you can connect with local residents who share your passion for sustainability and collaborate on projects to reduce your carbon footprint.\n\n3. Local Meetup Groups: Meetup.com is a platform that helps people find and join groups based on their interests. You can search for local sustainability-focused groups and attend events, workshops, and discussions to connect with nearby green thinkers.\n\n4. Greenpeace and Sierra Club Social Media: Both Greenpeace and Sierra Club have active social media presences, including Facebook, Twitter, and Instagram. By following these organizations, you can stay updated on their local initiatives and connect with nearby supporters.\n\n5. Local Environmental Nonprofits: Many local environmental nonprofits have their own social media channels, such as Instagram, Facebook, and Twitter. By following these organizations, you can learn about their local projects and connect with nearby residents who are passionate about sustainability.\n\n6. Sustainable Living Apps: There are several mobile apps designed to help you live a more sustainable lifestyle, such as \"My Green Habit\" and \"EcoChic.\" These apps often have social features that allow you to connect with other users and share your progress, making it easier to find and collaborate with nearby sustainable thinkers.\n\n7. Local Sustainability Events: Attend local sustainability events, such as farmers' markets, eco-friendly fairs, and green festivals. These events often have social media pages or online communities where you can connect with like-minded individuals and learn about local sustainability initiatives.\n\nBy utilizing these green social media networks and platforms, you can connect with nearby sustainable thinkers and work together to reduce your carbon footprint. Remember, every small action counts, and by collaborating with your local community, you can make a significant impact on the fight against global warming."}], "answer_with_body_base": [{"generated_text": " Title: Discovering Green Social Networks to Connect with Local Sustainability Advocates\n\nBody:\n\nConnecting with like-minded individuals who are passionate about sustainability and reducing carbon footprints can be a challenging task, particularly when addressing the global issue of climate change. However, there are several green social media networks and plug-ins that can help you connect with nearby sustainable thinkers and make a positive impact on the environment. Here are some popular platforms you can explore:\n\n1. Nextdoor: Nextdoor is a hyper-local social networking platform that allows you to connect with your neighbors and nearby community members. By joining a Nextdoor group, you can share sustainability tips, organize local clean-up events, and collaborate with others to reduce your carbon footprint.\n\n2. Meetup: Meetup is a platform that helps people organize and attend local events, including those focused on sustainability and environmentalism. You can search for local green meetups, workshops, and events to connect with nearby sustainable thinkers and learn more about reducing your carbon footprint.\n\n3. Facebook Groups: Facebook has numerous groups dedicated to sustainability, green living, and environmental activism. Joining these groups can help you connect with local sustainability advocates and share ideas on reducing your carbon footprint.\n\n4. Sustainable Living Facebook Pages: Facebook also has pages dedicated to sustainable living, which can be a great resource for connecting with like-minded individuals. You can follow these pages to stay updated on local events, sustainability tips, and green initiatives.\n\n5. Local Green Initiatives: Many cities and towns have local green initiatives, such as community gardens, recycling programs, and sustainability-focused organizations. Joining these initiatives can help you connect with nearby sustainable thinkers and contribute to reducing your carbon footprint.\n\n6. Green Social Media Plug-ins: There are several green social media plug-ins available for popular platforms like Facebook and Instagram. These plug-ins can help you discover and connect with nearby sustainable thinkers by filtering your feed to show only content related to sustainability and green living. Some popular plug-ins include:\n\n   - Eco-Friendly Filter: This plug-in for Facebook and Instagram helps you discover and connect with sustainable brands, influencers, and local green initiatives.\n   - Greenify: This Instagram plug-in helps you discover and follow eco-friendly accounts, including sustainable brands, influencers, and local green initiatives.\n\nRemember, the key to reducing your carbon footprint is to take action and engage with your local community. By connecting with nearby sustainable thinkers, you can learn from their experiences, share ideas, and work together to make a positive impact on the environment."}]}