{"Unnamed: 0": 1459988, "id": "linguistics_30699", "Title": "Is there a language which uses 'passive voice' more often than 'active' one?", "Body": "Most languages I know of make use of 'active' more than 'passive'. It appears that the passive is derived from the 'canonical' active. Are there any languages that use more passive than active? Or can a language with only the passive form exist without a canonical active? ", "top5_tags": "syntax, passive, minimalism, grammatical-voice, semantics", "answer_with_body_context": [{"generated_text": " In the field of linguistics, the use of passive and active voice varies across different languages. While many languages predominantly employ the active voice, there are indeed languages that utilize the passive voice more frequently than the active voice.\n\nOne example of a language that uses the passive voice more often than the active voice is Japanese. In Japanese, the passive voice is used to express a wide range of meanings, including indirect actions, politeness, and even to emphasize the object of the sentence. The passive voice in Japanese is formed by using the verb \"suru\" (to do) in conjunction with the passive suffix \"-eru\" or \"-reru.\"\n\nAnother example is the Finnish language, which also has a strong preference for the passive voice. Finnish uses the passive voice to convey various nuances, such as the source of an action, the recipient of an action, or even to express politeness. The passive voice in Finnish is formed by using the verb \"olla\" (to be) in conjunction with the past participle of the main verb.\n\nAs for the possibility of a language with only the passive form, it is theoretically possible, but such a language would be highly unusual. The passive voice is typically derived from the active voice, and it is unlikely that a language would evolve without the active voice altogether. However, it is essential to note that the passive voice can still convey meaning and express various nuances, even in the absence of an active voice.\n\nIn conclusion, while most languages tend to use the active voice more frequently, there are languages like Japanese and Finnish that use the passive voice more often. Although a language with only the passive form is theoretically possible, it would be an exceptional case, and the active voice is generally considered a fundamental aspect of language structure."}], "answer_with_body_base": [{"generated_text": " Title: Prevalence of Passive Voice in Different Languages\n\nBody:\n\nThe use of passive and active voice varies across languages, and while many languages tend to favor the active voice, there are indeed languages that utilize the passive voice more frequently. The prevalence of passive voice in a language can be influenced by various factors, including cultural, historical, and linguistic aspects.\n\n1. Romance Languages: Romance languages, such as French, Spanish, and Italian, are known for their extensive use of the passive voice. In these languages, the passive voice is often employed to emphasize the action or the object being acted upon, rather than the subject performing the action. For example, in French, the sentence \"Le g\u00e2teau a \u00e9t\u00e9 mang\u00e9\" (The cake was eaten) is in the passive voice, while the active voice equivalent would be \"Qui a mang\u00e9 le g\u00e2teau?\" (Who ate the cake?).\n\n2. Germanic Languages: German, a Germanic language, also makes frequent use of the passive voice. In German, the passive voice is often used to express actions that are less direct or more abstract. For example, the sentence \"Das Buch wurde gelesen\" (The book was read) is in the passive voice, while the active voice equivalent would be \"Jemand hat das Buch gelesen\" (Someone read the book).\n\n3. Slavic Languages: Slavic languages, such as Russian and Polish, also tend to use the passive voice more often than the active voice. In these languages, the passive voice is used to emphasize the action or the object being acted upon, rather than the subject performing the action. For example, in Russian, the sentence \"\u041a\u043d\u0438\u0433\u0430 \u0431\u044b\u043b\u0430 \u043f\u0440\u043e\u0447\u0438\u0442\u0430\u043d\u0430\" (The book was read) is in the passive voice, while the active voice equivalent would be \"\u041a\u0442\u043e \u043f\u0440\u043e\u0447\u0438\u0442\u0430\u043b \u043a\u043d\u0438\u0433\u0443?\" (Who read the book?).\n\n4. Languages with Limited Active Voice: While most languages have both active and passive voice, there are some languages that have limited or no active voice. For example, some Native American languages, such as Navajo, primarily use the passive voice. In these languages, the passive voice is used to convey information about the action or the object being acted upon, without necessarily specifying the subject.\n\nIn conclusion, while many languages tend to favor the active voice, there are indeed languages that use the passive voice more frequently. The prevalence of passive voice in a language can be influenced by various factors, including cultural, historical, and linguistic aspects. Additionally, some languages may have limited or no active voice, relying solely on the passive voice to convey information about actions and objects."}]}