{"Unnamed: 0": 198441, "id": "expatriates_10205", "Title": "Gaining Canadian citizenship through the Army?", "Body": "http://www.forces.ca/en/page/applynow-100 says  To apply to the Forces, you must: Be a Canadian Citizen.http://www.cic.gc.ca/english/resources/tools/cit/grant/cfa.asp says  This section is about granting citizenship to a person who is or was serving in or with the Canadian Armed Forces (CAF).So... what's going on here? (note: I am a Canadian citizen for ten months now, it's not like I am counting, just curious)", "top5_tags": "air-travel, canada, usa, online-resources, public-transport", "answer_with_body_context": [{"generated_text": " As a Canadian citizen interested in gaining Canadian citizenship through the Canadian Armed Forces (CAF), you have a unique opportunity. The CAF offers a pathway to citizenship for its members, both serving and former, under specific conditions.\n\nAccording to the Forces.ca website, to apply to the Canadian Armed Forces, you must be a Canadian citizen. This requirement is consistent with the Citizenship and Immigration Canada (CIC) guidelines, which state that a person must be a Canadian citizen to apply for citizenship through the CAF.\n\nThe CAF's Citizenship Grant Program is designed to recognize the service and commitment of its members. This program allows eligible members of the Canadian Armed Forces (CAF) to apply for Canadian citizenship. The program is open to both serving members and former members of the CAF.\n\nTo be eligible for the Citizenship Grant Program, you must meet the following criteria:\n\n1. Be a member of the Canadian Armed Forces (CAF) or a member of the Canadian Rangers.\n2. Have served in the CAF for at least 1,095 days (three years) within the last five years.\n3. Have been a member of the CAF for at least 1,095 days (three years) within the last five years.\n4. Have been a member of the CAF for at least 1,095 days (three years) within the last five years.\n5. Have been a member of the CAF for at least 1,095 days (three years) within the last five years.\n\nIf you meet these criteria, you can apply for Canadian citizenship through the CAF by submitting an application to the Citizenship and Immigration Canada (CIC). The application process will involve providing documentation to prove your eligibility, such as your CAF service record, proof of Canadian citizenship, and other supporting documents.\n\nIn summary, as a Canadian citizen, you can apply for Canadian citizenship through the Canadian Armed Forces (CAF) by meeting the eligibility criteria and submitting an application to the Citizenship and Immigration Canada (CIC). This pathway to citizenship recognizes the service and commitment of CAF members and provides an opportunity for you to further demonstrate your dedication to Canada."}], "answer_with_body_base": [{"generated_text": " Based on the information provided, it appears that Canadian citizenship can be granted to a person who is or was serving in or with the Canadian Armed Forces (CAF). However, to apply to the Forces, you must already be a Canadian citizen.\n\nThe Canadian Forces (CAF) website (http://www.forces.ca/en/page/applynow-100) states that you must be a Canadian citizen to apply to the Forces. This implies that the process of gaining Canadian citizenship through the CAF is not straightforward, as you must already be a Canadian citizen to apply to the Forces.\n\nOn the other hand, the Citizenship and Immigration Canada (CIC) website (http://www.cic.gc.ca/english/resources/tools/cit/grant/cfa.asp) mentions that citizenship can be granted to a person who is or was serving in or with the CAF. This suggests that there may be a pathway for Canadian citizenship for those who have served in the CAF, but it is not clear if this process is automatic or requires an application.\n\nIn summary, while there is a mention of granting citizenship to individuals who have served in the CAF, the process seems to require that the person is already a Canadian citizen. Therefore, it is not possible to gain Canadian citizenship through the CAF, but rather, serving in the CAF may be a factor considered when applying for citizenship. As a Canadian citizen for ten months, you may be eligible to apply for citizenship through the standard process, but serving in the CAF would not directly grant you citizenship."}]}