{"Unnamed: 0": 155992, "id": "boardgames_2279", "Title": "Does the cooperative Lord of the Rings game require a decent amount of experience with the books to be playable?", "Body": "I love cooperative games, and Lord of the Rings seems to be fairly high on the list. (I have Pandemic, Forbidden Island, and Shadows over Camelot. I'm considering Space Alert and Space Hulk Death Angel).I love the Lord of the Rings series, but how deep does the game get into the story line? If people who don't really know the Lord of The Rings books (however few of them there may be) can't play it I'll probably go with something else. How will having little familiarity with the books affect the other players' enjoyment?", "top5_tags": "magic-the-gathering, dominion, house-rules, mtg-drafting, diplomacy", "answer_with_body_context": [{"generated_text": " The cooperative Lord of the Rings game, while not strictly necessary to have a deep understanding of the books, does benefit from a certain level of familiarity with the storyline and characters. However, it is designed to be accessible and enjoyable for players who may not be avid readers of the books.\n\nThe game focuses on the central events of the Lord of the Rings trilogy, such as the journey to Mordor, the battles at Helm's Deep, and the final confrontation at Mount Doom. The game's narrative is presented through a series of challenges and encounters that players must overcome together, rather than relying heavily on the intricate details of the books.\n\nFor players with limited knowledge of the Lord of the Rings books, the game still offers an engaging and immersive experience. The game's mechanics and storyline are designed to be self-contained, allowing players to enjoy the game without needing to know every detail of the books.\n\nHowever, having some familiarity with the storyline and characters can enhance the overall enjoyment of the game. Knowing the background and motivations of the characters can help players make more informed decisions during gameplay and contribute to a more cohesive and immersive experience.\n\nIn summary, while a decent amount of experience with the Lord of the Rings books can enhance the gameplay experience, it is not a strict requirement for playing the cooperative Lord of the Rings game. The game is designed to be accessible and enjoyable for players with varying levels of familiarity with the books."}], "answer_with_body_base": [{"generated_text": " The cooperative Lord of the Rings game, like many other cooperative board games, does not require a deep understanding of the books to be playable. However, having some familiarity with the storyline can enhance the overall experience for all players.\n\nThe game is designed to be accessible to both fans of the books and those who are less familiar with the story. The game's mechanics and objectives are based on the events and characters from the Lord of the Rings series, but they are not directly tied to the intricate details of the books. The game focuses on the key elements of the story, such as the Fellowship of the Ring, the battle of Helm's Deep, and the quest to destroy the One Ring.\n\nHaving some knowledge of the storyline can help players better understand the context of the game and the significance of their actions. However, it is not a requirement for playing the game. The game's rules and objectives are clear and easy to follow, so players can enjoy the game without needing to be well-versed in the books.\n\nAs for the other players' enjoyment, having little familiarity with the books should not negatively impact their experience. The game is designed to be engaging and fun for everyone, regardless of their knowledge of the story. The cooperative nature of the game encourages teamwork and communication, which can be enjoyable for players of all backgrounds.\n\nIn conclusion, while having some familiarity with the Lord of the Rings books can enhance the overall experience, it is not a requirement for playing the cooperative Lord of the Rings game. The game is accessible and enjoyable for both fans and non-fans of the books, and having little knowledge of the story should not affect the other players' enjoyment."}]}