{"Unnamed: 0": 7706707, "id": "skeptics_26730", "Title": "Did Alan Turing publish a paper called The Imitation Game (as claimed in the movie)?", "Body": "I have seen a couple of Turing's papers, but never have found one called \"The Imitation Game\". The Imitation Game seems to be a name used by Turing to refer to his test to decide whether an intelligent entity of some sorts is machine or man (a.k.a., the Turing's test). But I haven't found any published paper with that name. So, did Turing ever publish a paper called The Imitation Game?", "top5_tags": "application, air-travel, wifi, biology, sexuality", "answer_with_body_context": [{"generated_text": " From a skeptical standpoint, it's important to critically evaluate claims and cross-reference them with credible sources. Regarding the question of whether Alan Turing published a paper titled \"The Imitation Game,\" the evidence suggests otherwise.\n\nAlan Turing's most famous paper related to the concept of the \"Imitation Game\" is titled \"Computing Machinery and Intelligence,\" which was published in 1950 in the journal Mind. In this paper, Turing introduced the concept of the Turing Test, a method to determine whether a machine can exhibit intelligent behavior indistinguishable from that of a human.\n\nThe title \"The Imitation Game\" appears to be a misinterpretation or a misnomer. Turing referred to the test as an \"imitation game\" in his paper, but he never published a paper with the title \"The Imitation Game.\" The confusion may have arisen due to the popularization of the Turing Test in the 2014 film \"The Imitation Game,\" which is based on the life of Alan Turing and his work during World War II.\n\nIn conclusion, based on the available evidence, it appears that Alan Turing did not publish a paper titled \"The Imitation Game.\" Instead, his seminal paper on the subject is titled \"Computing Machinery and Intelligence,\" where he introduced the Turing Test as a method to evaluate machine intelligence."}], "answer_with_body_base": [{"generated_text": " No, Alan Turing did not publish a paper titled \"The Imitation Game.\" The concept of the Imitation Game, which is now commonly known as the Turing Test, was introduced by Turing in his 1950 paper titled \"Computing Machinery and Intelligence.\" In this paper, Turing proposed the idea of a test to determine whether a machine could exhibit intelligent behavior indistinguishable from that of a human.\n\nThe Turing Test, as described in the paper, involves a human judge engaging in a conversation with both a machine and a human, without knowing which is which. If the judge cannot reliably distinguish between the machine and the human, the machine is said to have passed the test.\n\nThe title \"The Imitation Game\" is a later reference to Turing's test and was popularized by the 2014 film of the same name, which is a fictionalized account of Turing's life and work. The movie's title, however, does not correspond to any actual paper published by Turing."}]}