{"Unnamed: 0": 1444604, "id": "hsm_2687", "Title": "Did Hooke's law come from experiments, or was it mathematically derived from Newtonian mechanics?", "Body": "Was Hooke's law first coming from experiment or from math derivation of which Newtonian mechanical laws are the only prerequisite? Also can the law itself be reinvented in this way, or is it impossible to derive it mathematically from Newton's fundamental laws?I want to know if Hooke's law is an axiom or a theorem, even though it was called a law...", "top5_tags": "united-states, logic, international, mathematics, classical-mechanics", "answer_with_body_context": [{"generated_text": " Title: Origins and Mathematical Derivation of Hooke's Law in the Context of HSM\n\nBody:\n\nHooke's law, a fundamental principle in the field of HSM (Hooke's Law and Mechanics), is a statement about the linear relationship between the force applied to a spring and the resulting displacement. It is named after Robert Hooke, who first formulated the law in 1678. However, the origins of Hooke's law can be traced back to both experimental observations and mathematical derivations, with Newtonian mechanics playing a significant role.\n\nHooke's law was initially derived from experimental observations. Hooke conducted various experiments on springs and observed that the force required to extend or compress a spring was directly proportional to the displacement. This empirical relationship was later formalized as Hooke's law, which states that the force (F) exerted by a spring is equal to the spring constant (k) multiplied by the displacement (x): F = kx.\n\nHowever, the mathematical derivation of Hooke's law can be linked to Newtonian mechanics, specifically the second law of motion, which states that the force acting on an object is equal to the mass (m) of the object multiplied by its acceleration (a): F = ma. In the case of a spring, the force acting on it is the restoring force, which is proportional to the displacement. By combining Newton's second law with the concept of restoring force, one can derive Hooke's law mathematically.\n\nTo derive Hooke's law from Newtonian mechanics, we can consider a mass (m) attached to a spring with spring constant (k). When the mass is displaced by a distance (x), it experiences a restoring force (F) that tries to bring it back to its equilibrium position. According to Newton's second law, this restoring force is equal to the mass times the acceleration (F = ma). Since the acceleration is the second derivative of the displacement with respect to time (a = d\u00b2x/dt\u00b2), we can rewrite the equation as:\n\nF = m(d\u00b2x/dt\u00b2)\n\nNow, we can relate the restoring force to the spring constant and displacement using Hooke's law:\n\nF = -kx\n\nCombining these two equations, we get:\n\nm(d\u00b2x/dt\u00b2) = -kx\n\nThis is a second-order linear differential equation, which can be solved to obtain the displacement (x) as a function of time (t). The solution to this equation is a simple harmonic motion, which confirms that Hooke's law is indeed a consequence of Newtonian mechanics.\n\nIn conclusion, Hooke's law originated from both experimental observations and mathematical derivations based on Newtonian mechanics. It is not an axiom or a theorem in the strict sense, but rather a fundamental principle that can be derived from the laws of motion and the concept of restoring force. While it is possible to derive Hooke's law mathematically from Newton's fundamental laws, it is essential to remember that the law itself was initially formulated based on empirical observations."}], "answer_with_body_base": [{"generated_text": " Hooke's law, named after the British scientist Robert Hooke, was first formulated based on experimental observations. In 1660, Hooke published his findings in a book titled \"Micrographia,\" where he described the linear relationship between the force applied to a spring and the resulting displacement. This relationship, now known as Hooke's law, can be expressed as F = -kx, where F is the force applied, k is the spring constant, and x is the displacement.\n\nHowever, Hooke's law can also be derived mathematically from Newtonian mechanics, which was developed by Sir Isaac Newton in the late 17th century. Newton's laws of motion, specifically the second law (F = ma), can be used to derive Hooke's law under certain conditions.\n\nTo derive Hooke's law from Newtonian mechanics, consider a mass m attached to a spring with spring constant k. When the mass is displaced from its equilibrium position, it experiences a restoring force due to the spring. According to Newton's second law, this force can be expressed as F = ma. The acceleration (a) of the mass can be written as the second derivative of its displacement (x) with respect to time (t), i.e., a = d\u00b2x/dt\u00b2.\n\nCombining these two equations, we get:\n\nF = m(d\u00b2x/dt\u00b2)\n\nNow, consider the force exerted by the spring on the mass. According to Hooke's law, this force is proportional to the displacement (x) and is given by F = -kx. Substituting this expression into the equation above, we get:\n\n-kx = m(d\u00b2x/dt\u00b2)\n\nThis equation is a second-order linear differential equation, which can be solved to obtain the displacement (x) as a function of time (t). The solution to this equation is a harmonic oscillator, which describes the motion of the mass-spring system.\n\nIn conclusion, Hooke's law was initially derived from experimental observations by Robert Hooke. However, it can also be derived mathematically from Newtonian mechanics, specifically using Newton's second law of motion. Hooke's law is not an axiom or a theorem but rather a physical law that describes the behavior of springs and elastic materials. It can be derived from Newton's fundamental laws, but it is not a direct consequence of them."}]}