{"Unnamed: 0": 5658213, "id": "musicfans_1", "Title": "What does it mean for an album to be remastered?", "Body": "There are times when older albums get re-released as a remastered version.  What is the difference between the original version and the remastered version? ", "top5_tags": "theory, terminology, dnd-5e, history, notation", "answer_with_body_context": [{"generated_text": " For music fans, understanding the concept of a remastered album is essential, especially when it comes to appreciating the evolution of an artist's work over time. A remastered album refers to the process of enhancing the sound quality of an original recording. This is typically done by audio engineers who use advanced technology to improve the clarity, balance, and overall sonic experience of the music.\n\nThe difference between the original version and the remastered version of an album can be quite significant, and here are some key aspects to consider:\n\n1. Sound Quality: Remastering an album often results in a clearer, more detailed, and more dynamic sound. This is achieved by using modern audio processing techniques, such as equalization, compression, and noise reduction, to enhance the original recording. The goal is to make the music sound as close to the artist's original intentions as possible, while also taking advantage of the latest technology.\n\n2. Remastering Techniques: The process of remastering an album can vary depending on the original recording's quality and the desired outcome. Some common techniques include:\n\n   a. Digital Remastering: This involves transferring the original analog recording to a digital format and then applying various audio processing techniques to improve the sound quality.\n   \n   b. Vinyl Remastering: In some cases, remastering an album may involve creating a new vinyl pressing. This process requires careful attention to the groove depth and width to ensure the best possible sound quality on the new vinyl.\n   \n   c. Surround Sound Remastering: Some remastered albums are released in surround sound formats, such as 5.1 or 7.1 surround sound, to provide a more immersive listening experience.\n\n3. Enhanced Lyrics and Artwork: In some cases, remastered albums may also include updated or enhanced lyrics and artwork. This can help fans better understand the context of the music and appreciate the album's artistic vision.\n\n4. Bonus Content: Remastered albums may also come with additional content, such as previously unreleased tracks, live recordings, or interviews with the artist. This can provide fans with a deeper insight into the album's creation and the artist's creative process.\n\n5. Historical Significance: Remastered albums can also serve as a way to preserve and celebrate an artist's legacy. By improving the sound quality of older recordings, fans can experience the music as it was intended to be heard, while also appreciating the artist's growth and evolution over time.\n\nIn summary, a remastered album is a re-released version of an original recording that has been enhanced using modern audio processing techniques to improve the sound quality and listening experience. This can result in a more immersive and enjoyable listening experience for fans, as well as provide additional context and content to better appreciate the artist's work."}], "answer_with_body_base": [{"generated_text": " A remastered album refers to the process of enhancing and improving the sound quality of an older album. This is typically done by audio engineers who use advanced technology and techniques to refine the original recordings. The goal of remastering is to bring the music to life in a way that is more appealing and enjoyable for modern listeners, while still preserving the original artistic intent of the album.\n\nThe difference between the original version and the remastered version of an album can be quite significant, depending on the quality of the remastering process. Here are some key aspects that may change between the two versions:\n\n1. Sound quality: Remastering can improve the overall sound quality of the album by reducing background noise, enhancing the clarity of instruments and vocals, and adjusting the balance between different elements in the mix. This can result in a more immersive and engaging listening experience.\n\n2. Dynamic range: Remastering can increase the dynamic range of the album, which refers to the difference between the quietest and loudest parts of the music. This can make the music sound more powerful and impactful, as well as provide a better representation of the original recording.\n\n3. Stereo imaging: Remastering can improve the stereo imaging of the album, which refers to the way the sound is distributed between the left and right channels. This can create a more realistic and immersive soundstage, allowing listeners to better perceive the spatial relationships between different instruments and vocals.\n\n4. Removal of imperfections: Remastering can help to remove or reduce various imperfections that may have been present in the original recording, such as clicks, pops, and hisses. This can result in a cleaner and more polished sound.\n\n5. Enhanced features: Remastered versions of albums may also include additional features, such as bonus tracks, alternate versions of songs, or enhanced liner notes. These extras can provide fans with a more comprehensive and enjoyable listening experience.\n\nIn summary, a remastered album is an improved version of an older album that has been enhanced and refined using advanced technology and techniques. The remastering process can significantly improve the sound quality, dynamic range, stereo imaging, and overall listening experience of the album, while preserving the original artistic intent of the music."}]}