{"Unnamed: 0": 1436448, "id": "hermeneutics_1290", "Title": "What exactly does \u05de\u05b4\u05db\u05b0\u05e0\u05b8\u05e1 (miknac) mean?", "Body": "Researching a related question, I came across passages like:  You shall also make for them linen breeches to cover their nakedness; they shall extend from the hips to the thighs.\u2014Exodus 28:42 (NJPS)and  The priest shall dress in linen raiment, with linen breeches next to his body; and he shall take up the ashes to which the fire has reduced the burnt offering on the altar and place them beside the altar.\u2014Leviticus 6:3 (NJPS) [N.B.: Leviticus 6:10 in many English translations]The bolded word is miknac <04370> and means (according to Strongs):  1) underwear, drawers, trousers  1a) a priestly undergarment of linenWhat exactly were these garments?  Were they most similar to breeches (following the NJPS translation) or closer to modern male undergarments (following the ESV)?", "top5_tags": "hebrew, history, 1-samuel, genesis, mark", "answer_with_body_context": [{"generated_text": " In the context of hermeneutics, the interpretation of the term \u05de\u05b4\u05db\u05b0\u05e0\u05b8\u05e1 (miknac) requires a comprehensive understanding of the historical, cultural, and religious contexts in which it is used. The term \u05de\u05b4\u05db\u05b0\u05e0\u05b8\u05e1 (miknac) is found in the Hebrew Bible, specifically in Exodus 28:42 and Leviticus 6:3, and according to Strong's Concordance, it means \"underwear, drawers, trousers\" or \"a priestly undergarment of linen.\"\n\nThe biblical passages you mentioned describe the garments worn by priests in ancient Israelite society. The miknac, as a priestly undergarment, was a linen garment worn by priests as part of their sacred attire. The purpose of the miknac was to cover the priests' nakedness and to maintain modesty while they performed their religious duties.\n\nThe interpretation of the miknac as \"breeches\" or \"modern male undergarments\" depends on the translation and the understanding of the historical context. The New Jewish Publication Society (NJPS) translation of the Bible uses the term \"linen breeches\" to describe the miknac, which may suggest a more literal interpretation of the garment as a type of trousers or breeches. However, it is essential to consider the cultural and religious context of the ancient Israelite society.\n\nIn ancient Israelite culture, clothing was not only a practical necessity but also a symbol of social status and religious significance. The miknac, as a priestly undergarment, was part of a larger set of garments worn by priests, including the ephod, breastplate, and other linen garments. These garments were made of fine linen and were considered sacred, as they were used in the performance of religious rituals and ceremonies.\n\nIn conclusion, the miknac was a linen undergarment worn by priests in ancient Israelite society as part of their sacred attire. While the NJPS translation may suggest a more literal interpretation of the miknac as \"linen breeches,\" it is essential to consider the historical and cultural context to understand the garment's purpose and significance. The miknac was not similar to modern male undergarments but rather a specific type of priestly undergarment that played a crucial role in the religious practices of ancient Israel."}], "answer_with_body_base": [{"generated_text": " The Hebrew word \u05de\u05b4\u05db\u05b0\u05e0\u05b8\u05e1 (miknac) primarily refers to a type of undergarment or linen trousers worn by priests in ancient Israel. The term is mentioned in the Hebrew Bible, specifically in the context of priestly garments.\n\nIn Exodus 28:42 and Leviticus 6:3, the miknac is described as a linen garment that extends from the hips to the thighs. It is worn by priests as part of their sacred attire, and it is made of linen. The miknac is considered a priestly undergarment, and it is worn beneath other priestly garments, such as the ephod and the breastplate.\n\nThe miknac is most similar to modern male undergarments, such as boxers or briefs, rather than breeches. The NJPS translation of \"linen breeches\" may be a more literal translation of the Hebrew term, but it is not the most accurate representation of the garment's appearance. The miknac was a linen undergarment that covered the lower part of the body, and it was worn by priests as part of their sacred attire.\n\nIn summary, the miknac was a linen undergarment worn by priests in ancient Israel, extending from the hips to the thighs. It was part of the priestly garments and was worn beneath other sacred clothing. The miknac is more similar to modern male undergarments than breeches."}]}