{"Unnamed: 0": 1463096, "id": "money_117721", "Title": "What do you mean by Option losing value?", "Body": "I bought an XYZ $50 call for $5. Expiration is in two weeks. The  day after I bought the option, there was news about a data breach  and the stock's price dropped to $25. I know that the stock is not going to recover in two weeks but I want to sell the option and get some money back. Will I get paid only the bid price of the call when XYZ is $25? For example, if that price is $3, can I sell the call and recoup $300? That means a loss of $200.Let's look at another scenario where XYZ  went up to $53 and then crashed to $25 the day before expiration. Since the bid price at $3, can I recoup $300?In these two two cases, does  it mean that when the premium has lost its value mean that the option is losing the value? Does the value matter if the price of the same stock is above the strike price, for example the stock price is $60 on the day of the expiry?", "top5_tags": "stock-analysis, options, call-options, stock-markets, stocks", "answer_with_body_context": [{"generated_text": " When an option loses value, it means that the premium paid for the option has decreased due to changes in the underlying stock's price, market conditions, or other factors. In the context of your question, let's break it down:\n\n1. In the first scenario, where the stock price dropped to $25, the XYZ $50 call option you bought for $5 has lost value. The intrinsic value of the option is now $0, as the stock price is below the strike price. If you sell the option at a bid price of $3, you will receive $300, but you will incur a loss of $200 ($300 - $50 premium paid).\n\n2. In the second scenario, where the stock price went up to $53 and then crashed to $25, the XYZ $50 call option still has no intrinsic value, as the stock price is below the strike price. If you sell the option at a bid price of $3, you will receive $300, but you will still incur a loss of $200 ($300 - $50 premium paid).\n\nIn both scenarios, the value of the option has decreased due to the stock price falling below the strike price. The value of the option is determined by its intrinsic value (the difference between the stock price and the strike price) and its time value (the potential for the stock price to increase before expiration). When the stock price is above the strike price, the option has intrinsic value, but it doesn't necessarily mean that the option's value will increase if the stock price drops below the strike price.\n\nIn summary, when an option loses value, it means that the premium paid for the option has decreased, and you may not be able to recoup the full amount you paid for the option when selling it. The value of the option is influenced by the stock price, time until expiration, and other market factors."}], "answer_with_body_base": [{"generated_text": " When an option loses value, it means that the premium (the price you paid for the option) has decreased due to changes in the underlying stock's price, market conditions, or other factors. In the context of your question, let's break down the scenarios:\n\n1. XYZ stock price drops to $25:\nWhen you bought the $50 call option for $5, you had the right to buy XYZ stock at $50. However, since the stock price dropped to $25, the option is now \"out of the money\" (OTM), meaning it would not be profitable to exercise the option. In this case, the value of the option has decreased, and you can sell it at the current bid price.\n\nIf the bid price is $3, you can sell the option for $300 (100 contracts * $3 per contract). However, you initially paid $500 for the 100 contracts (100 contracts * $5 per contract), so you would incur a loss of $200 ($500 - $300).\n\n2. XYZ stock price goes up to $53, then crashes to $25:\nIn this scenario, the option is still OTM, but the stock price has fluctuated. If the bid price is still $3, you can sell the option for $300 (100 contracts * $3 per contract). However, the value of the option has decreased due to the stock price dropping to $25.\n\nThe value of the option does matter, even if the stock price is above the strike price on the day of expiration. The option's value is determined by factors such as the stock price, time to expiration, and implied volatility. In this case, the option's value has decreased because the stock price dropped below the strike price, making the option less valuable.\n\nIn summary, when an option loses value, it means that the premium has decreased due to changes in the underlying stock's price or other factors. Selling the option at the current bid price will not necessarily recoup the full amount you paid for the option, and you may incur a loss. The value of the option matters, even if the stock price is above the strike price on the day of expiration, as it is influenced by various factors."}]}