{"Unnamed: 0": 1456596, "id": "law_26371", "Title": "Does quoting a line from a film infringe copyright?", "Body": "I want to quote a line from a film in my novel. Specifically:  \"Don't ever lose your sense of humour, Dan. Don't ever lose your sense  of humour.\"From About Last Night (1986). So, it's not a long excerpt, just two sentences.I know I can't quote a single line from a song without incurring expensive permission fees. But, that's a short body of work. Does it apply to movies, too?", "top5_tags": "creative-writing, fiction, novel, england-and-wales, word-usage", "answer_with_body_context": [{"generated_text": " Title: Does quoting a line from a film infringe copyright?\n\nBody: Quoting a line from a film in your novel can potentially infringe copyright, depending on the length and significance of the quoted material. In the United States, copyright law protects original works of authorship, including films. However, the fair use doctrine allows limited use of copyrighted material without permission for purposes such as criticism, comment, news reporting, teaching, scholarship, or research.\n\nIn your case, quoting two sentences from the film \"About Last Night\" (1986) may be considered fair use, especially if the quote is used for a transformative purpose, such as providing commentary or criticism. However, it is essential to consider the following factors when determining fair use:\n\n1. Purpose and character of the use: If the quote is used for a transformative purpose, such as criticism or commentary, it is more likely to be considered fair use.\n\n2. Nature of the copyrighted work: Fictional works, like films, are more protected than factual works. However, the fact that the film is a work of fiction does not automatically preclude fair use.\n\n3. Amount and substantiality of the portion used: Two sentences may be considered a small portion of the film, but if the quote is a significant or recognizable part of the film, it may weigh against fair use.\n\n4. Effect of the use upon the potential market for or value of the copyrighted work: If the quote does not negatively impact the market for the film or its derivative works, it may be more likely to be considered fair use.\n\nIt is advisable to consult with a legal professional to determine whether your intended use of the quote qualifies as fair use. Additionally, consider seeking permission from the copyright holder to avoid potential legal issues. Remember that copyright laws may vary by country, so it is essential to research the specific laws in your jurisdiction."}], "answer_with_body_base": [{"generated_text": " Title: Does quoting a line from a film infringe copyright?\n\nBody: Quoting a line from a film in your novel can potentially infringe copyright, but it largely depends on the length and context of the quote. In the United States, copyright law protects original works of authorship, including films. However, the fair use doctrine allows limited use of copyrighted material without permission for purposes such as criticism, comment, news reporting, teaching, scholarship, or research.\n\nIn your case, quoting two sentences from the film \"About Last Night\" (1986) may be considered fair use, especially if the quote is used for a transformative purpose, such as providing commentary or criticism. However, it's essential to consider the following factors when determining fair use:\n\n1. Purpose and character of the use: If the quote is used for a transformative purpose, such as adding value to your novel or providing commentary, it may be more likely to be considered fair use.\n\n2. Nature of the copyrighted work: Fictional works, like films, are generally given more protection than factual works. However, this factor alone does not determine fair use.\n\n3. Amount and substantiality of the portion used: Quoting two sentences from a film is relatively short, which may favor fair use. However, if the quote is considered the \"heart\" of the film or is a significant portion of the work, it may weigh against fair use.\n\n4. Effect of the use upon the potential market for or value of the copyrighted work: If your novel's use of the quote does not negatively impact the market for the original film, it may be more likely to be considered fair use.\n\nIt's essential to note that fair use is a legal doctrine, and there is no guarantee that a court will find your use of the quote to be fair use. To avoid potential legal issues, it's recommended to seek permission from the copyright holder or consult with a legal professional.\n\nIn summary, quoting a line from a film in your novel may not necessarily infringe copyright, but it's essential to consider the fair use factors and seek legal advice if needed."}]}