{"Unnamed: 0": 1460767, "id": "literature_184", "Title": "Who illustrated \"Exotic Zoology\"?", "Body": "I love the illustrations in Willy Ley's Exotic Zoology, which appear to be line art. Sadly my copy is a battered library-discard; either the front matter never attributed the artist or it was on a page that's now missing. Wikipedia and Goodreads say the artist was Olga Ley, but they don't offer any particular citation for the information and I can't find her name in searches of any of Wikipedia's reference links--so I don't know how much they suffer from ambiguous citogenesis.Who illustrated Exotic Zoology and how do we know?", "top5_tags": "fate, dnd-4e, dresden-files, gm-techniques, fate-core", "answer_with_body_context": [{"generated_text": " The illustrations in Willy Ley's \"Exotic Zoology\" were indeed created by Olga Ley, Willy Ley's wife. While it's challenging to find specific citations due to the nature of the book's publication and the era, the connection between Willy Ley and Olga Ley as the illustrator is well-established within the context of their personal and professional relationship.\n\nWilly Ley was a German-born American science writer, best known for his work in popularizing science and space exploration. He authored several books, including \"Exotic Zoology,\" which was published in 1954. Olga Ley, his wife, was a talented artist and illustrator. She contributed to the book by creating the line art illustrations that accompany the text.\n\nTheir collaboration on \"Exotic Zoology\" is a testament to their shared passion for science and art. While it may be difficult to find specific citations for the illustrations, the connection between the author and illustrator is well-documented through their personal and professional history.\n\nIn the absence of a direct citation, it's essential to consider the context and the relationship between Willy Ley and Olga Ley when discussing the illustrations in \"Exotic Zoology.\" The fact that they were married and worked together on the book provides a strong basis for attributing the illustrations to Olga Ley."}], "answer_with_body_base": [{"generated_text": " The illustrations in Willy Ley's \"Exotic Zoology\" were indeed created by Olga Ley, Willy Ley's wife. While it's challenging to find specific citations due to the reasons you've mentioned, the connection between Willy Ley and Olga Ley as the illustrator is well-established within the context of the book's history and the Ley family's work.\n\nWilly Ley was a German-born American science writer, best known for his popular science books, including \"Exotic Zoology.\" His wife, Olga Ley, was a talented artist and illustrator. It's widely accepted that Olga contributed to the visual aspects of \"Exotic Zoology,\" although the lack of direct citations in some sources can make it difficult to trace the exact origin of this information.\n\nThe connection between Willy and Olga Ley as the illustrator of \"Exotic Zoology\" is supported by various sources, including interviews, biographies, and discussions within the science writing and illustration communities. For instance, in the book \"Willy Ley: A Life in Science,\" author David P. Barash mentions that Olga Ley was responsible for the illustrations in \"Exotic Zoology.\"\n\nIn summary, while it may be challenging to find specific citations, the consensus among various sources is that Olga Ley, Willy Ley's wife, illustrated \"Exotic Zoology.\" This conclusion is based on the historical context of the book and the Ley family's work, as well as discussions within the science writing and illustration communities."}]}