{"Unnamed: 0": 161597, "id": "christianity_2547", "Title": "What is the Biblical evidence that there are ONLY three persons in the \"Trinity\"?", "Body": "(This is a followup to the various answers for the question What is the Biblical basis for the doctrine of the Trinity?)The specific concept of 'trinity' isn't specifically spelled out in the Bible.  Instead, we have deduced from various scripture verses that there are three distinct persons within the Godhead.What is the Biblical evidence that there are only three persons in the Godhead?  Why don't trinitarians believe that there could be others that are not revealed specifically through scripture, or that we can attribute multiple \"persons\" to a single concept of Father or Holy Spirit?", "top5_tags": "us-citizens, united-states, mexico, usa, air-travel", "answer_with_body_context": [{"generated_text": " Title: Biblical Evidence for the Trinity: Three Persons in One God\n\nBody:\n\nThe doctrine of the Trinity, which posits that there are three distinct persons (Father, Son, and Holy Spirit) in one God, is a central tenet of Christianity. While the term \"Trinity\" itself is not explicitly mentioned in the Bible, there are numerous scriptural passages that provide evidence for this belief. Here are some key biblical passages that support the concept of three persons in the Godhead:\n\n1. Matthew 28:19 - The Great Commission:\nIn this verse, Jesus commands his disciples to \"go and make disciples of all nations, baptizing them in the name of the Father and of the Son and of the Holy Spirit.\" The use of the phrase \"name of the Father and of the Son and of the Holy Spirit\" suggests that the Father, Son, and Holy Spirit are distinct persons within the Godhead.\n\n2. John 1:1-14 - The Word and the Light:\nIn this passage, John the Apostle introduces Jesus as the Word (Logos) who was with God and was God, and who became flesh and dwelt among us. The Word is identified as the Son, while the Light (referred to as the \"Light of men\" in verse 5) is identified as the Holy Spirit. This passage establishes the Son and the Holy Spirit as distinct persons within the Godhead.\n\n3. Matthew 28:19 - The Great Commission (Reinforcement):\nThis verse is a reinforcement of the concept of three persons in the Godhead, as it again emphasizes the distinct roles of the Father, Son, and Holy Spirit in the process of salvation.\n\n4. Colossians 1:15-20 - The Creation and the Revelation:\nIn this passage, Paul describes the Son as the image of the invisible God, the firstborn of all creation, and the agent through whom all things were created. The Holy Spirit is also mentioned as the Spirit of truth who brought the Son into the world. This passage further supports the distinct roles of the Father, Son, and Holy Spirit within the Godhead.\n\n5. Hebrews 1:1-3 - The Son as the Radiance of the Father's Glory:\nIn this passage, the author of Hebrews describes the Son as the radiance of God's glory and the exact imprint of his nature. The Son is also called the \"eternal high priest,\" emphasizing his distinct role within the Godhead.\n\n6. 2 Corinthians 13:14 - The Three Persons in the Godhead:\nIn this verse, Paul prays for the gifts of the Spirit, the grace of the Lord Jesus Christ, and the love of God the Father to abound in the believers. This passage explicitly mentions the three persons in the Godhead.\n\nRegarding the question of why trinitarians do not believe there could be other unrevealed persons in the Godhead or multiple \"persons\" attributed to a single concept of Father or Holy Spirit, it is essential to understand that the doctrine of the Trinity is based on the interpretation of scripture and the historical development of Christian theology. Trinitarians believe that the Bible provides sufficient evidence for the existence of three distinct persons within the Godhead, and that the concept of the Trinity is consistent with the biblical revelation.\n\nWhile it is true that the Bible does not explicitly use the term \"Trinity,\" the doctrine has been developed over centuries through careful study of scripture and theological reflection. Trinitarians argue that"}], "answer_with_body_base": [{"generated_text": " The Biblical evidence for the doctrine of the Trinity, which posits that there are three distinct persons within the Godhead, can be found in several key scriptures. These verses collectively support the understanding of one God in three persons: the Father, the Son (Jesus Christ), and the Holy Spirit. Here are some of the most significant passages:\n\n1. Matthew 28:19 - The Great Commission: \"Go therefore and make disciples of all nations, baptizing them in the name of the Father and of the Son and of the Holy Spirit.\" This verse explicitly mentions the Father, the Son, and the Holy Spirit, indicating that they are distinct persons within the Godhead.\n\n2. John 1:1-14 - The Word and the Light: \"In the beginning was the Word, and the Word was with God, and the Word was God. He was in the beginning with God. All things were made through Him, and without Him nothing was made that was made. In Him was life, and the life was the light of men. The light shines in the darkness, and the darkness has not overcome it.\" This passage establishes the relationship between the Father and the Son (the Word), and the existence of the Holy Spirit as the life-giving force.\n\n3. John 10:30 - The Good Shepherd: \"I am the good shepherd. The good shepherd lays down his life for the sheep.\" This verse demonstrates the unique relationship between the Father and the Son, with the Son willingly sacrificing himself for humanity.\n\n4. Matthew 28:19 - The Great Commission (Repeated): As mentioned earlier, this verse also supports the Trinity doctrine by explicitly mentioning the Father, the Son, and the Holy Spirit.\n\n5. 2 Corinthians 13:14 - The Parting Greeting: \"May the grace of the Lord Jesus Christ, and the love of God, and the fellowship of the Holy Spirit be with you all.\" This verse acknowledges the three distinct persons of the Godhead and their roles in the Christian life.\n\n6. Colossians 1:15-20 - The Supremacy of Christ: \"He is the image of the invisible God, the firstborn of all creation. For by him all things were created. He is before all things, and in him all things hold together. And he is the head of the body, the church; he is the beginning and the firstborn from among the dead, so that in everything he might have the supremacy. For God was pleased to have all his fullness dwell in him, and through him to reconcile to himself all things, whether things on earth or things in heaven, by making peace through his blood, shed on the cross.\" This passage emphasizes the unique role of the Son (Jesus Christ) as the head of the Godhead and the agent of creation and reconciliation.\n\nTrinitarians believe that these scriptures, along with others, provide a consistent and coherent understanding of the Godhead as one God in three distinct persons. The doctrine of the Trinity is not an arbitrary or human-made concept but rather a theological interpretation of the biblical text. While it is true that the Bible does not explicitly use the term \"Trinity,\" the evidence from the scriptures supports the understanding of one God in three persons.\n\nAs for the question of whether there could be other unrevealed persons within the Godhead or multiple \"persons\" attributed to the Father or Holy Spirit, Trinitarians argue that the Bible presents a clear and consistent picture of the Godhead as one God in three distinct persons. The"}]}