{"Unnamed: 0": 1448441, "id": "judaism_13429", "Title": "Moshe's speech impediment(s)", "Body": "In Sh'mos 4:10, after Hashem instructs him to speak to the Jews, Moshe describes himself to Hashem as not an \"\u05d0\u05b4\u05d9\u05e9\u05c1 \u05d3\u05b0\u05bc\u05d1\u05b8\u05e8\u05b4\u05d9\u05dd\", literally \"man of words\", and as \"\u05db\u05b0\u05d1\u05b7\u05d3 \u05e4\u05b6\u05bc\u05d4\", literally \"heavy of mouth\", and \"\u05db\u05b0\u05d1\u05b7\u05d3 \u05dc\u05b8\u05e9\u05c1\u05d5\u05b9\u05df\", literally \"heavy of tongue\". In 6:12, after Hashem instructs him to speak to Par'o, Moshe describes himself to Hashem as \"\u05e2\u05b2\u05e8\u05b7\u05dc \u05e9\u05b0\u05c2\u05e4\u05b8\u05ea\u05b8\u05d9\u05b4\u05dd\", close-to-literally \"uncircumcised of lips\" (Rashi: \"sealed-up of lips\").What does each of these four refer to?", "top5_tags": "halacha, words, blessing, shabbat, minhag", "answer_with_body_context": [{"generated_text": " In Judaism, Moshe's speech impediments, as described in the Torah, are seen as unique aspects of his character and serve as a means to highlight his humility and dedication to serving Hashem (God). Here's an interpretation of each of the four descriptions:\n\n1. \"\u05d0\u05b4\u05d9\u05e9\u05c1 \u05d3\u05b0\u05bc\u05d1\u05b8\u05e8\u05b4\u05d9\u05dd\" (man of words): Moshe describes himself as not being a \"man of words\" to emphasize that he is not a skilled orator or a master of eloquence. This self-description shows his humility and his understanding that his role in communicating Hashem's message to the Jewish people is not based on his own linguistic abilities.\n\n2. \"\u05db\u05b0\u05d1\u05b7\u05d3 \u05e4\u05b6\u05bc\u05d4\" (heavy of mouth): This phrase, which literally means \"heavy of mouth,\" is often interpreted as Moshe having a strong and powerful voice. It can also be seen as a metaphor for his deep and sincere commitment to speaking on behalf of Hashem. Moshe's strong voice and conviction in his words demonstrate his dedication to delivering Hashem's message to the Jewish people.\n\n3. \"\u05db\u05b0\u05d1\u05b7\u05d3 \u05dc\u05b8\u05e9\u05c1\u05d5\u05b9\u05df\" (heavy of tongue): Similar to \"\u05db\u05b0\u05d1\u05b7\u05d3 \u05e4\u05b6\u05bc\u05d4,\" this phrase, which literally means \"heavy of tongue,\" can be interpreted as Moshe having a strong and persuasive way with words. It can also be seen as a metaphor for his deep understanding of the Torah and the Jewish faith. Moshe's ability to convey complex ideas and teachings in a clear and compelling manner is a testament to his wisdom and devotion to serving Hashem.\n\n4. \"\u05e2\u05b2\u05e8\u05b7\u05dc \u05e9\u05b0\u05c2\u05e4\u05b8\u05ea\u05b8\u05d9\u05b4\u05dd\" (uncircumcised of lips): In this description, Moshe refers to his speech impediment as \"uncircumcised of lips,\" which is a metaphor for his difficulty in speaking. This can be seen as a reference to his struggle to articulate his thoughts and words, which ultimately makes him more humble and reliant on Hashem's guidance. Additionally, this description may also allude to the idea that Moshe's speech impediment serves as a reminder of the importance of the Torah, which is the ultimate source of wisdom and guidance for the Jewish people.\n\nIn summary, these four descriptions of Moshe's speech impediments in Judaism serve to highlight his humility, dedication, and reliance on Hashem's guidance. They also emphasize the importance of the Torah and the power of Hashem's words in guiding the Jewish people."}], "answer_with_body_base": [{"generated_text": " Moshe's speech impediments, as described in the given text, can be understood in the following ways:\n\n1. \"\u05d0\u05b4\u05d9\u05e9\u05c1 \u05d3\u05b0\u05bc\u05d1\u05b8\u05e8\u05b4\u05d9\u05dd\" (man of words): This phrase indicates that Moshe was not considered a natural orator or a skilled speaker. He was not someone who could easily express himself or communicate effectively through words. This could be due to a lack of confidence or a difficulty in articulating his thoughts and ideas.\n\n2. \"\u05db\u05b0\u05d1\u05b7\u05d3 \u05e4\u05b6\u05bc\u05d4\" (heavy of mouth): This phrase suggests that Moshe had a slow or laborious way of speaking. He may have spoken with difficulty, taking longer to express himself, and possibly struggling to find the right words. This could be due to a speech impediment or a general difficulty in speaking fluently.\n\n3. \"\u05db\u05b0\u05d1\u05b7\u05d3 \u05dc\u05b8\u05e9\u05c1\u05d5\u05b9\u05df\" (heavy of tongue): Similar to \"\u05db\u05b0\u05d1\u05b7\u05d3 \u05e4\u05b6\u05bc\u05d4,\" this phrase also implies that Moshe had a challenging time speaking. It could be due to a speech impediment or a general difficulty in articulating his thoughts and ideas.\n\n4. \"\u05e2\u05b2\u05e8\u05b7\u05dc \u05e9\u05b0\u05c2\u05e4\u05b8\u05ea\u05b8\u05d9\u05b4\u05dd\" (uncircumcised of lips): This phrase, as explained by Rashi, refers to a physical impediment that Moshe had in his ability to speak. The term \"uncircumcised\" in this context is a metaphor for a physical deformity or difficulty in the lips, which could have affected his ability to articulate words clearly. This could be a result of a congenital condition or an injury that affected his lips.\n\nIn summary, Moshe's speech impediments, as described in the text, include a lack of natural oratory skills, difficulty in speaking fluently, and a physical impediment related to his lips. These impediments may have made it challenging for Moshe to communicate effectively, but they did not prevent him from fulfilling his mission as a leader and prophet."}]}