{"Unnamed: 0": 1463047, "id": "money_117227", "Title": "What does \"volume\" refer to?", "Body": "I heard that \"volume\" refers to something like how much of a stock is traded but have no clue what that means. It seems that no one is using proper definitions for it and that no one in finance ever uses units. Wherever I look, there are no units for anything.I of course read the Wikipedia article but it's of little help. At least it does specify that \"commonly [volume is] reported as the number of shares that changed hands during a given day\" (source). Is this convention held up by Yahoo Finance? Every stock I'm looking at seems to be listed there, but again there are no units nor any explanation or details I was able to find. Do sales and purchases both count toward that \"volume\"? So if I sell 1 share to you, does that count as one or two magical volume units? Are only stock exchange transactions counted, not transactions people do with banks that offer external exchanges? If yes, do all stock exchanges count or only one specific one?There also is a different value called \"Avg. Volume\":Again, Wikipedia is of little help. In fact, that definition confuses me further: \"The average volume of a security over a longer period of time is the total amount traded in that period, divided by the length of the period. Therefore, the unit of measurement for average volume is shares per unit of time, typically per trading day.\" It's again about 1 day. Granted a trading day, not a regular day. But these numbers don't seem to have a fixed ratio during the week and its name talks about an average, so I guess it has to be about a longer time span that \"volume\".Not trying to talk poorly about Wikipedia btw. Those were the best definitions I was able to find but I'm still clueless. Most \"definitions\" don't even specify whether they are talking about money or number of shares.", "top5_tags": "germany, mortality, survival, credit-score, banking", "answer_with_body_context": [{"generated_text": " In the context of finance and money, \"volume\" refers to the total number of shares or contracts traded for a specific security or market during a given period of time. This can include stocks, bonds, futures, options, and other financial instruments. Volume is a measure of market activity and liquidity, and it can provide insights into the strength of market trends and investor sentiment.\n\nVolume is typically reported in units of shares, with one unit representing a single share. For example, if 10,000 shares of a stock are traded in a day, the volume for that day would be 10,000 units.\n\nIn the case of stock exchanges, volume usually refers to the number of shares traded on the exchange during a specific trading day. However, volume can also be calculated for other time periods, such as weekly or monthly, to provide a broader view of market activity.\n\nThe average volume is a measure of the total amount of shares traded over a longer period of time, such as a month or a year. It is calculated by dividing the total number of shares traded during that period by the number of trading days in the period. The average volume is typically expressed in shares per trading day.\n\nIn summary, volume in finance refers to the total number of shares or contracts traded for a specific security or market during a given period of time. It is a measure of market activity and liquidity, and it can be reported in units of shares or shares per trading day. The average volume is a measure of the total amount of shares traded over a longer period of time, providing a broader view of market activity."}], "answer_with_body_base": [{"generated_text": " In the context of finance and trading, \"volume\" refers to the total number of shares or contracts traded for a specific security or market during a given period of time. It is a measure of the activity and liquidity of a particular security or market. Volume can be reported in various units, such as shares, contracts, or even monetary value, depending on the specific context and the reporting standards used.\n\nWhen discussing stock trading, volume typically refers to the number of shares that change hands during a given day. This is often reported as the \"daily volume\" or \"24-hour volume.\" The daily volume is calculated by adding up the number of shares traded during the day, and it can be used to gauge the level of interest and activity in a particular stock.\n\nIn the case of Yahoo Finance and other financial platforms, volume is usually reported in the number of shares traded. However, it's essential to note that different platforms may use different reporting standards, and the units may vary. For example, some platforms may report volume in terms of the number of contracts traded, while others may report it in terms of the monetary value of the transactions.\n\nRegarding the \"average volume,\" it is the total amount of shares traded over a specific period, divided by the length of that period. The average volume is typically calculated on a daily basis, but it can also be calculated over longer periods, such as weekly or monthly. The average volume provides a more comprehensive view of the trading activity and liquidity of a security or market over time.\n\nIn summary, volume in finance refers to the total number of shares or contracts traded for a specific security or market during a given period. It is an essential metric for understanding the level of activity and liquidity in a particular security or market. The units used to report volume may vary depending on the context and the reporting standards employed."}]}