{"Unnamed: 0": 5729136, "id": "pets_5832", "Title": "Why is zinc oxide bad for dogs?", "Body": "This answer to applying sunscreen to dogs says that you shouldn't apply human sunscreen to them because it contains zinc oxide and that's bad for dogs. What about it is bad, and what would happen if a dog did come in contact with it?", "top5_tags": "cats, reptiles, terminology, aquarium, bearded-dragon", "answer_with_body_context": [{"generated_text": " Zinc oxide, when used in sunscreen products for humans, can be harmful to dogs due to several reasons. Firstly, dogs have a different skin structure and pH level compared to humans, which can affect how they react to certain substances.\n\n1. Toxicity: Zinc oxide is a heavy metal compound that can be toxic to dogs if ingested in large quantities. If a dog comes in contact with zinc oxide, it may ingest it while grooming or licking its fur, leading to gastrointestinal issues such as vomiting, diarrhea, and lethargy.\n\n2. Skin irritation: Zinc oxide can cause skin irritation in dogs, especially if it comes in direct contact with their skin. This can result in redness, itching, and discomfort.\n\n3. Allergic reactions: Some dogs may be allergic to zinc oxide, causing allergic reactions such as hives, swelling, and itching.\n\n4. Disruption of natural skin barrier: Zinc oxide can disrupt the natural skin barrier of dogs, making them more susceptible to infections and skin irritations.\n\n5. Interference with medication: If a dog is on medication, zinc oxide can interfere with the effectiveness of the medication, leading to potential health complications.\n\nTo protect your dog from the potential risks associated with zinc oxide, it is essential to use pet-specific sunscreen products that are formulated with ingredients safe for dogs. These products are designed to provide adequate sun protection while minimizing the risk of adverse reactions. Always consult with a veterinarian before applying any sunscreen or other products to your dog's skin."}], "answer_with_body_base": [{"generated_text": " Zinc oxide, when used in sunscreens for humans, can indeed be harmful to dogs if ingested or if it comes into contact with their skin. Here's a detailed explanation of why zinc oxide is considered bad for dogs and the potential consequences of exposure:\n\n1. Ingestion: Dogs may accidentally ingest zinc oxide if they lick their paws or fur after a human has applied sunscreen containing this ingredient. Zinc oxide is a heavy metal compound that can cause gastrointestinal issues in dogs, such as vomiting, diarrhea, and abdominal pain. In severe cases, it can lead to zinc toxicity, which can cause damage to the liver, kidneys, and other vital organs.\n\n2. Skin irritation: Zinc oxide is a common ingredient in many sunscreens due to its ability to reflect and scatter ultraviolet (UV) radiation. However, when applied to a dog's skin, it can cause irritation, redness, and itching. Dogs have sensitive skin, and the presence of zinc oxide can lead to allergic reactions or dermatitis.\n\n3. Respiratory issues: If a dog comes into contact with zinc oxide powder, it can be inhaled, leading to respiratory problems. Inhalation of zinc oxide particles can cause coughing, wheezing, and difficulty breathing.\n\n4. Long-term effects: Repeated exposure to zinc oxide can lead to chronic skin issues, such as dermatitis, and may also contribute to the development of skin cancer in dogs.\n\nTo protect your dog from the potential risks associated with zinc oxide, it is essential to use pet-safe sunscreen products specifically formulated for dogs. These products are designed to be safe for ingestion and skin contact, and they typically contain lower concentrations of zinc oxide or alternative ingredients that provide UV protection without the associated risks.\n\nAlways consult with your veterinarian before applying any sunscreen or other products to your dog, and supervise them closely to prevent accidental ingestion or contact with potentially harmful substances."}]}