{"Unnamed: 0": 202179, "id": "gaming_108891", "Title": "How many sims fit in a car?", "Body": "I'm trying to work up a plan for traffic in my city, and I think it's easy enough for me to figure out how many cars can make it through a stopsign unopposed in an hour, and how many cars can make it through a stoplight opposed in an hour... but it's all for naught as I don't know how many workers are in a car.I know that low wealth, high density residential buildings have 400 workers, 200 shoppers and 100 students.  What I don't know: how many cars does that turn into?", "top5_tags": "world-of-warcraft, simcity-2013, star-wars-the-old-republic, sims-3, eve-online", "answer_with_body_context": [{"generated_text": " In the context of The Sims game, the number of Sims that can fit in a car varies depending on the car model and the Sim's size. Generally, a standard car in The Sims can accommodate up to 4 Sims. However, this can vary with different car models and sizes.\n\nFor example, a compact car like a Honda Civic can typically hold 4 Sims, while a larger car like a Ford Explorer can hold up to 6 Sims. It's essential to consider the size of the Sims and the car model when planning traffic in your city.\n\nTo estimate the number of cars in a low wealth, high-density residential building with 400 workers, 200 shoppers, and 100 students, you can make some assumptions. Assuming that each Sim occupies a car, you would have approximately 600 Sims in total.\n\nNow, to estimate the number of cars, you can divide the total number of Sims by the average number of Sims per car. If we assume an average of 4 Sims per car, you would have around 150 cars (600 Sims / 4 Sims per car).\n\nHowever, it's essential to note that not all Sims will be commuting in cars. Some may use public transportation, walk, or bike. You may want to adjust the number of cars based on the transportation options available in your city.\n\nIn summary, in The Sims, a car can typically hold 4 Sims, and in a low wealth, high-density residential building with 600 Sims, you could have around 150 cars, assuming all Sims commute by car. However, this number may vary based on the transportation options available in your city."}], "answer_with_body_base": [{"generated_text": " Based on the information provided, it's challenging to determine the exact number of Sims that fit in a car, as it can vary depending on the game version and the specific Sims you're referring to. However, in the context of your city planning and simulation, you can make some general assumptions.\n\nIn the Sims series, a standard car can typically hold around 4 to 6 Sims comfortably. However, this number can vary depending on the size of the car and the Sims' height and build. For example, a compact car might only accommodate 3 Sims, while a larger vehicle like an SUV or minivan could hold up to 8 Sims.\n\nTo estimate the number of cars in a low-wealth, high-density residential building with 400 workers, 200 shoppers, and 100 students, you can follow these steps:\n\n1. Determine the total number of Sims in the building: 400 workers + 200 shoppers + 100 students = 700 Sims.\n2. Estimate the percentage of Sims who would likely use a car for transportation. This can vary based on the game version and the Sims' preferences, but a rough estimate might be around 50% of the Sims.\n3. Calculate the number of Sims who would use a car: 700 Sims * 0.5 = 350 Sims.\n4. Estimate the number of cars needed to accommodate these Sims. Assuming an average of 4 Sims per car, you would need 350 Sims / 4 Sims per car = 87.5 cars. Since you can't have half a car, you can round up to 88 cars.\n\nKeep in mind that this is a rough estimate, and the actual number of cars may vary based on factors such as Sims' preferences, the availability of public transportation, and the specific game version you're using."}]}