{"Unnamed: 0": 5730486, "id": "philosophy_38485", "Title": "Was Socrates Greek?", "Body": "Greeks are citizens of Greece.Greece rejected Socrates.Socrates was not a Greek.Does that syllogism work?", "top5_tags": "ethics, criminal-law, political-philosophy, genesis, international-relations", "answer_with_body_context": [{"generated_text": " Title: Was Socrates Greek?\n\nBody:\n\nThe assertion that Socrates was Greek is indeed accurate, but the reasoning provided in the given context requires clarification and expansion from a philosophical standpoint.\n\nFirstly, it is essential to understand that Socrates (470/469 \u2013 399 BC) was a classical Greek philosopher, born and raised in Athens, which is the capital city of modern-day Greece. As a citizen of Athens, Socrates was considered Greek, as citizenship in ancient Greece was based on one's birthplace and lineage.\n\nThe statement \"Greeks are citizens of Greece\" is accurate, but it is not directly relevant to the question of whether Socrates was Greek. The fact that Greece rejected Socrates (as he was sentenced to death by the Athenian democracy) does not negate his Greek identity.\n\nThe claim \"Socrates was not a Greek\" is incorrect. While it is true that Socrates was not a citizen of modern-day Greece, he was a citizen of Athens, which was part of ancient Greece. Therefore, he was indeed Greek.\n\nThe syllogism provided (\"Greeks are citizens of Greece. Greece rejected Socrates. Socrates was not a Greek.\") does not work, as it contains a logical fallacy. The conclusion that \"Socrates was not a Greek\" contradicts the premises. A more accurate syllogism would be:\n\n1. Socrates was a citizen of Athens.\n2. Athens was part of ancient Greece.\n3. Therefore, Socrates was Greek.\n\nIn conclusion, Socrates was Greek, as he was a citizen of Athens, which was part of ancient Greece. The provided syllogism does not work due to a logical fallacy and a misinterpretation of the premises."}], "answer_with_body_base": [{"generated_text": " Title: Was Socrates Greek?\n\nBody: Socrates, one of the most influential philosophers in history, was indeed Greek. He was born in Athens, which is the capital city of Greece, in 470 BC. While it is true that Greece, as a nation-state, did not exist during Socrates' time, the term \"Greek\" in the context of Socrates refers to his ethnicity and cultural background.\n\nThe statement \"Greeks are citizens of Greece\" is accurate, but it is essential to note that during Socrates' time, the concept of citizenship was different from today. Citizenship was primarily based on one's city-state (polis) affiliation, and Athenians were considered citizens of Athens.\n\nThe claim \"Greece rejected Socrates\" is not entirely accurate. Socrates was indeed put on trial and sentenced to death by the Athenian court in 399 BC, but this was not a rejection of his philosophical ideas. Rather, it was a result of his perceived disrespect for traditional Athenian values and his association with individuals who were accused of corrupting the youth and undermining the state.\n\nThe statement \"Socrates was not a Greek\" is incorrect. Socrates was a native Athenian, and his philosophical ideas were deeply rooted in the Greek culture and intellectual tradition.\n\nThe syllogism \"Greeks are citizens of Greece. Greece rejected Socrates. Socrates was not a Greek\" does not work, as it contains inaccuracies and misconceptions. A more accurate syllogism would be: \"Socrates was born in Athens, which is a city-state in ancient Greece. He was a native Athenian and a significant figure in Greek philosophy. Although he faced trial and was sentenced to death by the Athenian court, this does not negate his Greek heritage or the impact of his ideas on Greek culture.\""}]}