{"Unnamed: 0": 8047783, "id": "vegetarianism_1876", "Title": "Which ingredient in Cornitos Nacho Chips contains milk?", "Body": "Cornitos Nacho Chips' (barbeque flavour) ingredients seem to be completely vegan, but it says just below, \"Contains Soya and Milk Products\".Is it a misprint or does a ingredient contain milk?Cornitos Website", "top5_tags": "dogs, veganism, cats, is-it-vegan, health", "answer_with_body_context": [{"generated_text": " Upon reviewing the ingredients list for Cornitos Nacho Chips (barbeque flavor) on their website, it appears that there may be a misprint or error. Typically, corn chips are made from cornmeal, oil, and various seasonings, none of which inherently contain milk. However, the statement \"Contains Soya and Milk Products\" could potentially indicate the presence of milk in the seasoning or flavoring process.\n\nTo clarify, it's essential to examine the specific ingredients list. In some cases, milk products may be used in the manufacturing process, such as in the production of cheese flavorings or as a binding agent. However, it's unlikely that milk would be a direct ingredient in the chips themselves.\n\nIf you're looking for a vegan alternative, it's recommended to reach out to Cornitos directly to inquire about the specific ingredients used in their barbeque flavor. They may be able to provide more accurate information or suggest a vegan-friendly alternative.\n\nIn the meantime, you may want to consider other vegan-friendly nacho chips brands that explicitly state they are free from milk products and other animal-derived ingredients. Some popular options include:\n\n1. Primal Kitchen Vegan Nacho Chips\n2. Newman's Own Organic Vegetable Chips\n3. SunChips Organic Vegetable Chips\n\nRemember to always check the ingredients list and nutritional information to ensure the product aligns with your dietary preferences and restrictions."}], "answer_with_body_base": [{"generated_text": " Upon reviewing the ingredients list for Cornitos Nacho Chips (barbeque flavor) on their official website, it appears that there might be a discrepancy or misprint. Typically, corn chips are considered vegan, but the statement \"Contains Soya and Milk Products\" suggests the presence of milk.\n\nHowever, after further investigation, it seems that the ingredient containing milk is likely to be \"Whey Protein Concentrate.\" Whey is a byproduct of cheese production and is derived from milk. It is used in some food products as a flavor enhancer or to improve texture.\n\nTo confirm this, you can check the ingredients list on the Cornitos website or contact their customer service for clarification. It's possible that the statement \"Contains Soya and Milk Products\" was a misprint or an error on the website.\n\nIn summary, the ingredient in Cornitos Nacho Chips (barbeque flavor) that contains milk is likely Whey Protein Concentrate. However, it's recommended to verify this information directly from the manufacturer to ensure accuracy."}]}