{"Unnamed: 0": 5724231, "id": "opensource_499", "Title": "In a Wikipedia article am I able to insert information licensed with CC BY even though they use a CC BY-SA license?", "Body": "Background:While writing an article on Wikipedia I needed to include text that is licensed under a CC-BY license. After a bit of digging I found that Wikipedia uses a CC BY-SA license.  Question:Despite Wikipedia using a CC-BY-SA license, will I run into problems if I include CC-BY licensed text?", "top5_tags": "licensing, creative-commons, software, project-management, cc-by", "answer_with_body_context": [{"generated_text": " Yes, you can include CC-BY licensed text in a Wikipedia article, but there are some considerations to keep in mind due to Wikipedia's use of the CC BY-SA license.\n\nThe Creative Commons Attribution-ShareAlike (CC BY-SA) license allows users to share (copy, distribute, and transmit) and adapt the licensed work, even commercially, as long as they give appropriate credit to the original author, provide a link to the license, and indicate if changes were made. Additionally, any derivative works must be distributed under the same or a compatible license.\n\nWhen you include CC-BY licensed content in a Wikipedia article, you must adhere to the following guidelines:\n\n1. Attribute the original author: Ensure that you provide proper attribution to the original author of the CC-BY licensed content. This includes mentioning the author's name, the title of the work, and the license under which it is distributed.\n\n2. Link to the license: Include a link to the original CC-BY license in the article, so readers can access the license terms and understand the permissions granted to them.\n\n3. Indicate if changes were made: If you have modified the CC-BY licensed content, you should indicate this in the article. This can be done by mentioning the changes made or by providing a link to the modified version.\n\n4. Comply with Wikipedia's license: Since Wikipedia uses the CC BY-SA license, any derivative works (including your article) must be distributed under the same or a compatible license. This means that if you include CC-BY licensed content in your article, the entire article must be distributed under the CC BY-SA license.\n\nIn summary, you can include CC-BY licensed content in a Wikipedia article, but you must ensure that you comply with the requirements of both the CC-BY license and Wikipedia's CC BY-SA license. This includes proper attribution, linking to the license, indicating any changes made, and distributing the entire article under the CC BY-SA license."}], "answer_with_body_base": [{"generated_text": " Title: Incorporating CC-BY Licensed Content in Wikipedia Articles\n\nBody:\n\nBackground:\nWhen writing an article on Wikipedia, you may come across the need to include text that is licensed under the Creative Commons Attribution (CC-BY) license. However, it's important to note that Wikipedia itself uses a Creative Commons Attribution-ShareAlike (CC BY-SA) license for its content. This raises the question of whether you can incorporate CC-BY licensed content into Wikipedia articles without encountering any issues.\n\nAnswer:\nYes, you can include CC-BY licensed content in Wikipedia articles without running into problems. However, it is essential to understand the implications of both licenses and how they interact with each other.\n\nThe Creative Commons Attribution (CC-BY) license allows others to distribute, remix, adapt, and build upon your work, even commercially, as long as they credit you for the original creation. The CC-BY-SA license, on the other hand, is a \"share-alike\" license that requires any derivative works to be licensed under the same terms as the original work.\n\nWhen incorporating CC-BY licensed content into a Wikipedia article, you must adhere to the following guidelines:\n\n1. Attribute the original source: Ensure that you provide proper attribution to the original author or creator of the CC-BY licensed content. This is a requirement for both CC-BY and CC-BY-SA licenses.\n\n2. Comply with the license terms: Since Wikipedia uses a CC BY-SA license, any derivative works (including Wikipedia articles) must be licensed under the same terms. This means that if you incorporate CC-BY licensed content into a Wikipedia article, the entire article must be licensed under the CC BY-SA license.\n\n3. Seek permission if necessary: If you are unsure about the compatibility of the licenses or if you want to ensure that your article remains under the CC BY-SA license, it is advisable to seek permission from the original content creator.\n\nIn summary, you can include CC-BY licensed content in Wikipedia articles, but you must ensure that the entire article is licensed under the CC BY-SA license. This will help maintain the integrity of Wikipedia's content and ensure that the license terms are upheld."}]}