{"Unnamed: 0": 1446831, "id": "islam_45098", "Title": "How to accurately translate \u062a\u0631\u0643 in the context of the hadith \"Between man and polytheism and unbelief is the [abandonment/negligence] of prayer\"?", "Body": "There are two similar ahadith with different translations:\u0625\u0650\u0646\u0651\u064e \u0628\u064e\u064a\u0652\u0646\u064e \u0627\u0644\u0631\u0651\u064e\u062c\u064f\u0644\u0650 \u0648\u064e\u0628\u064e\u064a\u0652\u0646\u064e \u0627\u0644\u0634\u0651\u0650\u0631\u0652\u0643\u0650 \u0648\u064e\u0627\u0644\u0652\u0643\u064f\u0641\u0652\u0631\u0650 \u062a\u064e\u0631\u0652\u0643\u064e \u0627\u0644\u0635\u0651\u064e\u0644\u0627\u064e\u0629\u0650Verily between man and between polytheism and unbelief is the negligence of prayer.Sahih Muslim 82 a\u0628\u064e\u064a\u0652\u0646\u064e \u0627\u0644\u0631\u0651\u064e\u062c\u064f\u0644\u0650 \u0648\u064e\u0628\u064e\u064a\u0652\u0646\u064e \u0627\u0644\u0634\u0651\u0650\u0631\u0652\u0643\u0650 \u0648\u064e\u0627\u0644\u0652\u0643\u064f\u0641\u0652\u0631\u0650 \u062a\u064e\u0631\u0652\u0643\u064f \u0627\u0644\u0635\u0651\u064e\u0644\u0627\u064e\u0629\u0650Between man and polytheism and unbelief is the abandonment of salat.Sahih Muslim 82 bIt looks like the relevant Arabic word is \u062a\u0631\u0643, which Wiktionary translates to to leave, to relinquish.  The impression I get from the English translation is that it means permanently.Question: How to accurately translate \u062a\u0631\u0643 in the context of the hadith \"Between man and polytheism and unbelief is the [abandonment/negligence] of prayer\"?This is relevant to my previous question here: Can someone end up leaving Islam through neglect?Google Translate gives a ranking of translations, favouring \"leave\" over \"neglect\":", "top5_tags": "women, tafseer, nikah, hadith, quran", "answer_with_body_context": [{"generated_text": " In the context of the hadith \"Between man and polytheism and unbelief is the [abandonment/negligence] of prayer,\" the Arabic word \u062a\u0631\u0643 (tark) can be accurately translated as \"neglect\" or \"abandonment.\" Both translations convey the idea of not fulfilling the obligation of prayer, which is a significant aspect of Islamic faith.\n\nThe hadith Sahih Muslim 82 (a) states: \"\u0628\u064e\u064a\u0652\u0646\u064e \u0627\u0644\u0631\u0651\u064e\u062c\u064f\u0644\u0650 \u0648\u064e\u0628\u064e\u064a\u0652\u0646\u064e \u0627\u0644\u0634\u0651\u0650\u0631\u0652\u0643\u0650 \u0648\u064e\u0627\u0644\u0652\u0643\u064f\u0641\u0652\u0631\u0650 \u062a\u064e\u0631\u0652\u0643\u064f \u0627\u0644\u0635\u0651\u064e\u0644\u0627\u064e\u0629\u0650\" (Bayna al-rajul wa bayna al-shirk wa al-kufr, tark al-salat). The translation \"Between man and polytheism and unbelief is the abandonment of salat\" (Sahih Muslim 82 b) emphasizes the act of neglecting prayer, which is a form of abandonment.\n\nIn the context of the question, \"Can someone end up leaving Islam through neglect?\" the term \"neglect\" is more appropriate, as it implies a lack of commitment to the practice of prayer, which is a fundamental pillar of Islam. The term \"abandonment\" could also be used, but it may imply a more permanent or deliberate act of disassociation from the faith.\n\nIn conclusion, the accurate translation of \u062a\u0631\u0643 in the context of the hadith is \"neglect\" or \"abandonment,\" with \"neglect\" being the more suitable choice when discussing the potential consequences of not fulfilling the obligation of prayer in Islam."}], "answer_with_body_base": [{"generated_text": " In the context of the hadith \"Between man and polytheism and unbelief is the [abandonment/negligence] of prayer,\" the Arabic word \u062a\u0631\u0643 (tark) can be accurately translated as \"neglect\" or \"abandonment.\" Both translations convey the idea of not fulfilling the obligation of prayer, which is a significant aspect of Islamic faith.\n\nThe two similar ahadith with different translations, Sahih Muslim 82 a and Sahih Muslim 82 b, can be translated as follows:\n\n1. Sahih Muslim 82 a: \"Verily between man and between polytheism and unbelief is the negligence of prayer.\"\n2. Sahih Muslim 82 b: \"Between man and polytheism and unbelief is the abandonment of salat.\"\n\nIn this context, the word \u062a\u0631\u0643 (tark) can be translated as \"neglect\" or \"abandonment\" to accurately convey the meaning of the hadith. The choice between \"neglect\" and \"abandonment\" may depend on the specific interpretation and emphasis of the hadith. However, both translations highlight the importance of not neglecting or abandoning the obligation of prayer in Islam.\n\nRegarding the question of whether someone can end up leaving Islam through neglect, it is essential to understand that neglecting prayer is considered a serious sin in Islam. However, it is not the sole factor that determines a person's faith. Islam teaches that a person's faith is based on their belief in the oneness of Allah, the prophethood of Muhammad, and the teachings of the Quran. Therefore, while neglecting prayer is a significant concern, it is not the only factor that determines a person's faith in Islam."}]}