{"Unnamed: 0": 8053369, "id": "writers_349", "Title": "Is there a standardized size for Books?", "Body": "I noticed that my softcover/paperback books are all roughly the same size, but have slight differences.Are there standardized sizes (and are they different between US and Europe, just as US Letter and Din A4 are different?) or does each publisher decide it's own size?Edit: I'm sorry, I don't mean Number of Pages, I mean physical Page Size/Dimensions :)", "top5_tags": "macos, mac-pro, dnd-5e, macbook-pro, style", "answer_with_body_context": [{"generated_text": " Yes, there is a standardized size for books, particularly for paperbacks, which are commonly referred to as \"softcover\" or \"paperback\" books. The standardized size for these books is known as the \"mass market paperback\" size. The dimensions for mass market paperbacks are approximately 5.5 inches (14 cm) in height and 8 inches (20.3 cm) in width. However, it's important to note that there can be slight variations in size due to factors such as the thickness of the paper, the size of the text, and the inclusion of additional content like illustrations or maps.\n\nAs for the differences between the United States and Europe, the standardized sizes for books are not as distinct as the US Letter and A4 sizes. However, there are some variations in the sizes of books published in different regions. For example, the \"trade paperback\" size, which is slightly larger than the mass market paperback, is more common in the United States. Trade paperbacks typically measure around 6 inches (15.24 cm) in height and 9 inches (22.86 cm) in width.\n\nIn Europe, the standardized size for books is closer to the mass market paperback size, with dimensions of approximately 12.5 cm in height and 18 cm in width. However, it's essential to remember that publishers may still choose to deviate from these standard sizes based on their specific needs or preferences.\n\nIn summary, while there are standardized sizes for books, particularly for paperbacks, there can be slight variations in size between different publishers and regions. The mass market paperback size is the most common standard, with slight differences between the United States and Europe. However, publishers may still choose to deviate from these standard sizes based on their specific needs or preferences."}], "answer_with_body_base": [{"generated_text": " Yes, there are standardized sizes for books, particularly for paperback and hardcover formats. These standardized sizes are primarily used in the United States and Europe, and they do differ between the two regions.\n\nIn the United States, the most common paperback book size is the \"Letter\" size, which measures 8.5 inches by 11 inches (215.9 mm x 279.4 mm). This size is also known as \"8.5\" x 11\" or \"US Letter.\" Another popular size is the \"Digest\" size, which measures 6 inches by 9 inches (152.4 mm x 228.6 mm).\n\nIn Europe, the most common paperback book size is the \"DIN A5\" size, which measures 148 mm by 210 mm (5.83 inches by 8.27 inches). Another popular size is the \"DIN A4\" size, which measures 210 mm by 297 mm (8.27 inches by 11.69 inches).\n\nFor hardcover books, the standard sizes are slightly different. In the United States, the most common hardcover book size is the \"Crown\" size, which measures 6 inches by 9 inches (152.4 mm by 228.6 mm). In Europe, the most common hardcover book size is the \"Folio\" size, which measures 14.25 inches by 10.5 inches (360.5 mm by 267 mm).\n\nWhile these standardized sizes are widely used, it's not uncommon for publishers to deviate from these sizes for various reasons, such as aesthetic preferences, marketing strategies, or to accommodate specific content. However, these deviations are usually within a reasonable range of the standard sizes.\n\nIn summary, there are standardized sizes for books, and they do differ between the US and Europe. The most common paperback sizes in the US are Letter and Digest, while in Europe, they are DIN A5 and DIN A4. The most common hardcover sizes in the US are Crown and Folio, while in Europe, they are Folio and DIN A4. Publishers may choose to deviate from these standard sizes, but they generally remain within a reasonable range."}]}