{"Unnamed: 0": 178879, "id": "english_11826", "Title": "Why are people from Sunderland called \"mackems\"?", "Body": "In the north-east of England, if nowhere else, people from Sunderland are called \"mackems\". Does anyone know why this should be? Wikipedia suggests a number of possibilities. Are any of these correct?", "top5_tags": "etymology, slang, meaning, expressions, single-word-requests", "answer_with_body_context": [{"generated_text": " Title: Origins of the Term \"Mackems\" for People from Sunderland\n\nBody:\n\nThe term \"mackems\" is a colloquial nickname used to refer to people from Sunderland, a city located in the north-east of England. The origin of this term is not definitively known, but there are several theories that attempt to explain its origin. Here are some of the most commonly suggested possibilities:\n\n1. Mackem Street: One theory suggests that the term \"mackems\" originated from Mackem Street, a street in Sunderland that was once home to a large number of working-class people. The street was named after the Mackenzie family, who were prominent landowners in the area. Over time, the term \"mackems\" may have evolved from \"Mackenzie\" to \"mackems\" as a way to refer to the people who lived in the area.\n\n2. Mackem Mill: Another theory proposes that the term \"mackems\" comes from Mackem Mill, a historic windmill located in Sunderland. The mill was a significant part of the city's industrial history, and it is believed that the term may have been derived from the mill's name.\n\n3. Mackem Mills: A variation of the previous theory, this theory suggests that the term \"mackems\" may have originated from Mackem Mills, a group of mills that were built in the area during the 19th century. These mills were an important part of Sunderland's industrial landscape, and the term may have been used to refer to the people who worked in these mills.\n\n4. Mackem Mud: A more humorous theory suggests that the term \"mackems\" may have originated from the city's reputation for being muddy and wet. Sunderland is known for its frequent rainfall and damp climate, and the term \"mackems\" may have been used to describe the resilient and hardy nature of the people who lived in the area.\n\n5. Mackem Mouth: Another theory proposes that the term \"mackems\" may have originated from the local dialect of the area, specifically the way people from Sunderland pronounce certain words. The term may have been derived from a local expression or phrase that was used to describe the people of Sunderland.\n\nWhile these theories provide possible explanations for the origin of the term \"mackems,\" the true origin of the nickname remains uncertain. Regardless of its origins, the term \"mackems\" has become an integral part of Sunderland's identity and is widely used to refer to the city's residents."}], "answer_with_body_base": [{"generated_text": " The term \"mackems\" is indeed used to refer to people from Sunderland, a city in the northeast of England. The origin of this nickname is not definitively known, but there are several theories that attempt to explain its origin. Here are some of the most commonly suggested explanations:\n\n1. Mackem Street: One theory suggests that the term originated from Mackem Street, a street in Sunderland that was once a notorious area. Mackem Street was known for its rowdy and rough inhabitants, and the term \"mackem\" may have been derived from the name of the street.\n\n2. Mackem Mill: Another theory proposes that the term \"mackem\" comes from Mackem Mill, a former mill located in Sunderland. The mill was a significant part of the city's history, and the term may have been derived from the name of the mill.\n\n3. Mackem Mills: A variation of the previous theory, this explanation suggests that the term \"mackem\" is derived from Mackem Mills, a group of mills in Sunderland. The term may have been used to describe the people who worked in these mills.\n\n4. Mackem Meadows: This theory suggests that the term \"mackem\" originated from Mackem Meadows, a local area in Sunderland. The term may have been used to describe the people who lived in this area.\n\n5. Mackem Mead: Another variation of the previous theory, this explanation proposes that the term \"mackem\" comes from Mackem Mead, a local area in Sunderland. The term may have been used to describe the people who lived in this area.\n\n6. Mackem: Some sources suggest that the term \"mackem\" may have originated from the Old English word \"maccum,\" which means \"people from the same place.\" This theory implies that the term was used to describe the people of Sunderland as a collective group.\n\n7. Mackem: Another theory suggests that the term \"mackem\" may have originated from the Old Norse word \"makki,\" which means \"strong\" or \"powerful.\" This theory implies that the term was used to describe the strong and resilient people of Sunderland.\n\nWhile these theories provide possible explanations for the origin of the term \"mackems,\" the true origin remains uncertain. The term has been in use for centuries, and its exact origin may never be definitively known. However, it is clear that the term has become an integral part of Sunderland's identity and is widely used to refer to its residents."}]}