{"Unnamed: 0": 201135, "id": "freelancing_7369", "Title": "Is it possible to earn $200 a month by freelancing?", "Body": "I've been trying to earn just $200 a month for five years now but I failed!I tried tons of PTC and surveys websites and I found out that they are scam or they pay too low. They don't worth it. I spend a lot of time and effort testing those websites.I tried to sell some images and pictures on some websites (I don't recall their names because that was in the past) and no one bought them.I've created many blogs and I failed to gain traffic. Finally, I build a blog that is not in English. It has more than 10,000 views per month. But I earn about as low as $3 a month!!I teach my native language on youtube. My channel has more than 10,000 views per months too and 2K subscribers. I earn about $12 a month. That's very low too. Currently, I work as a transcriber. This gives me $30 a month at most. Maybe that's because they don't have a large number of customers.I've just graduated this year. I really need to get $200 a month because they are enough for my living. If I managed to do it, I don't have to get a real work. I can work online. So, I applied to one of the websites that can make me earn $10 per a tested website. I applied twice but I failed. I created accounts on Fiverr and Freelancer but no one buys my gigs or hires me. Could you tell me a way to get $200 a month, Please? I need a trusted (legit) website that gives me a job. I prefer not to search for customers or get traffic. I need direct tasks or jobs like what I do as a transcriber. The website gives me files to transcribe, Then I get paid.I've many skills. I can type very fast. I'm an expert in photoshop, MS word, power point, excel. I've two languages (English and Arabic) so I can work as a translator.Thank you so much,", "top5_tags": "multiple-sclerosis, meaning-in-context, copyright, meaning, united-states", "answer_with_body_context": [{"generated_text": " Title: Is it possible to earn $200 a month by freelancing?\n\nBody:\n\nI understand your frustration in trying to earn $200 a month through freelancing. It's a challenging goal, but with the right approach and mindset, it is possible to achieve. Here are some suggestions to help you reach your target:\n\n1. Specialize in a niche: Focus on a specific area of expertise, such as translation, graphic design, or transcription. This will help you stand out and attract clients who are looking for your particular skill set.\n\n2. Build a strong portfolio: Showcase your work on your website or social media platforms. Highlight your best projects and include testimonials from satisfied clients. A strong portfolio will help you gain credibility and attract potential clients.\n\n3. Network and market yourself: Join freelancing communities, forums, and social media groups to connect with other professionals and potential clients. Share your work and expertise, and engage in conversations to build relationships.\n\n4. Consider joining a freelancing platform: Platforms like Upwork, Freelancer, and Toptal can help you find clients who are looking for your specific skills. These platforms have a large pool of clients and can help you secure projects that pay well.\n\n5. Offer competitive rates: Research the market rates for your services and set your prices accordingly. Be sure to factor in your time, effort, and any additional costs when determining your rates.\n\n6. Be patient and persistent: Building a successful freelancing career takes time and effort. Don't be discouraged by initial setbacks. Keep refining your skills, marketing yourself, and seeking out new opportunities.\n\n7. Consider passive income streams: While it may be challenging to earn $200 a month solely through freelancing, you can supplement your income by exploring passive income opportunities. For example, you can create and sell digital products, such as e-books, online courses, or stock photography.\n\n8. Seek out direct work opportunities: Look for websites that offer direct work opportunities, such as transcription services or content writing. These platforms often provide clients with specific tasks and pay you directly for your work.\n\n9. Improve your skills: Continuously improve your skills and stay up-to-date with industry trends. This will help you remain competitive and attract clients who value your expertise.\n\n10. Be open to feedback and learning: Listen to feedback from clients and use it to improve your work. Learning from your experiences will help you grow as a freelancer and increase your chances of success.\n\nRemember that earning $200 a month through freelancing is a realistic goal, but it may take time and effort to achieve. By focusing on your strengths, building a strong portfolio, and networking with potential clients, you can increase your chances of reaching your target. Good luck!"}], "answer_with_body_base": [{"generated_text": " Title: Earning $200 a Month through Freelancing: Strategies and Opportunities\n\nBody:\n\nEarning $200 a month through freelancing can be challenging, but it's not impossible. It requires a combination of persistence, skill development, and finding the right opportunities. Here are some strategies and potential avenues to consider:\n\n1. Specialize in a niche: Focus on a specific skill or service that you excel at, such as transcription, graphic design, or translation. By specializing, you can target clients who need your particular expertise, increasing your chances of securing higher-paying gigs.\n\n2. Build a strong portfolio: Showcase your work on freelancing platforms like Upwork, Freelancer, and Fiverr. A strong portfolio can help you stand out from the competition and attract clients who are willing to pay more for your services.\n\n3. Leverage your language skills: As a bilingual individual, you can offer translation services or work as a freelance translator. Websites like TranslatorsCafe, ProZ, and Gengo can help you find translation jobs.\n\n4. Explore remote work opportunities: Consider working as a virtual assistant, content writer, or social media manager. Websites like Virtual Assistant Directory, Remote.co, and We Work Remotely can help you find remote gigs that pay well.\n\n5. Offer your services on Upwork: Upwork is a popular freelancing platform that offers a variety of gigs, including transcription, graphic design, and translation. To increase your chances of landing a $200-a-month gig, focus on building a strong profile, showcasing your skills, and setting competitive rates.\n\n6. Join professional networks: Join online communities and forums related to your skills and services. Networking with other professionals can help you discover new opportunities and gain referrals.\n\n7. Consider affiliate marketing: If you have a passion for a particular product or service, you can earn money by promoting it through affiliate marketing. Websites like ShareASale and Commission Junction can help you find affiliate programs that align with your interests.\n\n8. Be patient and persistent: Building a freelance career takes time, and it's essential to remain patient and persistent. Keep refining your skills, networking, and applying for gigs until you find the right opportunity.\n\nRemember that earning $200 a month through freelancing may not be easy, but it's possible with the right approach and dedication. By focusing on your strengths, building a strong portfolio, and exploring various opportunities, you can increase your chances of finding a trusted, legitimate website that offers you a job. Good luck!"}]}