{"Unnamed: 0": 26031, "id": "bicycles_30726", "Title": "Help on calculating spoke length", "Body": "I am going to replace my bent hub on my MTB. The hub is Novatec D042SB and the rim which I am going to order is Sun Ringle Inferno 25 29er. Since my hub is not so popular there are not any default dimensions available in online spoke calculator databases. I cannot take apart all the stuff on the wheel for precise measurements and that's why I have to ask for your help. I have used several calculators and all of them gave me different result ranging from 290mm to 294mm. Here are the dimensions of my hub in Novatec's official website.Flange to Flange 58.4mmFlange Diameter 58mmOver Locknut 135mmOffset of centers 6.8 mmRim ERD 602 mmIf anyone has experience with building a wheel, please help me to determine the exact length of the spokeThanks in advance", "top5_tags": "cassette, brakes, rotor, wheels, rims", "answer_with_body_context": [{"generated_text": " To calculate the spoke length for your MTB wheel, you can use the following formula:\n\nSpoke Length = (Rim Effective Rim Diameter (ERD) - Flange to Flange) + (2 * (Offset of Centers))\n\nGiven the dimensions of your hub and rim, you can plug in the values:\n\nSpoke Length = (602mm - 58.4mm) + (2 * 6.8mm)\n\nSpoke Length = 543.6mm + 13.6mm\n\nSpoke Length = 557.2mm\n\nHowever, this length is the total length of the spokes from the center of the hub to the rim. To get the spoke length for each individual spoke, you need to divide this value by the number of spokes on your wheel.\n\nFor example, if you have 32 spokes on your wheel, the spoke length for each spoke would be:\n\nSpoke Length = 557.2mm / 32\n\nSpoke Length = 17.41mm\n\nKeep in mind that this is an approximate value, and it's always a good idea to round up to the nearest available spoke length to ensure proper tension and fit. In this case, you may want to consider using a spoke length of 18mm or 19mm.\n\nRemember to double-check the spoke length with a professional or experienced wheel builder to ensure the best results for your specific wheel build."}], "answer_with_body_base": [{"generated_text": " To calculate the spoke length for your MTB wheel, you can use the following formula:\n\nSpoke Length = (2 * Rim Effective Radius)\u00b2 - Flange Diameter\u00b2 - (2 * Flange to Flange Distance) - (2 * Rim Over Locknut) - (2 * Rim Offset)\n\nGiven the dimensions of your hub and rim, you can plug in the values:\n\nSpoke Length = (2 * 60.2mm)\u00b2 - (58mm)\u00b2 - (2 * 6.8mm) - (2 * 135mm)\n\nSpoke Length = (120.4mm)\u00b2 - (58mm)\u00b2 - (13.6mm) - (270mm)\n\nSpoke Length = 14,476.16mm\u00b2 - 3,364mm\u00b2 - 13.6mm - 270mm\n\nSpoke Length = 11,102.56mm\u00b2 - 283.6mm\n\nSpoke Length \u2248 10,818.96mm\u00b2\n\nNow, to convert the result to millimeters, take the square root of the value:\n\nSpoke Length \u2248 104.1mm\n\nHowever, this value is the theoretical spoke length. In practice, you should add a small amount (usually 1-2mm) to account for the spoke's bend and the lacing pattern. Based on the range you provided (290mm to 294mm), the most suitable spoke length for your wheel would be around 292mm.\n\nPlease note that this calculation is an approximation, and it's always recommended to consult with a professional wheel builder or use a more accurate spoke length calculator that takes into account the specific lacing pattern and spoke profile you plan to use."}]}