{"Unnamed: 0": 165565, "id": "cooking_20372", "Title": "What role does alcoholic liquid play in cheese fondue recipes?", "Body": "Pretty much every recipe I've seen for cheese fondue includes either white wine (sometimes alongside kirsch/brandy) or some kind of beer in the delicious cheesy sauce.Why is the added liquid (seemingly) always alcoholic - as opposed to adding, say, water? Is it because beer or wine complements the other flavors in the fondue, or because milk proteins are alcohol soluble so it achieves the desired consistency? Or is there some other reason that combines those two explanations (or presents a different one entirely)?", "top5_tags": "budget, transportation, south-africa, camping, gear", "answer_with_body_context": [{"generated_text": " Alcoholic liquids play a crucial role in cheese fondue recipes, serving both flavor and functional purposes. The primary reasons for incorporating alcoholic liquids, such as white wine or beer, into cheese fondue are as follows:\n\n1. Flavor enhancement: Alcoholic liquids, like white wine or beer, contribute to the overall taste of the fondue. The unique flavors of these beverages complement the rich, creamy cheese, creating a harmonious and well-balanced dish. The alcohol in these liquids helps to extract and infuse the flavors of the cheese and other ingredients, such as garlic and herbs, into the fondue.\n\n2. Alcohol solubility: Milk proteins, which are a key component of cheese, are indeed soluble in alcohol. This solubility helps to create a smooth and creamy texture in the fondue. The alcohol acts as a solvent, allowing the milk proteins to dissolve and blend more easily with the other ingredients. This results in a more consistent and velvety fondue.\n\n3. Emulsification: Alcoholic liquids can also help to emulsify the ingredients in the fondue. Emulsification is the process of combining two or more immiscible substances, such as oil and water, into a stable mixture. In the case of cheese fondue, alcohol can help to bind the cheese and other ingredients together, creating a more cohesive and uniform sauce.\n\n4. Preventing separation: The alcohol in the fondue can help to prevent the separation of the cheese and other ingredients. This is particularly important when using a high-fat cheese, as the fat content can cause the fondue to separate over time. The alcohol acts as a stabilizer, keeping the ingredients well-mixed and maintaining the fondue's smooth consistency.\n\n5. Cooking process: Alcoholic liquids can also play a role in the cooking process of the fondue. The heat from the alcohol can help to melt the cheese more efficiently, ensuring that the fondue reaches the desired consistency. Additionally, the alcohol can help to evaporate any excess moisture in the fondue, further contributing to the desired texture.\n\nIn summary, the use of alcoholic liquids in cheese fondue recipes serves multiple purposes, including flavor enhancement, solubility of milk proteins, emulsification, prevention of separation, and aiding in the cooking process. The combination of these factors results in a delicious, smooth, and well-balanced fondue that is sure to delight your taste buds."}], "answer_with_body_base": [{"generated_text": " Alcoholic liquids, such as white wine or beer, play a crucial role in cheese fondue recipes for several reasons. Firstly, the alcohol in these liquids helps to achieve the desired consistency and texture of the fondue. Milk proteins are not particularly soluble in alcohol, but the alcohol does help to break down the proteins, allowing them to blend more smoothly with the cheese and other ingredients. This results in a creamy and velvety fondue that is easy to dip and enjoy.\n\nSecondly, the addition of alcoholic liquids, like wine or beer, enhances the overall flavor profile of the fondue. The alcohol acts as a flavor carrier, helping to balance and complement the rich, savory taste of the cheese. The specific type of alcohol used can also contribute to the fondue's flavor, with white wine adding a subtle fruity and acidic note, while beer can introduce a variety of flavors depending on the type used (e.g., light, dark, or bitter).\n\nIn some recipes, a small amount of a spirit like kirsch (cherry brandy) or cognac is also added to the fondue. These spirits can further enhance the flavor and add a unique depth to the dish.\n\nIn summary, the use of alcoholic liquids in cheese fondue recipes serves two main purposes: achieving the desired consistency and texture, and enhancing the overall flavor profile of the dish. While water could technically be used to achieve a similar consistency, it would not contribute the same depth of flavor that alcoholic liquids provide."}]}