{"Unnamed: 0": 8038668, "id": "sustainability_4337", "Title": "How much energy costs do portable solar panels save in a house?", "Body": "Our Houston area HOA does not allow roof top solar panels and I doubt they would survive our hurricanes too. I discovered NRG Energy sells these portable solar panels under their goal zero brand. If we used these solar panel kits to simply charge our phones everyday, how much energy would we take off the grid?Our monthly utility bill is about $40 while gas is about $90. How much money would buying one kit or several kits save?Related SL question ", "top5_tags": "identification, watering, shrubs, flowers, plant-recommendations", "answer_with_body_context": [{"generated_text": " Title: Estimated Energy Cost Savings from Portable Solar Panels in a House\n\nBody:\n\nThe use of portable solar panels, such as those offered by NRG Energy under their Goal Zero brand, can contribute to energy sustainability and cost savings in a house, even in areas where traditional roof-top solar panels are not feasible. While the exact savings will depend on various factors such as the number of panels, their efficiency, and the energy consumption of the household, we can provide a rough estimate of potential savings.\n\nAssuming that the portable solar panels are used to charge household devices like phones, laptops, and tablets, the energy savings would be relatively small compared to the overall energy consumption of a house. However, it's essential to note that the use of portable solar panels can still contribute to reducing the overall demand for grid-supplied electricity, which can have a positive impact on the environment and energy sustainability.\n\nTo calculate the potential savings from using portable solar panels, let's consider a hypothetical scenario where a household uses one Goal Zero solar panel kit to charge their devices. The Goal Zero solar panel kit typically includes a 10-watt panel, a 10-amp charger, and a 10-amp battery.\n\nAssuming that the solar panel generates an average of 5 hours of sunlight per day, the kit can produce approximately 50 watt-hours (Wh) of energy per day. Over a month, this amounts to 150 Wh or 0.15 kilowatt-hours (kWh).\n\nNow, let's consider the energy consumption of the household. If the monthly utility bill is $40 and the gas bill is $90, the total energy consumption is approximately 1,000 kWh (assuming an average cost of $0.12 per kWh for electricity).\n\nUsing the portable solar panel kit, the household can save around 0.15 kWh of energy per month. This translates to a savings of $0.018 (0.15 kWh * $0.12/kWh) on the electricity bill. While this may not seem like a significant amount, it's essential to remember that the use of portable solar panels can help reduce the overall demand for grid-supplied electricity, which can have a positive impact on the environment and energy sustainability.\n\nIf the household decides to invest in multiple Goal Zero solar panel kits, the energy savings will increase proportionally. For example, if the household invests in three kits, the total energy savings would be 0.45 kWh per month, resulting in a savings of $0.054 on the electricity bill.\n\nIn conclusion, while the energy savings from using portable solar panels in a house may not be substantial, they can still contribute to energy sustainability and reduce the overall demand for grid-supplied electricity. Additionally, the use of portable solar panels can help households become more self-sufficient and resilient in the face of potential power outages or natural disasters."}], "answer_with_body_base": [{"generated_text": " Title: Estimated Energy Cost Savings from Portable Solar Panels in a House\n\nBody:\n\nThe energy savings from using portable solar panels, such as those offered by NRG Energy under their Goal Zero brand, can vary depending on several factors including the number of panels, the energy consumption of the household, and the local electricity rates.\n\nTo estimate the potential energy cost savings, let's consider a scenario where a household uses portable solar panels to charge their phones and other small devices daily. Assuming an average household has around 5 devices that require charging, and each device consumes about 10 watts per hour, the total energy consumption would be approximately 50 watts per hour.\n\nIf we assume that the household uses the portable solar panels for 5 hours per day, the total energy generated by the solar panels would be around 250 watt-hours (Wh) per day. Over a month, this would amount to 7,500 Wh or 7.5 kWh.\n\nNow, let's consider the cost of electricity in the Houston area. According to the U.S. Energy Information Administration (EIA), the average residential electricity rate in Houston is around $0.12 per kWh. Therefore, the monthly energy savings from using portable solar panels to charge devices would be approximately $0.90 (7.5 kWh * $0.12/kWh).\n\nWhile this may not seem like a significant amount, it's essential to remember that this is just the savings from charging small devices. If the household were to use portable solar panels to power larger appliances or reduce overall energy consumption, the savings could be much higher.\n\nAs for the cost of purchasing portable solar panels, it depends on the specific model and the number of panels you choose to buy. For example, a Goal Zero Boulder 100 Portable Solar Panel Kit costs around $300 and includes 100 watts of solar panel capacity. If you were to split the cost of the kit among several households, the cost per household would be lower.\n\nIn conclusion, while portable solar panels may not replace the need for traditional energy sources entirely, they can still contribute to energy cost savings, especially when used to charge small devices. The exact savings will depend on the number of panels, the energy consumption of the household, and the local electricity rates. However, investing in portable solar panels can be a step towards reducing your carbon footprint and promoting sustainable energy practices."}]}