{"Unnamed: 0": 3891199, "id": "music_38352", "Title": "Is there a specific name for the arpeggio symbol?", "Body": "Is there a specific name for the squiggly arpeggio symbol? If so, are there different names for arpeggio symbols that point up or down or spans both clefs?I find having to write out \"arpeggio symbol\" so much gets old, but I'm guessing there isn't a better way.This does seem like a pointless question, but some symbols have their own names aside from the names of what they stand for.", "top5_tags": "star-wars-battlefront-2015, plot-explanation, united-states, star-wars, the-empire-strikes-back", "answer_with_body_context": [{"generated_text": " Yes, there is a specific name for the squiggly arpeggio symbol in music notation. It is called an \"arpeggiato\" symbol or \"arpeggiation\" mark. This symbol instructs the musician to play the notes of a chord in a broken or arpeggiated manner, rather than simultaneously.\n\nThe arpeggiato symbol can be represented in two ways:\n\n1. A wavy line (~) placed above or below a chord symbol, indicating that the notes should be played in an arpeggiated fashion.\n2. A small \"j\" or \"jazz\" symbol (\ud834\udd06 or \ud834\udd07) placed above or below a chord symbol, which is more commonly used in jazz music.\n\nRegarding arpeggio symbols that point up or down or span both clefs, there isn't a specific name for these variations. However, the arpeggiato symbol can be placed above or below the chord, regardless of the clef, to indicate the desired arpeggiated pattern. The direction of the arpeggio (up or down) is usually indicated by the direction of the note stems in the written music.\n\nWhile it may seem repetitive to refer to the \"arpeggiato symbol\" or \"arpeggiation mark,\" it is a widely recognized term in music notation. However, you can also use the term \"broken chord\" or \"arpeggio\" when discussing the concept with others."}], "answer_with_body_base": [{"generated_text": " Yes, there is a specific name for the squiggly arpeggio symbol, and it is called an \"arpeggio\" or \"arpeggiato\" symbol. This symbol is used to indicate that the notes should be played in a broken or arpeggiated manner, meaning they are played in a sequence rather than simultaneously.\n\nThe arpeggio symbol itself is a small, curved line that resembles a squiggle or a wavy line. It is placed above or below the notes that are to be played in an arpeggiated manner.\n\nAs for different names for arpeggio symbols that point up or down or span both clefs, there isn't a specific name for these variations. However, the arpeggio symbol is typically placed above or below the notes, regardless of the clef or direction. The placement of the symbol is more about indicating the desired playing technique rather than a specific name for the symbol itself.\n\nIn summary, the arpeggio symbol is called an \"arpeggio\" or \"arpeggiato\" symbol, and it is used to indicate that the notes should be played in a broken or arpeggiated manner. There isn't a specific name for arpeggio symbols that point up or down or span both clefs, but the placement of the symbol is consistent in indicating the desired playing technique."}]}