{"Unnamed: 0": 7706716, "id": "skeptics_26816", "Title": "Has every U.S. presidential election been won by the campaign with the most money?", "Body": "According to Russell Brand:  Every election in American history has been won by the party with the most money to campaign.Let's assume that he means every presidential election.  Has every presidential election in U.S. history been won by the party with the most money to campaign?Edit: To make this question answerable, let's stick to elections recent enough where campaign financing is publicly available.", "top5_tags": "united-states, trains, united-kingdom, germany, canada", "answer_with_body_context": [{"generated_text": " From a skeptical standpoint, the assertion that every U.S. presidential election has been won by the campaign with the most money to campaign requires a nuanced examination of historical data and the complexities of electoral politics. While it's true that campaign financing plays a significant role in elections, it's not accurate to say that every presidential election has been won solely based on the most money spent.\n\nTo address the question, let's consider the most recent presidential elections where campaign financing data is available:\n\n1. 2008 Presidential Election (Barack Obama vs. John McCain): Barack Obama's campaign raised a record-breaking $748 million, while John McCain's campaign raised $534 million. Obama's campaign spent $644 million, while McCain's spent $594 million. Obama won the election with 52.9% of the popular vote and 365 electoral votes.\n\n2. 2012 Presidential Election (Barack Obama vs. Mitt Romney): Barack Obama's campaign raised $690 million, while Mitt Romney's campaign raised $680 million. Obama's campaign spent $1.2 billion, while Romney's spent $1.1 billion. Obama won the election with 51.1% of the popular vote and 332 electoral votes.\n\n3. 2016 Presidential Election (Donald Trump vs. Hillary Clinton): Donald Trump's campaign raised $1.27 billion, while Hillary Clinton's campaign raised $773 million. Trump's campaign spent $1.4 billion, while Clinton's spent $1.2 billion. Trump won the election with 46.1% of the popular vote and 304 electoral votes.\n\nWhile it's evident that campaign financing plays a significant role in elections, it's not the sole determining factor in winning a presidential election. Other factors, such as candidate appeal, political climate, and voter sentiment, also play crucial roles.\n\nFor instance, in the 2016 election, despite Hillary Clinton's campaign having less money than Donald Trump's, she still won the popular vote by a significant margin (48.2% to 46.1%). However, Trump ultimately won the electoral college, securing the presidency.\n\nIn conclusion, while campaign financing is undoubtedly a critical aspect of presidential elections, it's not accurate to claim that every U.S. presidential election has been won by the campaign with the most money. The 2016 election serves as a prime example of how other factors can influence the outcome of an election, even when one candidate has more financial resources."}], "answer_with_body_base": [{"generated_text": " No, not every U.S. presidential election has been won by the campaign with the most money. While campaign financing plays a significant role in elections, it is not the sole determinant of victory. There have been instances where candidates with less financial backing have won the presidency.\n\nFor example, in the 1992 presidential election, Bill Clinton, the Democratic candidate, won the presidency despite not having the most campaign funds. Clinton's campaign was able to effectively utilize grassroots fundraising and focused on connecting with voters on key issues, such as the economy and healthcare.\n\nSimilarly, in the 2008 presidential election, Barack Obama, the Democratic candidate, won the presidency with a campaign that relied heavily on small donations and grassroots support. Obama's campaign was able to mobilize a large number of volunteers and supporters, which helped him secure the victory.\n\nIn the 2016 presidential election, Donald Trump, the Republican candidate, won the presidency despite having less campaign funds than his opponent, Hillary Clinton. Trump's campaign focused on a populist message and utilized social media and other unconventional methods to reach voters.\n\nThese examples demonstrate that while campaign financing is an important factor in elections, it is not the only one. Factors such as candidate appeal, voter turnout, and the effectiveness of campaign strategies also play a significant role in determining the outcome of a presidential election."}]}