{"Unnamed: 0": 1455697, "id": "law_12078", "Title": "Is a movie from 1955 completely copyright free?", "Body": "I'm wondering if a movie of 1955 is completely copyright free and so if I'm allowed to write and add English subtitles, and distribute it (per download or stream).It's a Dutch movie and I want it to be accessible with English subtitles for everyone to download and see it. To share about Dutch history and culture in The Netherlands.", "top5_tags": "internet, dermatology, virus, vitiligo, vaccination", "answer_with_body_context": [{"generated_text": " The copyright status of a movie from 1955 depends on the laws of the country in which the copyright was originally registered and the country where you intend to distribute the subtitled version. In the United States, for example, the general rule is that copyright protection lasts for the life of the author plus 70 years. However, for works made for hire, anonymous works, or pseudonymous works, the term is 95 years from publication or 120 years from creation, whichever is shorter.\n\nGiven that the movie in question is from 1955, it is likely that the copyright has expired in the United States, as the copyright term for works published before 1978 was 95 years from publication. However, it is essential to verify the specific copyright status of the movie in question, as the expiration date may vary depending on the country of origin and the specific circumstances of the film's creation.\n\nIf the movie is indeed in the public domain, you would be allowed to create and distribute English subtitled versions of the film. However, it is crucial to ensure that you are not infringing on any related rights, such as the rights of the translators or the rights of the original creators of the subtitles.\n\nIn the case of a Dutch movie, the copyright laws of the Netherlands would also apply. The Netherlands generally follows the Berne Convention, which means that the copyright term is the life of the author plus 70 years. If the movie's copyright has expired in the Netherlands, you would be allowed to create and distribute the English subtitled version.\n\nBefore proceeding, it is recommended to consult with a legal professional to ensure that you are not infringing on any copyrights or related rights. Additionally, consider reaching out to the original creators or rights holders to seek permission for your project, as this may help avoid potential legal issues."}], "answer_with_body_base": [{"generated_text": " Title: Copyright Status of 1955 Movies and Subtitling\n\nBody:\n\nThe copyright status of a movie from 1955 depends on several factors, including the country of origin and the specific laws in place at the time of its release. In general, copyright protection for films typically lasts for the life of the author plus 70 years (or 50 years in some countries). However, it's essential to consider the following points:\n\n1. Country of origin: Copyright laws vary from country to country. In the United States, for example, the Copyright Act of 1976 stipulates that works published before 1923 are in the public domain. However, for a 1955 film, the copyright status would depend on the country of origin.\n\n2. Copyright term: In the United States, the copyright term for a film is the life of the author plus 70 years. If the film was created by a single author, the copyright would expire 70 years after the author's death. If the film was created by multiple authors, the copyright would expire 70 years after the last surviving author's death.\n\n3. Public domain: If the copyright has expired, the film would be considered public domain, and you would be allowed to create and distribute English subtitles without infringing on copyright. However, it's essential to verify the copyright status of the specific film in question.\n\nFor a Dutch movie from 1955, you would need to research the copyright laws in the Netherlands at the time of the film's release. In the Netherlands, the copyright term is the life of the author plus 70 years. If the film was created by a single author, the copyright would expire 70 years after the author's death. If the film was created by multiple authors, the copyright would expire 70 years after the last surviving author's death.\n\nIf the copyright has expired, you would be allowed to create and distribute English subtitles for the film. However, it's essential to verify the copyright status of the specific film in question.\n\nIn summary, a 1955 movie may or may not be completely copyright-free, depending on the country of origin and the specific copyright laws in place at the time of its release. To ensure that you are not infringing on copyright, it's crucial to research the copyright status of the specific film and consult with a legal expert if necessary.\n\nIf the copyright has expired, you would be allowed to create and distribute English subtitles for the film. However, it's essential to consider the potential legal and ethical implications of distributing the film, especially if it's a culturally significant work.\n\nRemember that while sharing the film with English subtitles may help make it accessible to a wider audience, it's essential to respect the original creators and their work."}]}