{"Unnamed: 0": 1448446, "id": "judaism_13465", "Title": "Who invented the Mikraot Gedolot?", "Body": "Whose idea was the Mikraot Gedolot and when was it first published? Mikraot Gedolot is a Humash with a collection of commentaries very popular in Jewish circles today.", "top5_tags": "halacha, jewish-books, sources-mekorot, product-recommendation, tzitzis", "answer_with_body_context": [{"generated_text": " The Mikraot Gedolot, also known as the \"Great Scriptures,\" is a seminal work in Jewish literature, compiling the Hebrew Bible (Tanakh) along with a collection of rabbinic commentaries. It was not the invention of a single individual but rather the result of a collaborative effort by several Jewish scholars over several centuries.\n\nThe earliest version of the Mikraot Gedolot was compiled by Jacob ben Hayyim ibn Adonijah, also known as Rabbi Jacob ben Asher, in the 14th century (1322-1342). Rabbi Jacob ben Asher, a prominent Jewish scholar and Talmudist, was the primary contributor to the first edition of the Mikraot Gedolot. He gathered and organized the various commentaries and interpretations of the Hebrew Bible that were available at the time, including the works of Rashi (Rabbi Shlomo Yitzchaki), Abraham ibn Ezra, and others.\n\nHowever, the Mikraot Gedolot continued to evolve and expand over the centuries, with subsequent editions incorporating additional commentaries and interpretations. One of the most significant later editions was the Mikraot Gedolot compiled by Yom-Tov Lipmann-Muhlhausen, a German rabbi, in the 16th century (1512-1515). This edition, known as the \"Lipmann-Muhlhausen Mikraot Gedolot,\" included the works of Rashi and other commentators, and it became the basis for many later editions.\n\nIn the 19th century, the Mikraot Gedolot was further revised and expanded by Rabbi Chaim Joseph David Azulai (1724-1793), who added additional commentaries and annotations. This edition, known as the \"Mikraot Gedolot ha-Keter,\" was published in Livorno, Italy, in 1807.\n\nToday, the Mikraot Gedolot remains a vital resource for Jewish study and is widely used in Jewish communities around the world. It continues to be revised and updated, with new editions incorporating additional commentaries and insights from contemporary Jewish scholars."}], "answer_with_body_base": [{"generated_text": " The Mikraot Gedolot, also known as the \"Great Scriptures,\" is a seminal work in Jewish literature, compiling the Hebrew Bible (Tanakh) along with a collection of rabbinic commentaries. The primary contributors to the creation of the Mikraot Gedolot were the Jewish scholars and editors Rabbi Yom Tov Asevilli (Rabbeinu Tam) and Rabbi Shlomo Yitzhaki (Rashi), among others.\n\nThe project was initiated by Rabbi Shlomo Yitzhaki (Rashi) in the 11th century, and it was later expanded and edited by Rabbi Yom Tov Asevilli (Rabbeinu Tam) in the 12th century. The first complete edition of the Mikraot Gedolot was published in 1516-1517 by Daniel Bomberg, a Christian printer in Venice, Italy. This edition, known as the \"Bomberg Codex,\" is considered the first printed edition of the Mikraot Gedolot and has had a profound influence on Jewish study and practice.\n\nThe Mikraot Gedolot is a comprehensive collection of the Hebrew Bible, including the Torah (the Five Books of Moses), the Nevi'im (Prophets), and the Ketuvim (Writings). It also contains a wide range of commentaries, including the famous commentary of Rashi, as well as other rabbinic commentaries such as the Tosafot, the Rashbam, and the Ramban (Nachmanides).\n\nThe Mikraot Gedolot has been continuously revised and updated over the centuries, and it remains a central text in Jewish study and practice today. Its commentaries and interpretations have shaped Jewish thought and understanding of the Hebrew Bible, and it continues to be a valuable resource for scholars, students, and practitioners of Judaism."}]}