{"Unnamed: 0": 1458578, "id": "lifehacks_19411", "Title": "Does pressing \"9\" on a phone actually put my number on an internal \"Do not call\" list?", "Body": "BackgroundAccording to Lifehacks #1777, pressing \"9\" on a phone will apparently add your number to an internal do not call list on the other end.  This is also apparently verified by a very hoaky looking website.  But I cannot find a solid confirmation or denial of this Lifehack.QuestionIs it true that I can press \"9\" on a phone to put a telemarketer on a do not call list?  ", "top5_tags": "united-states, executive, impeachment, legislative-process, constitution", "answer_with_body_context": [{"generated_text": " While the idea of pressing \"9\" on a phone to add your number to an internal \"Do Not Call\" list may seem like a handy lifehack, it's important to note that this method is not officially supported or recognized by telecommunication companies.\n\nThe concept behind this lifehack is based on the assumption that some phone systems may have a feature that allows users to input a \"9\" to signal that they do not wish to be contacted. However, this is not a standardized or widely-used method for registering on a \"Do Not Call\" list.\n\nTo ensure your number is added to a \"Do Not Call\" list, it's best to follow the official procedures provided by your country's telecommunications regulatory body. In the United States, for example, you can register your number on the National Do Not Call Registry by visiting the official website (https://www.donotcall.gov) or by calling the designated hotline.\n\nIn summary, while pressing \"9\" on a phone might be a useful lifehack in some cases, it is not a reliable or universally accepted method for adding your number to a \"Do Not Call\" list. Instead, follow the official procedures provided by your country's regulatory body to ensure your number is protected from unwanted telemarketing calls."}], "answer_with_body_base": [{"generated_text": " No, pressing \"9\" on a phone does not actually put your number on an internal \"Do Not Call\" list. The claim you mentioned from Lifehacks #1777 and the website you referred to is not accurate.\n\nThe \"9\" key on a phone is commonly used as a shortcut to access the phone's keypad, which allows you to dial numbers quickly. However, it does not have any direct connection to a \"Do Not Call\" list.\n\nTo add your number to a \"Do Not Call\" list, you should contact your country's telecommunications regulatory authority or the Federal Trade Commission (FTC) in the United States. They maintain a national \"Do Not Call\" registry where you can register your phone number to reduce unwanted telemarketing calls.\n\nRemember to always verify information from reliable sources before believing and sharing it. In this case, the Lifehack you mentioned is not a trustworthy source for information about the \"Do Not Call\" list."}]}