{"Unnamed: 0": 1438631, "id": "hinduism_1", "Title": "Is there an Orthodox Hinduism?", "Body": "Orthodoxy in Christianity is the holding to the oldest beliefs.  It is of course impossible for the religion not to evolve at all as new questions and there answer have to addressed. The \"Orthodox\" version is often considered to be the least evolved sect of a religion.  Does the concept of Orthodox apply in Hinduism? ", "top5_tags": "rabbits, health, safety, cats, canoes", "answer_with_body_context": [{"generated_text": " Title: Is there an Orthodox Hinduism?\n\nBody:\n\nThe concept of Orthodoxy, as it is understood in Christianity, refers to adherence to the oldest beliefs and practices. However, applying this concept directly to Hinduism may not yield the same results due to the inherent differences in the nature of these two religions.\n\nHinduism, unlike Christianity, is not a monolithic religion but a complex, diverse, and pluralistic tradition with various schools of thought, philosophies, and practices. It has evolved over thousands of years, absorbing and assimilating various cultural, social, and philosophical influences. This makes it challenging to define a singular \"Orthodox\" Hinduism.\n\nHowever, there are certain core beliefs and practices that are widely accepted and followed by a significant number of Hindus. These include the belief in Dharma (righteousness), Karma (action and its consequences), Samsara (cycle of birth and rebirth), and Moksha (liberation from the cycle of Samsara). The Vedas, Upanishads, Bhagavad Gita, and other ancient scriptures are considered authoritative sources of knowledge and guidance.\n\nIn Hinduism, the term \"Sanatana Dharma\" (eternal order) is often used to describe the timeless and universal nature of the religion. It is a concept that emphasizes the continuity and consistency of the core principles and values of Hinduism, rather than a rigid adherence to specific beliefs or practices.\n\nWhile there may not be a single \"Orthodox\" Hinduism, there are various sects and traditions within Hinduism that can be considered as more conservative or traditional in their approach to religious practices and beliefs. For example, the Shaivite, Vaishnavite, and Shakta traditions, as well as the various schools of Vedanta, each have their own unique interpretations and practices.\n\nIn conclusion, while the concept of Orthodoxy may not be directly applicable to Hinduism, the religion does have a rich and diverse history of beliefs and practices that have been preserved and passed down through generations. The idea of \"Sanatana Dharma\" reflects the timeless and universal nature of Hinduism, which has evolved and adapted over time while maintaining its core principles and values."}], "answer_with_body_base": [{"generated_text": " Yes, the concept of Orthodoxy can apply to Hinduism, although it may not be as commonly referred to as in Christianity. In Hinduism, the term \"orthodox\" is not as prevalent, but there are traditional and conservative practices and beliefs that can be considered orthodox within the religion.\n\nHinduism is a diverse and complex religion with various sects, traditions, and philosophies. However, there are some core beliefs and practices that are widely accepted and followed by the majority of Hindus, which can be considered orthodox. These include the belief in the Vedas (ancient scriptures), the worship of deities such as Brahma, Vishnu, and Shiva, and the adherence to the concepts of Dharma (righteousness), Karma (action and its consequences), and Moksha (liberation from the cycle of birth and death).\n\nThe orthodox Hindu practices can be found in various Hindu traditions, such as Shaivism, Vaishnavism, and Shaktism, which focus on the worship of specific deities. These traditions have their own set of rituals, scriptures, and philosophies that are considered orthodox within their respective communities.\n\nHowever, it is essential to note that Hinduism is a highly pluralistic and tolerant religion, and there is a wide range of beliefs and practices within the faith. The concept of orthodoxy in Hinduism is not as rigid or universally defined as it is in some other religions. Hinduism has always been open to new ideas and interpretations, and the religion has evolved over time to accommodate various cultural, social, and philosophical changes.\n\nIn conclusion, while the term \"Orthodox Hinduism\" may not be as commonly used as in Christianity, there are traditional and conservative practices and beliefs within Hinduism that can be considered orthodox. However, the concept of orthodoxy in Hinduism is more fluid and less rigid than in some other religions, reflecting the religion's inherent diversity and adaptability."}]}