{"Unnamed: 0": 198539, "id": "expatriates_1193", "Title": "How can one check his Canadian tax return has been successfully filed after leaving Canada?", "Body": "I lived in Canada last year.  I did a NETFILE system through an online tax company, and it came up with an error.  I tried again, and it still errored, but then returned me to the home page, where it says my return was 'printed and filed'.This makes me uneasy, as at no point did they say 'yay, success' or anything along those lines.  Is there a way to check with CRA from outside the country to see if your return has been filed successfully? I'd hate to get stuck with a late filing.", "top5_tags": "air-travel, online-resources, usa, airlines, legal", "answer_with_body_context": [{"generated_text": " Title: Verifying the Successful Filing of Your Canadian Tax Return as an Expatriate\n\nBody:\n\nLiving in Canada and filing taxes can be a complex process, especially when you're no longer residing in the country. If you've encountered errors while using the NETFILE system through an online tax company, it's understandable to be concerned about the status of your tax return. Here are some steps you can take to verify if your Canadian tax return has been successfully filed, even from outside Canada:\n\n1. Check your Notice of Assessment (NOA): After filing your tax return, the Canada Revenue Agency (CRA) will send you a Notice of Assessment. This document contains information about your tax return, including the amount of tax you owe or the refund you're entitled to. If you haven't received your NOA, you can check the status of your return by logging into your CRA My Account.\n\n2. Log in to your CRA My Account: To access your CRA My Account, visit the CRA website (https://www.canada.ca/en/revenue-agency/services/my-account.html) and create an account if you haven't already. Once you've logged in, you can view the status of your tax return and any correspondence from the CRA.\n\n3. Use the CRA's My Account portal: The CRA's My Account portal allows you to check the status of your tax return, even if you're outside Canada. You can access your account by visiting https://www.canada.ca/en/revenue-agency/corporate-services/my-account.html.\n\n4. Contact the CRA directly: If you're unable to access your CRA My Account or need further assistance, you can contact the CRA directly by phone or email. The CRA's international phone number is +1-613-940-9600, and you can reach them via email at international@cra-arc.gc.ca. When contacting the CRA, be prepared to provide your personal information, such as your name, date of birth, and social insurance number (SIN).\n\n5. Consider using a tax professional: If you're still unsure about the status of your tax return, you may want to consider working with a tax professional who has experience dealing with expatriates. They can help you navigate the Canadian tax system and ensure that your return is filed correctly.\n\nRemember, it's essential to file your tax return on time to avoid any late filing penalties. By following these steps, you can verify the status of your Canadian tax return and ensure that it has been successfully filed, even if you're living outside Canada."}], "answer_with_body_base": [{"generated_text": " Title: Verifying the Successful Filing of Your Canadian Tax Return After Leaving Canada\n\nBody:\n\nI understand your concern about the uncertainty surrounding the successful filing of your Canadian tax return after encountering errors during the NETFILE process. While the online tax company's confirmation message may not provide the reassurance you're seeking, there are a few steps you can take to verify the status of your return from outside Canada.\n\n1. Check the Canada Revenue Agency (CRA) website: The CRA provides a \"My Account\" service that allows you to access your personal tax information, including the status of your tax return. You can visit the CRA website at https://www.canada.ca/en/revenue-agency/services/individuals/my-account.html and create an account using your Social Insurance Number (SIN) and date of birth. Once you have an account, you can log in and check the status of your tax return.\n\n2. Use the My Account service: After logging in, navigate to the \"My Returns\" section, where you can view the status of your tax return. If your return has been successfully filed, you will see a status indicating that it has been processed. If there are any issues or errors, you will be notified and can take appropriate action.\n\n3. Contact the CRA directly: If you are unable to access your account or need further assistance, you can contact the CRA directly. You can reach them by phone at 1-800-959-5525 (toll-free) or by email at info-enquiries-inuit@cra-arc.gc.ca. When contacting the CRA, be prepared to provide your SIN and the tax year in question.\n\n4. Seek professional assistance: If you continue to experience difficulties with the NETFILE system or need help navigating the CRA's online services, consider seeking assistance from a tax professional. They can help you ensure that your tax return is filed correctly and provide guidance on how to verify its status.\n\nRemember that the CRA typically processes tax returns within 90 days of the filing deadline. If you have concerns about the status of your return, it's best to take action as soon as possible to avoid any potential late filing penalties.\n\nI hope this information helps you verify the successful filing of your Canadian tax return and provides peace of mind. Good luck!"}]}