{"Unnamed: 0": 8039973, "id": "travel_117187", "Title": "Where near Melbourne Victoria Australia can I see snow without needing chains?", "Body": "I want to take the kids to see the snow but I don't want to stay overnight and Ideally, I want them to have a play but without having to be too involved such as getting chains on the car or staying overnight. This is based on the greater Melbourne area in Victoria Australia. ", "top5_tags": "australia, united-states, politics, covid-19, medical-science", "answer_with_body_context": [{"generated_text": " Title: Snowy Adventures Close to Melbourne, Victoria, Australia\n\nBody:\n\nIf you're looking to experience snow near Melbourne, Victoria, Australia without the need for chains or an overnight stay, there are a few options you can consider. Here are some suggestions for snow-filled adventures that are close to the greater Melbourne area:\n\n1. Mount Buller: Located about 160 kilometers (100 miles) from Melbourne, Mount Buller is a popular ski resort that offers a range of activities for families. The resort has a snow play area called \"Snowy Mountain Village,\" where kids can enjoy sledding, snow tubing, and other winter activities. The resort also has a variety of ski and snowboarding options for those who want to get more involved.\n\n2. Falls Creek: Another popular ski resort, Falls Creek is about 200 kilometers (125 miles) from Melbourne. The resort has a snow play area called \"Falls Creek Snowplay,\" which offers a range of activities for kids, including sledding, snow tubing, and snowshoeing. The resort also has beginner-friendly ski and snowboarding options for those who want to try their hand at the sport.\n\n3. Mount Hotham: Located about 250 kilometers (155 miles) from Melbourne, Mount Hotham is a smaller ski resort that offers a more relaxed atmosphere. The resort has a snow play area called \"Mount Hotham Snowplay,\" which features sledding, snow tubing, and other winter activities for kids. The resort also has beginner-friendly ski and snowboarding options for those who want to try their hand at the sport.\n\n4. Mount Buffalo National Park: About 250 kilometers (155 miles) from Melbourne, Mount Buffalo National Park offers a unique snow experience. The park has a snow play area called \"Mount Buffalo Snowplay,\" which features sledding, snow tubing, and other winter activities for kids. The park also has a range of hiking trails and scenic lookouts for those who want to explore the area without the need for chains or an overnight stay.\n\n5. Snowy Mountains Highway: If you're looking for a more scenic drive, the Snowy Mountains Highway offers a chance to see snowy landscapes without the need for chains or an overnight stay. The highway runs through the Victorian Alps, and you can stop at various lookout points along the way to enjoy the snowy views.\n\nRemember to check the weather and road conditions before planning your trip, and always ensure that your vehicle is equipped with the necessary safety features for the journey. Enjoy your snowy adventure near Melbourne, Victoria!"}], "answer_with_body_base": [{"generated_text": " Title: Snowy Experiences Near Melbourne, Victoria, Australia for Families\n\nBody:\n\nIf you're looking to introduce your kids to the snow experience without the need for chains or overnight stays, there are several options near Melbourne, Victoria, Australia. Here are a few suggestions:\n\n1. Mount Buller: Located about 180 kilometers (112 miles) from Melbourne, Mount Buller is a popular ski resort that offers a range of activities for families. The resort has a snow play area called \"Snowy Mountain Village,\" where kids can enjoy snow slides, snow parks, and snow play areas. The resort also has a snow park with a variety of snow play equipment, including snow slides, snow parks, and snow play areas.\n\n2. Falls Creek: Situated approximately 250 kilometers (155 miles) from Melbourne, Falls Creek is another popular ski resort that offers a family-friendly snow experience. The resort has a snow play area called \"Snowy Mountain Village,\" which features snow slides, snow parks, and snow play areas. Additionally, Falls Creek has a snow park with a variety of snow play equipment, including snow slides, snow parks, and snow play areas.\n\n3. Mount Hotham: Located around 220 kilometers (137 miles) from Melbourne, Mount Hotham is a smaller ski resort that offers a more relaxed atmosphere. The resort has a snow play area called \"Snowy Mountain Village,\" which features snow slides, snow parks, and snow play areas. The resort also has a snow park with a variety of snow play equipment, including snow slides, snow parks, and snow play areas.\n\n4. Mount Baw Baw: About 200 kilometers (124 miles) from Melbourne, Mount Baw Baw is a lesser-known ski resort that offers a unique snow experience. The resort has a snow play area called \"Snowy Mountain Village,\" which features snow slides, snow parks, and snow play areas. The resort also has a snow park with a variety of snow play equipment, including snow slides, snow parks, and snow play areas.\n\n5. Mount Stirling: Located around 200 kilometers (124 miles) from Melbourne, Mount Stirling is a small ski resort that offers a more laid-back atmosphere. The resort has a snow play area called \"Snowy Mountain Village,\" which features snow slides, snow parks, and snow play areas. The resort also has a snow park with a variety of snow play equipment, including snow slides, snow parks, and snow play areas.\n\nWhen visiting these locations, it's essential to check the weather forecast and road conditions beforehand. While these destinations are relatively close to Melbourne, snowfall can be unpredictable, and road conditions may vary. However, these options should provide a fun and memorable snow experience for your family without the need for chains or overnight stays."}]}