{"Unnamed: 0": 1437350, "id": "hermeneutics_293", "Title": "Translation of \"Hosanna\" (\u1f61\u03c3\u03b1\u03bd\u03bd\u03ac)", "Body": "What does \"Hosanna\" (\u1f61\u03c3\u03b1\u03bd\u03bd\u03ac) mean (as it appears in the Gospels)? What is its etymology/derivation from Hebrew/Aramaic?", "top5_tags": "air-travel, safety, health, usa, luggage", "answer_with_body_context": [{"generated_text": " In the context of hermeneutics, the translation and interpretation of \"Hosanna\" (\u1f61\u03c3\u03b1\u03bd\u03bd\u03ac) from the Gospels require a deep understanding of its linguistic, cultural, and theological background. The term \"Hosanna\" is derived from the Hebrew word \"\u05d4\u05d5\u05e9\u05d9\u05e2\u05d4 \u05e0\u05d0\" (Hoshia Na), which means \"save now\" or \"save us.\" This expression is found in the Hebrew Bible, specifically in Psalm 118:25, where it is used in the context of praising and acknowledging God's salvation.\n\nIn the Gospels, \"Hosanna\" is used in a slightly different context. It appears in Mark 11:9, Matthew 21:9, and Luke 19:38, where Jesus and his disciples are praised by the crowds as they pass through Jerusalem on Palm Sunday. The term \"Hosanna\" in this context is a cry of praise and adoration, expressing the people's recognition of Jesus as the Messiah and their desire for his salvation.\n\nThe etymology of \"Hosanna\" can be traced back to the Hebrew verb \"\u05d4\u05d5\u05e9\u05d9\u05e2\u05d4\" (Hoshia), which means \"to save\" or \"to deliver.\" The suffix \"\u05e0\u05d0\" (Na) is an interjection that adds emphasis and urgency to the plea for salvation. The Aramaic translation of \"Hosanna\" (\u1f61\u03c3\u03b1\u03bd\u03bd\u03ac) is likely a direct adaptation of the Hebrew term, as Aramaic was the common language spoken in the region during the time of Jesus.\n\nIn hermeneutical terms, understanding the meaning and etymology of \"Hosanna\" is essential for interpreting its significance in the Gospels. The term reflects the people's recognition of Jesus as the Messiah and their desire for his salvation. It also highlights the cultural and linguistic context in which the Gospels were written, as well as the theological implications of Jesus' role as the savior.\n\nIn summary, \"Hosanna\" (\u1f61\u03c3\u03b1\u03bd\u03bd\u03ac) means \"save now\" or \"save us\" in Hebrew, and its Aramaic translation is likely a direct adaptation of the term. In the Gospels, it is used as a cry of praise and adoration, expressing the people's recognition of Jesus as the Messiah and their desire for his salvation. Understanding the etymology and context of \"Hosanna\" is crucial for interpreting its significance in the Gospels and the theological implications of Jesus' role as the savior."}], "answer_with_body_base": [{"generated_text": " Title: Translation and Etymology of \"Hosanna\" (\u1f61\u03c3\u03b1\u03bd\u03bd\u03ac)\n\nBody:\n\nThe term \"Hosanna\" (\u1f61\u03c3\u03b1\u03bd\u03bd\u03ac) is a significant phrase found in the Gospels of the New Testament, particularly in the context of the Jewish festival of Passover and the events surrounding the life, death, and resurrection of Jesus Christ. The word \"Hosanna\" is derived from the Hebrew/Aramaic language and carries a profound meaning.\n\nEtymology/Derivation:\n\nThe word \"Hosanna\" (\u1f61\u03c3\u03b1\u03bd\u03bd\u03ac) is derived from the Hebrew/Aramaic root \"H-Z-N,\" which means \"save\" or \"rescue.\" The term is a compound of two words: \"Hazan\" (\u05d4\u05b7\u05d6\u05b8\u05bc\u05df) and \"Anan\" (\u05d0\u05b2\u05e0\u05b8\u05df). \"Hazan\" means \"to save\" or \"to rescue,\" while \"Anan\" is a first-person plural pronoun, meaning \"we.\" Therefore, the literal translation of \"Hosanna\" is \"Save us, O Lord.\"\n\nIn the context of the Gospels, the term \"Hosanna\" is used to express a plea for salvation and deliverance from sin and its consequences. It is a cry of praise and adoration, acknowledging the Lord's power and mercy. The phrase is often associated with the Jewish people's plea for salvation during the Passover festival, as they commemorate the Israelites' deliverance from slavery in Egypt.\n\nIn the Gospels, the term \"Hosanna\" is used in several instances, most notably in Mark 11:9-10, Matthew 21:7-8, and Luke 19:38. In these passages, Jesus' disciples and the crowds shout \"Hosanna\" as they follow Jesus into Jerusalem, recognizing his messianic role and the salvation he brings. Later, during Jesus' crucifixion, the chief priests and the crowd also cry out \"Hosanna\" to Jesus, acknowledging his role as the Messiah and the hope of salvation.\n\nIn summary, the term \"Hosanna\" (\u1f61\u03c3\u03b1\u03bd\u03bd\u03ac) is derived from the Hebrew/Aramaic root \"H-Z-N,\" meaning \"save\" or \"rescue.\" It is a plea for salvation and deliverance from sin and its consequences, and it is used in the Gospels to express praise, adoration, and recognition of Jesus' messianic role and the salvation he brings."}]}