{"Unnamed: 0": 1458364, "id": "lifehacks_10894", "Title": "Can I use regular kitchen salt to my dishwasher?", "Body": "The other day I was buying special dishwasher salt from a grocery store for about 3.5 USD a package. Later on, when I did read the contents (trying to figure out what is so magically pricey on the salt), I saw this:  Contents: 100% NaClBut NaCl is basic, ordinary salt! For cooking purposes, I buy ordinary salt for about 0.25 USD a package.Did I just discover lifehack? I am quite afraid to pour kitchen salt to my dishwasher. Did anyone try replacing dishwasher salt with regular (non-iodised) salt?", "top5_tags": "plot-explanation, plot, legal, character, shrek-2", "answer_with_body_context": [{"generated_text": " Title: Can I use regular kitchen salt to my dishwasher?\n\nBody:\n\nWhile it may seem like a potential lifehack to use regular kitchen salt in your dishwasher, it's essential to understand the differences between dishwasher salt and regular table salt.\n\nDishwasher salt, also known as rinse aid salt, is primarily composed of sodium chloride (NaCl) and is designed to soften water and prevent mineral buildup in your dishwasher. It often contains additives like magnesium carbonate, which helps to break down limescale and improve the dishwasher's performance.\n\nOn the other hand, regular kitchen salt, or table salt, is typically iodized and may contain anti-caking agents, which are not suitable for use in dishwashers.\n\nAlthough both types of salt are composed of sodium chloride, using regular kitchen salt in your dishwasher is not recommended for several reasons:\n\n1. Iodine content: Regular table salt contains iodine, which can leave residue on your dishes and glassware.\n2. Anti-caking agents: These additives can cause clogging in your dishwasher's filter and spray arms.\n3. Lack of anti-caking agents: Regular table salt may not have the same anti-caking properties as dishwasher salt, leading to potential mineral buildup in your dishwasher.\n\nIn conclusion, while it may seem like a cost-effective alternative, using regular kitchen salt in your dishwasher is not recommended. Stick to using dishwasher salt, which is specifically designed for this purpose, to ensure optimal performance and cleanliness of your dishwasher and dishes."}], "answer_with_body_base": [{"generated_text": " While it may seem like a cost-effective solution to use regular kitchen salt in your dishwasher, it's not recommended. Dishwasher salt, also known as rinse aid salt, is specifically designed for dishwashers and has a few key differences from regular table salt.\n\n1. Iodine content: Regular table salt often contains iodine, which can cause staining on dishware and may even damage the dishwasher's heating element over time. Dishwasher salt is typically iodine-free, which helps prevent these issues.\n\n2. Particle size: Dishwasher salt has a finer particle size than regular table salt. This allows it to dissolve more easily and evenly in the dishwasher's water, ensuring that the rinse aid works effectively.\n\n3. Additives: Dishwasher salt may contain additives that help prevent clogging and improve the overall performance of the dishwasher. These additives are not present in regular table salt.\n\nWhile it's understandable that you're looking for ways to save money, using regular table salt in your dishwasher may not be the best solution. It's recommended to use the specialized dishwasher salt to ensure the longevity and optimal performance of your dishwasher. If you're looking for a more cost-effective option, you may want to consider purchasing dishwasher salt in bulk or looking for discounts on the specialized salt."}]}