{"Unnamed: 0": 5730486, "id": "philosophy_38485", "Title": "Was Socrates Greek?", "Body": "Greeks are citizens of Greece.Greece rejected Socrates.Socrates was not a Greek.Does that syllogism work?", "top5_tags": "ethics, criminal-law, political-philosophy, genesis, international-relations", "answer_only_title_pers": [{"generated_text": " Yes, Socrates was Greek. He was born in Athens, which is the capital city of Greece, around 470 BCE. Socrates is one of the most influential figures in Western philosophy, and his ideas and teachings have had a profound impact on various fields, including ethics, criminal law, political philosophy, and more.\n\nAs a philosopher, Socrates is best known for his Socratic method, a form of cooperative argumentative dialogue that stimulates critical thinking and illuminates ideas. His approach to ethics, particularly the concept of virtue and the pursuit of knowledge, has shaped the development of ethical theories and moral philosophy.\n\nIn the realm of criminal law, Socrates' trial and subsequent execution for impiety and corrupting the youth of Athens have been widely discussed and analyzed. His trial and death have raised questions about the relationship between the state and the individual, the role of the law, and the limits of political power.\n\nSocrates' ideas on political philosophy, particularly his views on democracy and the role of the philosopher in society, have also been influential. He believed that the pursuit of knowledge and virtue should be the primary goals of individuals and that a just society should be governed by wise and virtuous leaders.\n\nWhile Socrates' work did not directly address the genesis of humanity or international relations, his ideas on ethics, justice, and the nature of human beings have had a lasting impact on these fields as well.\n\nIn summary, Socrates was indeed Greek, and his philosophical contributions have significantly influenced various disciplines, including ethics, criminal law, and political philosophy. His ideas continue to be relevant and influential in contemporary discussions and debates in these fields."}], "answer_with_body_pers": [{"generated_text": " Yes, Socrates was Greek. He was born in Athens, which is the capital city of Greece, in 470 BC. Socrates is a significant figure in the history of Western philosophy, and his contributions to ethics, criminal law, and political philosophy are highly regarded.\n\nSocrates' Greek heritage is relevant to the fields of ethics, criminal law, and political philosophy, as his ideas and teachings have had a profound impact on these areas. For example, his Socratic method, a form of cooperative argumentative dialogue, has been influential in the development of ethical and philosophical thought. Additionally, his trial and subsequent execution for impiety and corrupting the youth of Athens have been subjects of discussion in the context of criminal law and political philosophy.\n\nWhile the information provided in the body of the question is incorrect, it does not negate Socrates' Greek identity. The fact that Greece rejected Socrates does not change the historical fact that he was Greek. Therefore, the syllogism \"Greeks are citizens of Greece. Greece rejected Socrates. Socrates was not a Greek\" does not work, as it contains a false premise.\n\nIn summary, Socrates was indeed Greek, and his life and work have had a significant impact on various fields, including ethics, criminal law, and political philosophy."}]}