{"Unnamed: 0": 1461695, "id": "martialarts_3117", "Title": "What are the belt colors of Tae Kwon Do in order?", "Body": "What are the belt colors of Tae Kwon Do in order? Also could you add the degrees, I have had a hard time finding a reliable site?", "top5_tags": "substitute-tool, harry-potter, summer, game-of-thrones, marvel", "answer_only_title_pers": [{"generated_text": " The belt colors of Tae Kwon Do, in order, are as follows:\n\n1. White Belt\n2. Yellow Belt\n3. Green Belt\n4. Blue Belt\n5. Purple Belt\n6. Brown Belt\n7. Red Belt (also known as the \"Master\" or \"1st Degree\" Belt)\n\nThese belt colors represent the progression and skill level of a Tae Kwon Do practitioner as they advance through the ranks. Each belt color signifies a different level of proficiency and dedication to the martial art.\n\nAs for the interests you mentioned (substitute-tool, Harry Potter, summer, Game of Thrones, and Marvel), they are not directly related to the belt colors of Tae Kwon Do. However, if you're interested in a comparison or analogy, you might find it intriguing to explore the different levels of magical abilities in Harry Potter or the hierarchy of power in Game of Thrones. But for the specific question about Tae Kwon Do belt colors, the information provided above should suffice."}], "answer_with_body_pers": [{"generated_text": " In Tae Kwon Do, the belt colors are typically arranged in a specific order as you progress through the ranks. Here is the standard sequence of belt colors, along with their corresponding degrees:\n\n1. White (1st degree)\n2. Yellow (2nd degree)\n3. Green (3rd degree)\n4. Blue (4th degree)\n5. Purple (5th degree)\n6. Brown (6th degree)\n7. Red (7th degree)\n8. Black (8th degree)\n\nPlease note that the exact number of degrees and the order of belt colors may vary slightly depending on the specific Tae Kwon Do organization or school. However, the above sequence is widely accepted in the martial arts community.\n\nRegarding your interest in substitute-tool, Harry Potter, summer, Game of Thrones, and Marvel, I apologize for any confusion, but these topics are not directly related to the question about Tae Kwon Do belt colors. I hope the information provided on the belt colors and degrees is helpful to you."}]}