{"Unnamed: 0": 1436448, "id": "hermeneutics_1290", "Title": "What exactly does \u05de\u05b4\u05db\u05b0\u05e0\u05b8\u05e1 (miknac) mean?", "Body": "Researching a related question, I came across passages like:  You shall also make for them linen breeches to cover their nakedness; they shall extend from the hips to the thighs.\u2014Exodus 28:42 (NJPS)and  The priest shall dress in linen raiment, with linen breeches next to his body; and he shall take up the ashes to which the fire has reduced the burnt offering on the altar and place them beside the altar.\u2014Leviticus 6:3 (NJPS) [N.B.: Leviticus 6:10 in many English translations]The bolded word is miknac <04370> and means (according to Strongs):  1) underwear, drawers, trousers  1a) a priestly undergarment of linenWhat exactly were these garments?  Were they most similar to breeches (following the NJPS translation) or closer to modern male undergarments (following the ESV)?", "top5_tags": "hebrew, history, 1-samuel, genesis, mark", "answer_only_title_pers": [{"generated_text": " \u05de\u05b4\u05db\u05b0\u05e0\u05b8\u05e1 (miknac) is a Hebrew term that refers to a garment or clothing item, specifically a tunic or shirt. In the context of the Hebrew Bible, it is mentioned in various books, including 1 Samuel and Genesis.\n\nIn 1 Samuel, the term \u05de\u05b4\u05db\u05b0\u05e0\u05b8\u05e1 (miknac) is used in the story of Saul, the first king of Israel. In 1 Samuel 13:21, it is mentioned that Saul's sons, Jonathan and Abinadab, were wearing \u05de\u05b4\u05db\u05b0\u05e0\u05b8\u05e1 (miknac) when they went to Gilgal to bring the Ark of the Covenant back to Jerusalem.\n\nIn Genesis, the term \u05de\u05b4\u05db\u05b0\u05e0\u05b8\u05e1 (miknac) is used in the story of Jacob and his sons. In Genesis 37:35, it is mentioned that Jacob's sons were wearing \u05de\u05b4\u05db\u05b0\u05e0\u05b8\u05e1 (miknac) when they went to buy lambs for their father's feast.\n\nThe term \u05de\u05b4\u05db\u05b0\u05e0\u05b8\u05e1 (miknac) is an important aspect of the clothing and attire of the biblical characters, reflecting the customs and practices of the time. It is also a reminder of the significance of clothing in the ancient Hebrew culture, as it was often used to denote social status, occupation, and religious observance."}], "answer_with_body_pers": [{"generated_text": " Miknac, as mentioned in the Hebrew Bible, specifically in Exodus 28:42 and Leviticus 6:3, refers to a type of garment made of linen. The term \"miknac\" (\u05de\u05b4\u05db\u05b0\u05e0\u05b8\u05e1) is derived from the Hebrew root \"\u05db\u05e0\u05e1\" (knas), which means to cover or to clothe.\n\nIn the context of the biblical passages, miknac refers to linen undergarments or trousers worn by priests as part of their sacred attire. These garments were made of fine linen and were considered holy, as they were used in the service of God and the Tabernacle.\n\nThe miknac worn by priests was a linen undergarment that covered the hips and thighs, as described in Exodus 28:42. Leviticus 6:3 further elaborates on the priest's attire, stating that the miknac was worn next to the body and that the priest would also carry ashes from the burnt offering on the altar.\n\nIn terms of their appearance, the miknac was likely similar to modern-day undergarments, such as briefs or boxers, as they were designed to cover the lower body. However, it is essential to note that the miknac was a sacred garment, and its purpose was to maintain the priest's purity and cleanliness while performing religious duties.\n\nWhile the miknac may have some similarities to modern undergarments, it is essential to understand that the garment's primary function was religious and symbolic, rather than for everyday use. The miknac was part of a larger set of priestly garments, which included other linen garments like the ephod, breastplate, and turban, all of which were designed to represent the priest's role as a mediator between God and the people.\n\nIn summary, the miknac was a linen undergarment worn by priests in the Hebrew Bible, serving as a sacred garment for religious purposes. It was similar to modern-day undergarments in terms of its coverage but was distinct in its religious significance and symbolism."}]}