{"Unnamed: 0": 178879, "id": "english_11826", "Title": "Why are people from Sunderland called \"mackems\"?", "Body": "In the north-east of England, if nowhere else, people from Sunderland are called \"mackems\". Does anyone know why this should be? Wikipedia suggests a number of possibilities. Are any of these correct?", "top5_tags": "etymology, slang, meaning, expressions, single-word-requests", "answer_only_title_pers": [{"generated_text": " The term \"mackems\" is a colloquial expression used to refer to people from Sunderland, a city in the northeast of England. The origin of this slang term is rooted in the etymology of the word and local expressions.\n\nThe term \"mackem\" is believed to have originated in the late 19th century, with various theories surrounding its etymology. One popular theory suggests that the term is derived from the name of the Mackem family, who were prominent landowners in the area during the 18th and 19th centuries. The Mackem family's influence in the region may have led to the association of the term with the local population.\n\nAnother theory suggests that the term \"mackem\" is a shortened form of \"Mackem Town,\" referring to the city of Sunderland itself. The term \"town\" in this context is a common abbreviation for \"city\" in British English, and the use of \"Mackem\" as a prefix may have been a way to distinguish the local population from those in other nearby towns.\n\nA third theory proposes that the term \"mackem\" is derived from the Old English word \"macc,\" which means \"strong\" or \"powerful.\" This theory suggests that the term was used to describe the resilient and hardworking nature of the people of Sunderland.\n\nRegardless of its exact origin, the term \"mackem\" has become a part of the local slang and expressions in Sunderland and the surrounding areas. It is often used in a friendly and affectionate manner, but can also be employed in a more derogatory context.\n\nIn summary, the term \"mackems\" is a slang expression used to refer to people from Sunderland, with its etymology rooted in local history, landowners, or the city's name itself. The term has evolved over time and is now an integral part of the local culture and expressions."}], "answer_with_body_pers": [{"generated_text": " The term \"mackems\" is indeed used to refer to people from Sunderland, a city in the northeast of England. The origin of this nickname is rooted in the city's history and local culture, and while the exact etymology is not definitively known, several theories have been proposed. Here are some of the most commonly suggested explanations:\n\n1. Mackem and Mackerel: One theory suggests that the term \"mackem\" is derived from the local fishing industry, specifically the mackerel. Sunderland was historically a significant fishing port, and mackerel was a common catch. The term \"mackerel\" was then shortened to \"mackem,\" eventually becoming a nickname for the city's inhabitants.\n\n2. Mackem and Mackemism: Another theory proposes that the term \"mackem\" originated from the word \"mackemism,\" which refers to the local dialect and accent of Sunderland. The term \"mackemism\" itself is believed to have been derived from the word \"mackem,\" which was used to describe the unique way of speaking in the city.\n\n3. Mackem and Mackem's: A third theory suggests that the term \"mackem\" is a shortened form of \"Mackem's,\" referring to the people of Sunderland. This theory is based on the idea that the term was used to denote a sense of belonging or identity among the city's inhabitants.\n\n4. Mackem and Mackem's House: Another theory links the term \"mackem\" to a local landmark, the Mackem's House, a historic building in Sunderland. The term may have been derived from the name of the house, which was then used to refer to the people of the city.\n\n5. Mackem and Mackem's Town: A final theory suggests that the term \"mackem\" is derived from the phrase \"Mackem's Town,\" which was used to describe the city of Sunderland. Over time, the phrase was shortened to \"mackem,\" eventually becoming a nickname for the city's inhabitants.\n\nWhile these theories provide possible explanations for the origin of the term \"mackems,\" the true etymology remains uncertain. Regardless of its origins, the term has become an integral part of Sunderland's local culture and identity, and is widely used to refer to the city's inhabitants."}]}