{"Unnamed: 0": 5729200, "id": "pets_6271", "Title": "How costly are dental procedures on dogs?", "Body": "We are planning to adopt a couple of older dogs, and are concerned that they may have dental problems.I am wondering, what types of dental procedures are generally done on dogs, and are they generally very costly (e.g. like they are for humans)?I don't have thousands of dollars to shell out for dental procedures if that is what it will take. Does anyone know how much dental procedures typically run for dogs?", "top5_tags": "dogs, eating, heaven, training, vision", "answer_only_title_pers": [{"generated_text": " Dental procedures for dogs can vary in cost depending on the specific treatment required. Common dental procedures for dogs include dental cleanings, tooth extractions, and treatments for periodontal disease. The cost can range from $200 to $1,000 or more, depending on the complexity of the procedure and the geographical location.\n\nWhile the interests mentioned (dogs, eating, heaven, training, vision) are not directly related to the cost of dental procedures, it's essential to understand that maintaining good oral health in dogs is crucial for their overall well-being. Healthy teeth and gums contribute to a dog's ability to eat comfortably and efficiently, which can positively impact their training and overall quality of life.\n\nRegular dental care, such as brushing your dog's teeth and providing dental chews, can help prevent dental issues and reduce the need for costly procedures. However, if your dog does require dental treatment, it's essential to consult with a veterinarian to determine the best course of action and discuss the associated costs.\n\nAs for the other interests mentioned, while they may not directly relate to dental procedures, they can still play a role in a dog's overall health and well-being. For example, proper training can help prevent dental issues caused by aggressive chewing, and a balanced diet can contribute to good oral health. However, these factors do not directly impact the cost of dental procedures for dogs."}], "answer_with_body_pers": [{"generated_text": " Dental procedures for dogs can vary in cost depending on the type of procedure and the severity of the dental issue. Some common dental procedures performed on dogs include dental cleanings, tooth extractions, root canals, and periodontal treatments.\n\n1. Dental Cleanings: A dental cleaning for a dog typically involves scaling and polishing the teeth to remove plaque and tartar buildup. This procedure usually costs between $150 and $300, depending on the size of the dog and the complexity of the cleaning.\n\n2. Tooth Extractions: If a dog has a severely damaged or infected tooth, a tooth extraction may be necessary. The cost of a tooth extraction can range from $100 to $500 per tooth, depending on the complexity of the extraction and the size of the dog.\n\n3. Root Canals: Root canal procedures are less common in dogs, but they may be necessary in some cases. The cost of a root canal for a dog can range from $500 to $1,500, depending on the complexity of the procedure and the size of the dog.\n\n4. Periodontal Treatments: Periodontal treatments are used to address gum disease and other related issues. The cost of periodontal treatments can range from $200 to $1,000, depending on the severity of the condition and the size of the dog.\n\nIt's essential to note that the cost of dental procedures for dogs can vary widely based on factors such as the location, the veterinarian's experience, and the specific needs of the dog. It's always a good idea to consult with a veterinarian to get an accurate estimate of the cost of dental procedures for your dog.\n\nWhile dental procedures for dogs can be costly, it's crucial to prioritize your dog's health and well-being. Investing in dental care can help prevent more severe and expensive health issues down the line. Additionally, some pet insurance plans may cover a portion of the cost of dental procedures, which can help alleviate some of the financial burden."}]}