{"Unnamed: 0": 7706707, "id": "skeptics_26730", "Title": "Did Alan Turing publish a paper called The Imitation Game (as claimed in the movie)?", "Body": "I have seen a couple of Turing's papers, but never have found one called \"The Imitation Game\". The Imitation Game seems to be a name used by Turing to refer to his test to decide whether an intelligent entity of some sorts is machine or man (a.k.a., the Turing's test). But I haven't found any published paper with that name. So, did Turing ever publish a paper called The Imitation Game?", "top5_tags": "application, air-travel, wifi, biology, sexuality", "answer_only_title_pers": [{"generated_text": " No, Alan Turing did not publish a paper called \"The Imitation Game.\" The title you mentioned is actually from a 2014 film directed by Morten Tyldum, which is based on a play by Michael Frayn. The film's story revolves around Turing's work during World War II, particularly his role in breaking the German Enigma code. However, the actual paper Turing published related to this topic is titled \"On Computable Numbers, with an Application to the Entscheidungsproblem\" in 1936, which introduced the concept of the Turing machine and laid the groundwork for modern computer science. This paper does not have the title \"The Imitation Game.\" The interests you mentioned, such as application, air-travel, wifi, biology, and sexuality, are not directly relevant to the question about Turing's publications."}], "answer_with_body_pers": [{"generated_text": " No, Alan Turing did not publish a paper titled \"The Imitation Game.\" The term \"The Imitation Game\" is often associated with Turing's test, which he introduced in his 1950 paper \"Computing Machinery and Intelligence.\" This test aims to determine whether a machine can exhibit intelligent behavior indistinguishable from that of a human. However, the specific title \"The Imitation Game\" is not found in any of Turing's published works. The movie \"The Imitation Game,\" released in 2014, is based on Turing's life and work, but it took creative liberties with the title and content."}]}