{"Unnamed: 0": 1445163, "id": "interpersonal_14104", "Title": "Can I quote a private message in a public post?", "Body": "In a public post in Reddit, I feel that the content of a private message sent to me is necessary to illustrate my point. I haven't asked them whether I should public it or not, but my reply on their message hasn't been replied yet, and the account seems to be inactive since them. Since the public conversation needs to go on, should I quote the message anyway? I feel that this is OK both ethically and legally. Ethically because the content is appropriate for the public conversation, and legally because I am a partner in the private one. I can rephrase it, but quoting seems more trustful.I plan to write like this:I'll quote a person that PMed me:[Their entire message]Unfortunately they haven't replied since then. (/u/X: sorry for doing this without your permission, but I hope that you don't mind. If anything, I'll remove this.)[Then go on with my point]Is this fine?", "top5_tags": "single-word-requests, statement-of-purpose, graduate-admissions, terminology, email", "answer_only_title_pers": [{"generated_text": " Quoting a private message in a public post is generally discouraged due to privacy concerns. However, if you have explicit permission from the sender, it may be acceptable. Always ensure to respect privacy and obtain consent."}], "answer_with_body_pers": [{"generated_text": " Yes, you can quote a private message in a public post on Reddit, but it's essential to consider the ethical implications and potential privacy concerns. Since the account appears inactive, and you believe the content is relevant to the public discussion, quoting it might be acceptable. However, it's crucial to ensure that the quoted content doesn't violate any privacy laws or Reddit's community guidelines.\n\nIn your case, you can quote the message with a disclaimer, like you mentioned, to inform the recipient of the quote and give them an opportunity to respond or request the removal of the quote. Here's an example of how you can phrase it:\n\n\"I'll quote a person that PMed me: [Their entire message]\n\nPlease note that I've included this quote in a public post due to the account being inactive and the relevance of the content to the ongoing discussion. If you have any concerns or would like me to remove the quote, please let me know.\"\n\nRemember to always respect the privacy and preferences of others when sharing their messages publicly."}]}