{"Unnamed: 0": 198441, "id": "expatriates_10205", "Title": "Gaining Canadian citizenship through the Army?", "Body": "http://www.forces.ca/en/page/applynow-100 says  To apply to the Forces, you must: Be a Canadian Citizen.http://www.cic.gc.ca/english/resources/tools/cit/grant/cfa.asp says  This section is about granting citizenship to a person who is or was serving in or with the Canadian Armed Forces (CAF).So... what's going on here? (note: I am a Canadian citizen for ten months now, it's not like I am counting, just curious)", "top5_tags": "air-travel, canada, usa, online-resources, public-transport", "answer_only_title_pers": [{"generated_text": " Gaining Canadian citizenship through the Canadian Armed Forces (CAF) is indeed a possibility, although it's not the most common pathway. The process typically involves serving in the Canadian Armed Forces for a specified period, which can lead to citizenship under certain conditions. Here's a brief overview of how you can potentially gain Canadian citizenship through the Army:\n\n1. Serve in the Canadian Armed Forces: To be eligible for citizenship through the CAF, you must serve in the Canadian Armed Forces for at least 1,826 days (approximately 5 years) within a 10-year period. This service can be full-time or part-time, and it must be continuous.\n\n2. Meet other eligibility requirements: In addition to the service requirement, you must also meet other eligibility criteria, such as being at least 18 years old, having a clean criminal record, and being able to speak and understand English or French.\n\n3. Apply for citizenship: Once you have completed the required service and met all other eligibility criteria, you can apply for Canadian citizenship through the CAF. The application process involves submitting the necessary documents, including proof of service, and attending an interview.\n\n4. Take the citizenship test: As part of the application process, you will need to take a citizenship test, which assesses your knowledge of Canadian history, values, institutions, and symbols.\n\n5. Attend the citizenship ceremony: If your application is approved, you will be invited to attend a citizenship ceremony, where you will take the Oath of Citizenship and receive your Canadian citizenship certificate.\n\nIt's essential to note that the Canadian Armed Forces is not the only way to gain Canadian citizenship. You can also apply for citizenship through other pathways, such as through your parents, grandparents, or by applying as a landed immigrant.\n\nAs for your interests in air-travel, Canada, USA, online resources, and public transport, these topics are not directly related to the process of gaining Canadian citizenship through the Canadian Armed Forces. However, once you have obtained Canadian citizenship, you will have the right to travel to and from Canada using air travel, and you will also have access to public transportation and other services in Canada. Additionally, there are various online resources available to help you navigate the process of gaining Canadian citizenship, including official government websites and immigration consultants."}], "answer_with_body_pers": [{"generated_text": " Based on the information provided, it appears that you, as a Canadian citizen, can potentially gain Canadian citizenship through service in the Canadian Armed Forces (CAF). The Canadian Forces website (http://www.forces.ca/en/page/applynow-100) states that to apply to the Forces, you must be a Canadian citizen. Additionally, the Citizenship and Immigration Canada (CIC) website (http://www.cic.gc.ca/english/resources/tools/cit/grant/cfa.asp) mentions that there is a section dedicated to granting citizenship to individuals who have served in or with the CAF.\n\nWhile the question you've asked is related to air-travel, Canada, and online resources, these interests are not directly relevant to the process of gaining Canadian citizenship through the CAF. However, it's worth noting that once you have obtained Canadian citizenship through the CAF, you will have the right to travel to the USA as a Canadian citizen, and you may also find online resources and public transportation information helpful in navigating your new country.\n\nIn summary, as a Canadian citizen, you can potentially gain Canadian citizenship through service in the Canadian Armed Forces. The process involves applying to the Forces and meeting the requirements set forth by the Canadian Forces and Citizenship and Immigration Canada."}]}