{"Unnamed: 0": 1448446, "id": "judaism_13465", "Title": "Who invented the Mikraot Gedolot?", "Body": "Whose idea was the Mikraot Gedolot and when was it first published? Mikraot Gedolot is a Humash with a collection of commentaries very popular in Jewish circles today.", "top5_tags": "halacha, jewish-books, sources-mekorot, product-recommendation, tzitzis", "answer_only_title_pers": [{"generated_text": " The Mikraot Gedolot, also known as the \"Great Scriptures,\" is a monumental compilation of Jewish texts that includes the Tanakh (Hebrew Bible) and various commentaries. It was not invented by a single individual but rather developed over time by multiple scholars and editors. The most significant contributors to the creation of the Mikraot Gedolot were Rabbi Yom Tov Asevilli, also known as the Rashbam, and Rabbi Shlomo Yitzhaki, known as Rashi.\n\nThe Rashbam, a grandson of Rashi, was responsible for the first printed edition of the Mikraot Gedolot in the 15th century. He compiled the Tanakh with the Masoretic text and included Rashi's commentaries. The Rashbam's edition was later expanded by other scholars, such as Rabbi David Kimhi (Radak) and Rabbi Moses Kimchi (Ramban), who added their own commentaries to the text.\n\nThe Mikraot Gedolot has become an essential source for halacha (Jewish law) and the study of Jewish texts, as it provides a comprehensive collection of the Tanakh and various commentaries. It is a highly recommended product for those interested in Jewish books, sources, and the study of the Torah.\n\nWhile the Mikraot Gedolot is not directly related to tzitzis (the fringes worn on the corners of a Jewish prayer shawl), it is an essential resource for understanding the halachic sources and interpretations that inform the laws and customs surrounding tzitzis and other aspects of Jewish life."}], "answer_with_body_pers": [{"generated_text": " The Mikraot Gedolot, a significant collection of Jewish texts including the Hebrew Bible and various commentaries, was compiled by the Jewish scholar and rabbi Yom Tov Asevilli, also known as the Rashbam, in the 12th century. However, the most notable version, known as the \"Mikraot Gedolot ha-Keter,\" was edited by the Italian rabbi and scholar Yom Tov Assemani in the 18th century. This edition, which became the standard for many years, was first published in Venice in 1775.\n\nThe Mikraot Gedolot is highly valued in Jewish circles for its comprehensive commentaries, which include works by renowned Jewish scholars such as Rashi, Abraham ibn Ezra, and the Rashbam. These commentaries are essential for understanding halacha (Jewish law) and the deeper meanings of the Torah, making the Mikraot Gedolot a crucial resource for those interested in Jewish texts, sources, and the study of the Hebrew Bible.\n\nFor those seeking a recommendation on Jewish books, the Mikraot Gedolot is an excellent choice, as it provides a wealth of information and commentary on the Torah and other Jewish texts. It is also a valuable resource for those studying the laws of tzitzis (fringes on the corners of a four-cornered garment worn by observant Jews) and other aspects of Jewish law."}]}