{"Unnamed: 0": 5729136, "id": "pets_5832", "Title": "Why is zinc oxide bad for dogs?", "Body": "This answer to applying sunscreen to dogs says that you shouldn't apply human sunscreen to them because it contains zinc oxide and that's bad for dogs. What about it is bad, and what would happen if a dog did come in contact with it?", "top5_tags": "cats, reptiles, terminology, aquarium, bearded-dragon", "answer_only_title_pers": [{"generated_text": " Zinc oxide, while commonly used in human products like diaper rash creams and sunscreens, can be harmful to dogs when ingested in large quantities. Although the question focuses on cats, reptiles, and aquariums, the concern about zinc oxide's effects on dogs is still relevant.\n\nIn dogs, zinc oxide can cause gastrointestinal issues, such as vomiting and diarrhea, when ingested in significant amounts. This is because zinc is a heavy metal that can be toxic to animals when consumed in excess. The toxicity of zinc depends on the form and concentration of the compound, and zinc oxide is not an ideal form for consumption.\n\nFor cats, dogs, and reptiles, it's essential to avoid exposure to zinc oxide, as it can lead to zinc toxicity. Symptoms of zinc toxicity in animals may include lethargy, loss of appetite, and gastrointestinal distress. In severe cases, it can cause organ damage and even death.\n\nIn the context of reptiles, specifically bearded dragons, it's crucial to note that zinc oxide is not typically used in their care. However, if a bearded dragon were to ingest zinc oxide, it could still experience the same negative effects as other animals.\n\nWhen it comes to aquariums, zinc oxide is not a common ingredient in aquarium products. However, if an aquarium product containing zinc oxide were to be accidentally introduced into the tank, it could potentially harm the fish and other aquatic life.\n\nIn summary, zinc oxide is not recommended for use in pets, including dogs, cats, and reptiles, due to its potential toxicity when ingested. It's essential to be cautious and avoid exposing your pets to zinc oxide-containing products."}], "answer_with_body_pers": [{"generated_text": " Zinc oxide, when used in sunscreen products for humans, can be harmful to dogs due to its potential toxicity if ingested or if it comes into contact with their skin. Although the primary concern is with human sunscreen products, it's essential to understand the risks associated with zinc oxide for dogs.\n\nZinc oxide is a mineral compound that acts as a physical sunscreen by reflecting and scattering ultraviolet (UV) radiation. However, when it comes to dogs, the risks associated with zinc oxide are mainly related to its potential toxicity if ingested or if it comes into contact with their skin.\n\nIf a dog ingests zinc oxide, it can lead to gastrointestinal issues, such as vomiting, diarrhea, and abdominal pain. In severe cases, it may cause zinc toxicity, which can result in more serious health problems, including damage to the liver, kidneys, and nervous system.\n\nWhen zinc oxide comes into contact with a dog's skin, it can cause irritation and allergic reactions. Dogs with sensitive skin may experience redness, itching, and discomfort. In some cases, prolonged exposure to zinc oxide can lead to dermatitis, a skin condition characterized by inflammation and itching.\n\nIt's essential to note that not all sunscreen products containing zinc oxide are harmful to dogs. However, it's best to avoid using human sunscreen products on dogs, as they are formulated for human skin and may contain other ingredients that can be harmful to dogs.\n\nFor pet owners, it's recommended to use pet-specific sunscreen products that are safe and designed for use on dogs. These products are formulated with ingredients that are non-toxic and less likely to cause adverse reactions in dogs.\n\nIn summary, while zinc oxide is a common ingredient in human sunscreen products, it can be harmful to dogs if ingested or if it comes into contact with their skin. It's best to use pet-specific sunscreen products to protect your dog from the sun's harmful UV rays.\n\nAs for the interests mentioned in the question, while they are not directly related to the topic of zinc oxide and dogs, it's essential to understand that the risks associated with zinc oxide are not limited to dogs alone. Cats, reptiles, and other animals may also be affected by zinc oxide if they come into contact with it or ingest it. However, the specific risks and effects may vary depending on the species and individual sensitivities."}]}