{"Unnamed: 0": 8038668, "id": "sustainability_4337", "Title": "How much energy costs do portable solar panels save in a house?", "Body": "Our Houston area HOA does not allow roof top solar panels and I doubt they would survive our hurricanes too. I discovered NRG Energy sells these portable solar panels under their goal zero brand. If we used these solar panel kits to simply charge our phones everyday, how much energy would we take off the grid?Our monthly utility bill is about $40 while gas is about $90. How much money would buying one kit or several kits save?Related SL question ", "top5_tags": "identification, watering, shrubs, flowers, plant-recommendations", "answer_only_title_pers": [{"generated_text": " While the interests you mentioned, such as identification, watering, shrubs, flowers, and plant recommendations, are valuable in their own right, they are not directly relevant to the question about the energy savings from portable solar panels in a house. Let's focus on the energy cost savings aspect.\n\nPortable solar panels can help save energy costs in a house by generating electricity from sunlight, which can be used to power various household appliances and systems. The amount of energy cost savings depends on several factors, including the size and efficiency of the solar panels, the location and orientation of the panels, the energy consumption of the house, and the local electricity rates.\n\nOn average, a typical household can save between 10% to 25% on their electricity bills by using portable solar panels. For example, if a household's monthly electricity bill is $200, they could potentially save between $20 to $50 per month by using portable solar panels. Over the course of a year, this could result in savings of $240 to $600.\n\nTo determine the exact energy cost savings for a specific house, it's essential to consider the factors mentioned above. Consulting with a solar energy professional can help you evaluate the potential savings and determine the most suitable solar panel system for your home."}], "answer_with_body_pers": [{"generated_text": " While the interests mentioned, such as identification, watering, shrubs, flowers, and plant recommendations, are valuable in gardening, they are not directly relevant to the question about the energy savings from portable solar panels. Focusing on the energy aspect, portable solar panels can indeed contribute to reducing your energy costs, although the savings might not be as significant as installing traditional roof-top solar panels.\n\nNRG Energy's portable solar panels, under their Goal Zero brand, are designed to charge small devices like phones, laptops, and other portable electronics. These panels typically have a lower power output compared to residential solar panels, which means they generate less electricity.\n\nTo estimate the potential savings, let's consider a single portable solar panel kit with a power output of around 100 watts. Assuming you use the solar panel to charge your devices for an average of 2 hours per day, the kit would generate approximately 200 watt-hours (Wh) or 0.2 kilowatt-hours (kWh) per day.\n\nNow, let's consider the average cost of electricity in the Houston area. According to the U.S. Energy Information Administration (EIA), the average retail price of electricity in Texas was around $0.10 per kWh in 2020. Using this figure, the daily savings from using a single portable solar panel kit would be around $0.02 (0.2 kWh * $0.10/kWh).\n\nIf you were to use multiple kits, the savings would increase proportionally. For example, using two kits would result in daily savings of around $0.04, and using three kits would result in daily savings of around $0.06.\n\nHowever, it's essential to note that these savings are relatively small compared to the potential savings from installing traditional solar panels on your roof. The portable solar panels are primarily designed for charging small devices and may not significantly reduce your overall energy consumption or utility bills.\n\nIn conclusion, while portable solar panels can contribute to reducing your energy costs, the savings may not be as substantial as installing traditional solar panels. If you're interested in reducing your energy consumption and utility bills, you may want to explore other energy-efficient options, such as LED lighting, energy-efficient appliances, and smart home technologies."}]}