{"Unnamed: 0": 26031, "id": "bicycles_30726", "Title": "Help on calculating spoke length", "Body": "I am going to replace my bent hub on my MTB. The hub is Novatec D042SB and the rim which I am going to order is Sun Ringle Inferno 25 29er. Since my hub is not so popular there are not any default dimensions available in online spoke calculator databases. I cannot take apart all the stuff on the wheel for precise measurements and that's why I have to ask for your help. I have used several calculators and all of them gave me different result ranging from 290mm to 294mm. Here are the dimensions of my hub in Novatec's official website.Flange to Flange 58.4mmFlange Diameter 58mmOver Locknut 135mmOffset of centers 6.8 mmRim ERD 602 mmIf anyone has experience with building a wheel, please help me to determine the exact length of the spokeThanks in advance", "top5_tags": "cassette, brakes, rotor, wheels, rims", "answer_only_title_pers": [{"generated_text": " To calculate the spoke length for a bicycle wheel, you'll need to consider the following factors:\n\n1. Wheel diameter: This is the overall diameter of the wheel, including the tire and rim. It is usually measured in inches or millimeters.\n\n2. Rim diameter: This is the diameter of the rim, which is the outer edge of the wheel where the spokes connect. It is also measured in inches or millimeters.\n\n3. Spoke count: The number of spokes in the wheel.\n\n4. Spoke spacing: The distance between the centers of adjacent spokes.\n\nThe formula to calculate the spoke length is:\n\nSpoke Length = (Wheel Diameter - Rim Diameter) / (Spoke Count / 2) + (Rim Diameter / 2)\n\nHere's a step-by-step guide to calculate the spoke length:\n\n1. Measure the wheel diameter and rim diameter in the same unit (inches or millimeters).\n\n2. Count the number of spokes in the wheel.\n\n3. Calculate the spoke spacing by dividing the wheel diameter by the spoke count.\n\n4. Plug the values into the formula and solve for the spoke length.\n\nRemember, the spoke length is crucial for proper wheel building and function. Incorrect spoke length can lead to issues such as wheel wobbling, brake rub, or even wheel failure.\n\nAs for the other components mentioned in the title (cassette, brakes, rotor, and rims), they are not directly related to calculating spoke length. However, they are essential parts of a bicycle's drivetrain and braking system. A well-built wheel with the correct spoke length will ensure that the cassette, brakes, and rotor function optimally."}], "answer_with_body_pers": [{"generated_text": " To calculate the spoke length for your Sun Ringle Inferno 25/29er rim with a Novatec D042SB hub, you can use the following formula:\n\nSpoke Length = (2 * Rim Effective Diameter * (Flange Diameter + Flange to Flange Distance)) / (2 * Pi * (Rim Effective Diameter - Flange Diameter))\n\nGiven the dimensions from the Novatec website:\n\n- Flange Diameter: 58mm\n- Flange to Flange Distance: 6.8mm\n- Rim Effective Diameter (ERD): 602mm\n\nPlugging these values into the formula:\n\nSpoke Length = (2 * 602 * (58 + 6.8)) / (2 * Pi * (602 - 58))\n\nSpoke Length \u2248 292.5mm\n\nThis value is close to the range you mentioned (290mm to 294mm). However, it's essential to consider that spoke length can vary slightly depending on the specific spoke profile and manufacturer's tolerances.\n\nAs for your interests in cassette, brakes, rotor, and wheels, these components are not directly related to calculating spoke length. However, when building a wheel, it's essential to ensure that the hub, spokes, and rim are compatible and meet your riding needs.\n\nIf you're still unsure about the exact spoke length, it's recommended to consult with a professional wheel builder or reach out to the Sun Ringle or Novatec customer support for further assistance. They may be able to provide more precise information or recommend a specific spoke length for your wheel build."}]}