{"Unnamed: 0": 8969, "id": "apple_1018", "Title": "How much RAM does the 4th Gen iPod Touch have?", "Body": "How much RAM do these iPods ship with?The iPhone 4 has 512MB, and older iPod Touch 3rd Gen have 256MB (same as the iPad).Do the new iPod Touch have 512MB as the iPhone 4 (what I would expect) or 256MB?", "top5_tags": "iphone, nba2k11, nintendo-wii, macos, keyboard", "answer_only_title_pers": [{"generated_text": " The 4th Generation iPod Touch, released in September 2010, comes with 256MB of RAM. This device is a part of Apple's iOS lineup and is not directly related to the interests you mentioned, such as iPhone, NBA 2K11, Nintendo Wii, macOS, or keyboard. However, it's worth noting that the iPod Touch shares the same iOS operating system as the iPhone, so understanding the RAM of the iPod Touch can provide insights into the performance capabilities of iOS devices. The 256MB of RAM in the 4th Gen iPod Touch is sufficient for running various apps and games available at the time, but it's significantly less than what modern iOS devices offer."}], "answer_with_body_pers": [{"generated_text": " The 4th Gen iPod Touch comes with 256MB of RAM. This matches the RAM specification of the older 3rd Gen iPod Touch and the iPhone 4. So, it does not have the 512MB RAM that the iPhone 4 has. The information you provided about iPhone, NBA2K11, Nintendo Wii, macOS, and keyboard is not directly relevant to the question about the RAM of the 4th Gen iPod Touch."}]}