{"Unnamed: 0": 1458364, "id": "lifehacks_10894", "Title": "Can I use regular kitchen salt to my dishwasher?", "Body": "The other day I was buying special dishwasher salt from a grocery store for about 3.5 USD a package. Later on, when I did read the contents (trying to figure out what is so magically pricey on the salt), I saw this:  Contents: 100% NaClBut NaCl is basic, ordinary salt! For cooking purposes, I buy ordinary salt for about 0.25 USD a package.Did I just discover lifehack? I am quite afraid to pour kitchen salt to my dishwasher. Did anyone try replacing dishwasher salt with regular (non-iodised) salt?", "top5_tags": "plot-explanation, plot, legal, character, shrek-2", "answer_only_title_pers": [{"generated_text": " While the question about using regular kitchen salt in a dishwasher may not directly relate to the plot, legal aspects, or characters from Shrek 2, I can still provide you with a relevant answer.\n\nNo, it is not recommended to use regular kitchen salt in your dishwasher. Dishwasher salt, also known as rinse aid salt, is specifically designed for use in dishwashers. It is formulated to help prevent water spots and improve the drying process. Regular kitchen salt, on the other hand, is primarily used for cooking and food preservation.\n\nUsing regular kitchen salt in your dishwasher may not cause any immediate harm, but it could potentially lead to clogging or damage to the dishwasher's internal components over time. Additionally, the high mineral content in regular kitchen salt may not effectively prevent water spots and could even leave residue on your dishes.\n\nFor optimal performance and to avoid any potential issues, it is best to use dishwasher salt as recommended by the manufacturer. If you're looking for a more eco-friendly alternative, you can consider using white vinegar or citric acid tablets, which can help with cleaning and preventing water spots. However, always consult your dishwasher's user manual before using any alternative cleaning agents."}], "answer_with_body_pers": [{"generated_text": " While it's understandable that you're curious about the potential cost savings of using regular kitchen salt in your dishwasher, it's essential to consider the specific requirements of dishwasher salt. Dishwasher salt, often referred to as rinse aid salt, is designed to soften water and prevent mineral buildup in your dishwasher.\n\nRegular kitchen salt, which is sodium chloride (NaCl), is not specifically formulated for dishwashers. Although it contains the same NaCl as dishwasher salt, it may not have the same properties that make it suitable for use in a dishwasher.\n\nUsing regular kitchen salt in your dishwasher could potentially lead to issues such as:\n\n1. Ineffective water softening: Regular kitchen salt may not effectively soften water, which could result in mineral buildup and reduced dishwasher performance over time.\n2. Clogged filters: The larger grains of regular kitchen salt may cause clogs in your dishwasher's filters, leading to poor dishwashing performance and potential damage to the appliance.\n3. Ineffective rinse aid: Dishwasher salt is specifically designed to act as a rinse aid, helping to prevent water spots and streaks on dishes. Regular kitchen salt may not have the same properties, leading to less effective rinse aid performance.\n\nWhile it's possible that some people have tried using regular kitchen salt in their dishwashers, it's not recommended due to the potential issues mentioned above. It's best to use the specialized dishwasher salt designed for this purpose to ensure optimal performance and longevity of your dishwasher.\n\nAs for the interests you mentioned, such as plot-explanation, plot, legal, character, and Shrek 2, they are not directly relevant to the question at hand. However, if you're interested in exploring the topic further, you might consider researching the differences between dishwasher salt and regular kitchen salt, as well as the potential consequences of using the wrong type of salt in your dishwasher."}]}