{"Unnamed: 0": 1444604, "id": "hsm_2687", "Title": "Did Hooke's law come from experiments, or was it mathematically derived from Newtonian mechanics?", "Body": "Was Hooke's law first coming from experiment or from math derivation of which Newtonian mechanical laws are the only prerequisite? Also can the law itself be reinvented in this way, or is it impossible to derive it mathematically from Newton's fundamental laws?I want to know if Hooke's law is an axiom or a theorem, even though it was called a law...", "top5_tags": "united-states, logic, international, mathematics, classical-mechanics", "answer_only_title_pers": [{"generated_text": " Hooke's Law, a fundamental principle in classical mechanics, was primarily derived from experimental observations rather than directly from Newtonian mechanics. Robert Hooke, an English scientist, formulated this law in the 17th century through his experiments with springs and elastic materials.\n\nIn 1660, Hooke conducted a series of experiments using springs and weights to study the relationship between the force applied to a spring and the resulting deformation. He discovered that the force exerted by a spring was directly proportional to the displacement or deformation of the spring, which led to the formulation of Hooke's Law. The law can be mathematically expressed as F = -kx, where F is the force applied to the spring, k is the spring constant, and x is the displacement.\n\nWhile Hooke's Law was not directly derived from Newtonian mechanics, it is consistent with the principles of classical mechanics, which were later developed by Sir Isaac Newton. Newton's laws of motion, published in his work \"Philosophi\u00e6 Naturalis Principia Mathematica\" in 1687, laid the foundation for classical mechanics and provided a comprehensive framework for understanding the motion of objects.\n\nHooke's Law can be seen as complementary to Newton's laws, as it describes the behavior of elastic materials under the influence of forces. In fact, Hooke's Law can be derived from Newton's second law of motion (F = ma) when applied to the specific case of an elastic material. By considering the mass of the material and the acceleration due to the applied force, one can arrive at the same mathematical relationship as Hooke's Law.\n\nIn summary, Hooke's Law was primarily derived from experimental observations by Robert Hooke, rather than directly from Newtonian mechanics. However, it is consistent with the principles of classical mechanics and can be derived from Newton's laws of motion when applied to elastic materials."}], "answer_with_body_pers": [{"generated_text": " Hooke's law, which states that the force needed to extend or compress a spring by some distance is proportional to that distance, was initially derived from experimental observations by Robert Hooke in the 17th century. However, it can also be mathematically derived from Newtonian mechanics, specifically from the second law of motion.\n\nIn the context of Newtonian mechanics, Hooke's law can be derived using the concepts of force, mass, and acceleration. Newton's second law of motion states that the force acting on an object is equal to the mass of the object multiplied by its acceleration (F = ma). When considering a spring, the force exerted by the spring is proportional to the displacement of the spring from its equilibrium position (F = -kx, where k is the spring constant and x is the displacement).\n\nBy combining these two equations, we can derive Hooke's law mathematically:\n\nF = ma = -kx\n\nThis equation shows that the force exerted by the spring is directly proportional to the displacement of the spring from its equilibrium position.\n\nAs for whether Hooke's law can be considered an axiom or a theorem, it is more accurately described as a law in the context of classical mechanics. A law in physics typically describes a fundamental relationship between physical quantities, and Hooke's law fits this description. While it can be derived from Newtonian mechanics, it is not an axiom in the sense that it is not a self-evident truth or a statement that is accepted without proof.\n\nIn summary, Hooke's law was initially derived from experimental observations, but it can also be mathematically derived from Newtonian mechanics. It is considered a law in classical mechanics, rather than an axiom or a theorem."}]}