{"Unnamed: 0": 7709147, "id": "sound_22079", "Title": "What do you call a rising sequence of short notes in a composition esp with strings?", "Body": "I have a noticed in a few pop songs you occasionally get a series of notes that sounds like a set of short notes rising in succession - usually done with strings. One example is in Abba's Dancing Queen, right after the lyric 'and when you get the chance..' you get this sequence I am thinking of. Another example is the very beginning of 'One in a Million' by the Pet Shop Boys.Is there a musicological term for this?", "top5_tags": "ableton-live, synthesizer, ableton, strings, effects", "answer_only_title_pers": [{"generated_text": " A rising sequence of short notes in a composition, especially with strings, is commonly referred to as a \"string bend\" or \"string glissando.\" However, in the context of digital audio workstations like Ableton Live and synthesizers, this effect can also be achieved through various techniques and plugins.\n\nIn Ableton Live, you can create a rising sequence of short notes using the \"Envelope\" feature on a MIDI instrument or by manipulating the \"LFO\" (Low-Frequency Oscillator) on a synthesizer. For example, you can use an LFO to modulate the pitch of a note, creating a rising effect.\n\nWhen working with strings in Ableton Live, you can use the \"String Instrument\" plugin to emulate the sound of real strings. This plugin allows you to create a string bend by adjusting the \"Bend\" parameter, which controls the pitch change of the note.\n\nFor synthesizers, you can use various effects and techniques to create a rising sequence of short notes with strings. Some popular methods include:\n\n1. String bend: This technique involves manually bending the pitch of a note on a MIDI keyboard or using a pitch bend wheel on a synthesizer.\n2. String glissando: This effect can be achieved by using a glissando or portamento parameter on a synthesizer or by using a dedicated string glissando plugin.\n3. LFO modulation: As mentioned earlier, you can use an LFO to modulate the pitch of a note, creating a rising effect.\n4. Envelope shaping: By shaping the envelope of a note, you can create a rising sequence of short notes.\n\nIn summary, a rising sequence of short notes in a composition with strings can be achieved using various techniques and plugins in Ableton Live and synthesizers. The specific method you choose will depend on your preferred workflow and the tools available to you."}], "answer_with_body_pers": [{"generated_text": " The rising sequence of short notes you're referring to in compositions, especially with strings, is often called a \"string pizzicato\" or \"pizzicato sequence.\" However, in the context of a rising sequence, it might be more accurately described as a \"string arpeggio\" or \"arpeggiated sequence.\"\n\nIn musicology, an arpeggio is a broken chord where the notes are played in succession rather than simultaneously. When these arpeggios are played in a rising pattern, they create a sense of ascending motion. This technique is commonly used in various genres, including pop music, to add texture and interest to a composition.\n\nWhile Ableton Live and synthesizers are powerful tools for creating and manipulating sounds, the technique you're describing is typically associated with acoustic instruments like strings. However, synthesizers can also emulate this effect through various techniques and effects, such as pitch bending, modulation, or using specific waveforms and envelopes.\n\nIn summary, the rising sequence of short notes you've noticed in pop songs with strings can be referred to as a \"string arpeggio\" or \"arpeggiated sequence.\" Although Ableton Live and synthesizers can be used to recreate this effect, it is traditionally associated with acoustic string instruments."}]}