{"Unnamed: 0": 8039973, "id": "travel_117187", "Title": "Where near Melbourne Victoria Australia can I see snow without needing chains?", "Body": "I want to take the kids to see the snow but I don't want to stay overnight and Ideally, I want them to have a play but without having to be too involved such as getting chains on the car or staying overnight. This is based on the greater Melbourne area in Victoria Australia. ", "top5_tags": "australia, united-states, politics, covid-19, medical-science", "answer_only_title_pers": [{"generated_text": " If you're interested in experiencing snow in Australia without the need for chains, you can visit Mount Buffalo National Park, which is located about 140 kilometers northeast of Melbourne, Victoria. This park is known for its snowy winters, and you can enjoy various winter activities such as skiing, snowboarding, and snowshoeing.\n\nHowever, it's essential to note that snowfall in Mount Buffalo National Park is not guaranteed every year, and it's always best to check the weather forecast before planning your trip. Additionally, the park is open year-round, but it's crucial to follow the park's guidelines and regulations to ensure your safety and the preservation of the environment.\n\nAs for the other interests you mentioned, such as the United States, politics, COVID-19, and medical science, they are not directly related to your question about experiencing snow in Australia. However, it's always a good idea to stay informed about the current COVID-19 situation and travel restrictions in Australia, as they may impact your travel plans."}], "answer_with_body_pers": [{"generated_text": " You can experience snow in the Melbourne, Victoria, Australia area without needing chains by visiting the nearby ski resorts and winter wonderlands. One popular option is Mount Buller, located approximately 140 kilometers (87 miles) northeast of Melbourne. Mount Buller offers a range of winter activities suitable for families, including sledding, snowboarding, and skiing, without the need for chains on your car.\n\nAnother option is Falls Creek, situated around 200 kilometers (124 miles) northeast of Melbourne. Falls Creek is a well-known ski resort that provides various winter activities for children and adults alike, such as snow play, sledding, and snowshoeing.\n\nBoth Mount Buller and Falls Creek offer day passes, allowing you to enjoy the snow and winter activities without the need for overnight stays or chains on your vehicle. However, it's essential to check the weather conditions and road safety before planning your trip, as snowfall can be unpredictable in these areas.\n\nWhile the interests mentioned (Australia, United States, politics, COVID-19, and medical science) are not directly relevant to the question, it's always good to stay informed about the current COVID-19 situation and any travel restrictions or requirements in Australia. Make sure to check the latest information from the Australian government and local authorities before planning your trip."}]}