{"Unnamed: 0": 1013, "id": "academia_126488", "Title": "Is software developed by publicly funded research groups legally public domain?", "Body": "In the United States, if a university lab develops code while receiving public funding, are they legally obligated to release their source code?", "top5_tags": "united-states, hedging, options, income-tax, tax-deduction", "answer_only_title_pers": [{"generated_text": " In the United States, software developed by publicly funded research groups is not automatically considered public domain. However, it may be eligible for certain legal protections and benefits, depending on the specific circumstances and the manner in which the software is disseminated.\n\nThe default copyright protection for software in the United States is granted to the author or creator of the software, regardless of whether it was developed by a publicly funded research group or not. This means that the software is protected by copyright law, and the creator has exclusive rights to reproduce, distribute, and modify the software.\n\nHowever, there are exceptions and provisions that may apply to software developed by publicly funded research groups. One such provision is the Bayh-Dole Act of 1980, which allows universities, small businesses, and non-profit organizations to retain ownership of inventions developed with federal funding. Under this act, the creators of the software can choose to patent their invention, which would provide them with exclusive rights to the software.\n\nAlternatively, the creators of the software may choose to release their work under an open-source license, which would allow others to use, modify, and distribute the software while still retaining copyright protection. This approach can help promote collaboration and innovation while also providing potential tax benefits.\n\nRegarding the user's interests in hedging, options, income tax, and tax deductions, it is essential to note that these topics are not directly related to the legal status of software developed by publicly funded research groups. However, if the software is released under an open-source license, the creators may be eligible for certain tax benefits, such as deductions for charitable contributions or income generated from the software.\n\nIn summary, software developed by publicly funded research groups in the United States is not automatically considered public domain. The creators have the option to retain copyright protection, patent their invention, or release their work under an open-source license. Depending on the chosen approach, there may be potential tax benefits associated with the software."}], "answer_with_body_pers": [{"generated_text": " In the United States, the legal status of software developed by publicly funded research groups, such as university labs, is not automatically considered public domain. However, there are specific circumstances under which these entities may be required to release their source code.\n\nOne such circumstance is the Bayh-Dole Act of 1980, which allows universities, small businesses, and non-profit organizations to retain ownership of inventions developed with federal funding. Under this act, these entities can file for patents on their inventions, including software, and retain the rights to commercialize them. However, the act also includes provisions for \"mandatory licensing,\" which requires the inventor to license the invention to the government and to third parties, including small businesses, under certain conditions.\n\nAnother relevant legislation is the America Invents Act (AIA) of 2011, which introduced the concept of \"open innovation\" and encouraged public-private partnerships. While the AIA does not directly mandate the release of source code, it does promote the sharing of intellectual property to foster innovation and collaboration.\n\nIn terms of specific obligations for universities, the National Science Foundation (NSF) has guidelines for the dissemination of research results, including software. The NSF's merit review criteria require that research results, including software, be made publicly available within a reasonable timeframe. This means that if a university lab receives NSF funding, they may be required to release their source code within a specified period after the research is completed.\n\nHowever, it is essential to note that these guidelines are not legally binding, and the specifics of each case may vary. In some instances, universities may choose to release their source code voluntarily, while in others, they may decide to retain it for commercial purposes.\n\nIn summary, while software developed by publicly funded research groups in the United States is not automatically considered public domain, there are circumstances under which these entities may be required to release their source code. These circumstances include the Bayh-Dole Act, the America Invents Act, and NSF guidelines. However, the specifics of each case may vary, and universities may choose to release their source code voluntarily or retain it for commercial purposes."}]}