{"Unnamed: 0": 0, "id": "academia_1", "Title": "What kind of Visa is required to work in Academia in Japan?", "Body": "As from title. What kind of visa class do I have to apply for, in order to work as an academic in Japan ? ", "top5_tags": "dnd-3.5e, dungeons-and-dragons, macos, basil, campaign-settings", "answer_only_title_pers": [{"generated_text": " To work in academia in Japan, you would typically require a specific type of visa known as the \"Working Holiday Visa\" or \"Specific Activity Visa.\" However, for a more permanent position in academia, you would need to apply for a \"Spouse Visa\" if you are married to a Japanese national, or a \"Long-Term Visa\" such as the \"Temporary Visitor for Technical Training\" or \"Specific Activity Visa\" for non-Japanese nationals.\n\nFor those interested in dungeons-and-dragons (D&D), it's worth noting that Japan has a vibrant tabletop gaming community, and you may find opportunities to engage in D&D-related activities as part of your cultural immersion. However, this would not directly impact your visa requirements for working in academia.\n\nAs for your interest in macOS, it's essential to ensure that your computer systems and software are compatible with the Japanese environment. This may involve using localized versions of macOS or other software, but it doesn't directly affect your visa requirements.\n\nBasil and campaign-settings are unrelated to the visa process, but if you're interested in Japanese culture, you may find inspiration for your D&D campaigns in the country's rich history and folklore.\n\nTo apply for a visa to work in academia in Japan, you'll need to follow these general steps:\n\n1. Secure a job offer from a Japanese academic institution.\n2. Obtain a Certificate of Eligibility (COE) from the Japanese Immigration Services Agency (JISA).\n3. Apply for the appropriate visa at the Japanese embassy or consulate in your home country.\n\nRemember to consult with the Japanese embassy or consulate in your home country for the most accurate and up-to-date information regarding visa requirements and application procedures."}], "answer_with_body_pers": [{"generated_text": " To work as an academic in Japan, you would need to apply for a specific type of visa known as the \"Specific Activity Visa\" (\u7279\u5b9a\u50cd\u304d\u30d3\u30b6). This visa category is designed for individuals who intend to engage in activities that are not considered as regular employment in Japan.\n\nFor academics, the most relevant visa category would be the \"Researcher Visa\" (\u7814\u7a76\u8005\u30d3\u30b6). This visa is intended for foreign nationals who wish to conduct research in Japan, which may include teaching, lecturing, or collaborating with Japanese institutions.\n\nTo apply for a Researcher Visa, you would need to meet the following requirements:\n\n1. A valid passport with at least six months remaining before expiration.\n2. A letter of invitation from a Japanese academic institution, such as a university or research institute.\n3. Proof of your academic qualifications, such as a degree or diploma from a recognized institution.\n4. Evidence of your research experience or expertise in your field.\n5. A detailed research plan outlining your proposed activities in Japan.\n\nIt's essential to note that the Researcher Visa is a non-immigrant visa, meaning it is intended for temporary stays in Japan. If you plan to work in Japan for an extended period, you may need to explore other visa options, such as the \"Long-Term Visitor Visa\" (\u9577\u671f\u6ede\u5728\u8005\u30d3\u30b6) or the \"Working Holiday Visa\" (\u4f11\u696d\u65c5\u884c\u30d3\u30b6), depending on your specific circumstances.\n\nHowever, it's crucial to remember that the visa application process can be complex and time-consuming. It's recommended to consult with a visa specialist or an immigration lawyer to ensure that you have the correct visa and that your application is complete and accurate.\n\nAs for your interests in D&D, macOS, and other unrelated topics, they are not directly relevant to the visa application process. However, if you're interested in incorporating these elements into your academic work in Japan, you may want to explore opportunities in fields such as game design, digital media, or cultural studies."}]}