{"Unnamed: 0": 1446831, "id": "islam_45098", "Title": "How to accurately translate \u062a\u0631\u0643 in the context of the hadith \"Between man and polytheism and unbelief is the [abandonment/negligence] of prayer\"?", "Body": "There are two similar ahadith with different translations:\u0625\u0650\u0646\u0651\u064e \u0628\u064e\u064a\u0652\u0646\u064e \u0627\u0644\u0631\u0651\u064e\u062c\u064f\u0644\u0650 \u0648\u064e\u0628\u064e\u064a\u0652\u0646\u064e \u0627\u0644\u0634\u0651\u0650\u0631\u0652\u0643\u0650 \u0648\u064e\u0627\u0644\u0652\u0643\u064f\u0641\u0652\u0631\u0650 \u062a\u064e\u0631\u0652\u0643\u064e \u0627\u0644\u0635\u0651\u064e\u0644\u0627\u064e\u0629\u0650Verily between man and between polytheism and unbelief is the negligence of prayer.Sahih Muslim 82 a\u0628\u064e\u064a\u0652\u0646\u064e \u0627\u0644\u0631\u0651\u064e\u062c\u064f\u0644\u0650 \u0648\u064e\u0628\u064e\u064a\u0652\u0646\u064e \u0627\u0644\u0634\u0651\u0650\u0631\u0652\u0643\u0650 \u0648\u064e\u0627\u0644\u0652\u0643\u064f\u0641\u0652\u0631\u0650 \u062a\u064e\u0631\u0652\u0643\u064f \u0627\u0644\u0635\u0651\u064e\u0644\u0627\u064e\u0629\u0650Between man and polytheism and unbelief is the abandonment of salat.Sahih Muslim 82 bIt looks like the relevant Arabic word is \u062a\u0631\u0643, which Wiktionary translates to to leave, to relinquish.  The impression I get from the English translation is that it means permanently.Question: How to accurately translate \u062a\u0631\u0643 in the context of the hadith \"Between man and polytheism and unbelief is the [abandonment/negligence] of prayer\"?This is relevant to my previous question here: Can someone end up leaving Islam through neglect?Google Translate gives a ranking of translations, favouring \"leave\" over \"neglect\":", "top5_tags": "women, tafseer, nikah, hadith, quran", "answer_only_title_pers": [{"generated_text": " In the context of the hadith \"Between man and polytheism and unbelief is the [abandonment/negligence] of prayer,\" the term \"\u062a\u0631\u0643\" (tark) can be translated as \"neglect\" or \"abandonment.\" This hadith is found in the collection of sayings and actions of Prophet Muhammad (peace be upon him), known as Hadith.\n\nThe hadith in question is reported by Imam Muslim in his Sahih collection, and it emphasizes the importance of prayer (Salah) in Islam. The Prophet Muhammad (peace be upon him) stated that the most significant sin between a Muslim and polytheism (Shirk) is the neglect or abandonment of prayer.\n\nIn this context, \"\u062a\u0631\u0643\" (tark) refers to the act of neglecting or abandoning the obligatory prayers, which are a fundamental pillar of Islam. The hadith serves as a reminder to Muslims, both men and women, of the importance of fulfilling their prayer obligations and not neglecting them.\n\nAs for the interests mentioned in the question, such as women, tafseer (exegesis), nikah (marriage), and the Quran, they are not directly relevant to the translation of \"\u062a\u0631\u0643\" in this specific hadith. However, it is essential to note that the hadith applies to all Muslims, regardless of gender, and the importance of prayer is emphasized in the Quran as well.\n\nIn summary, the translation of \"\u062a\u0631\u0643\" (tark) in the context of the hadith \"Between man and polytheism and unbelief is the [abandonment/negligence] of prayer\" is \"neglect\" or \"abandonment,\" referring to the act of neglecting or abandoning the obligatory prayers in Islam. This hadith serves as a reminder to all Muslims, including women, to fulfill their prayer obligations and not neglect them."}], "answer_with_body_pers": [{"generated_text": " In the context of the hadith \"Between man and polytheism and unbelief is the [abandonment/negligence] of prayer,\" the Arabic word \u062a\u0631\u0643 (tarak) can be accurately translated as \"neglect\" or \"abandonment.\" The choice between these two translations depends on the nuances of the context and the interpretation of the hadith.\n\nThe hadith is found in Sahih Muslim, Book 8, Hadith 82, with two different translations:\n\n1. \"Verily between man and between polytheism and unbelief is the negligence of prayer.\" (Sahih Muslim 82 a)\n2. \"Between man and polytheism and unbelief is the abandonment of salat.\" (Sahih Muslim 82 b)\n\nIn the first translation, \"negligence of prayer\" (\u062a\u0631\u0643 \u0627\u0644\u0635\u0644\u0627\u0629) emphasizes the act of neglecting or not performing the obligatory prayers. This translation focuses on the lack of attention or care given to the act of prayer.\n\nIn the second translation, \"abandonment of salat\" (\u062a\u0631\u0643 \u0627\u0644\u0635\u0644\u0627\u0629) implies a more deliberate and conscious decision to abandon or forsake the act of prayer. This translation suggests a stronger sense of rejection or disassociation from the practice of prayer.\n\nBoth translations convey the idea that neglecting or abandoning prayer is a significant factor that separates a person from the path of Islam, as it is considered a fundamental pillar of the faith. The choice between \"negligence\" and \"abandonment\" may depend on the interpretation of the hadith and the context in which it is being discussed.\n\nRegarding the question of whether someone can end up leaving Islam through neglect, it is essential to understand that neglecting prayer is considered a serious matter in Islam. However, the ultimate decision to leave the faith is a personal one and may involve various factors beyond the act of neglecting prayer. It is always recommended to seek knowledge and guidance from scholars and religious leaders to better understand the teachings of Islam and make informed decisions."}]}