{"Unnamed: 0": 8879, "id": "apple_10017", "Title": "How do I format a disk partition from the command line on OS X?", "Body": "How do I format a disk partition from the command line on Mac OS X?In case someone wonders why: because for some people Disk Utility fails.", "top5_tags": "macos, command-line, software-recommendation, iphone, ios", "answer_only_title_pers": [{"generated_text": " To format a disk partition from the command line on macOS, you can use the `diskutil` command. Here's a step-by-step guide on how to do it:\n\n1. Open the Terminal application on your macOS system. You can find it in the Utilities folder within the Applications folder, or you can use Spotlight search (Command + Space) and type \"Terminal.\"\n\n2. Before formatting a disk partition, it's essential to back up any data on the disk to avoid data loss.\n\n3. To format a disk partition, use the following command:\n\n```bash\ndiskutil eraseDisk JHFS+ \"Your Disk Name\" diskX\n```\n\nReplace \"Your Disk Name\" with the desired name for the formatted disk partition, and \"diskX\" with the disk identifier (e.g., disk0, disk1, etc.). You can find the disk identifier by running the following command:\n\n```bash\ndiskutil list\n```\n\n4. If you want to format the disk with a specific file system, such as APFS or HFS+, you can modify the command as follows:\n\n```bash\ndiskutil eraseDisk APFS \"Your Disk Name\" diskX\n```\n\nReplace \"APFS\" with the desired file system (e.g., APFS, HFS+, or JHFS+).\n\n5. After executing the command, the disk partition will be formatted with the specified file system and name.\n\nNote: Formatting a disk partition will erase all data on the disk, so make sure to back up any important files before proceeding.\n\nAs for software recommendations, macOS comes with built-in command-line tools like `diskutil`, so you don't need to install any additional software. However, if you prefer a graphical user interface (GUI) for disk management, you can use third-party applications like Disk Utility, which is included in macOS, or third-party software like Paragon Disk Manager or DiskWarrior.\n\nRegarding your interest in iPhone and iOS, formatting a disk partition on macOS is unrelated to these devices. However, if you're looking to manage storage on your iPhone or iPad, you can use the built-in \"Manage Storage\" feature in the Settings app to optimize storage and delete unwanted files."}], "answer_with_body_pers": [{"generated_text": " To format a disk partition from the command line on macOS, you can use the `diskutil` command. Here's a step-by-step guide on how to do it:\n\n1. Open the Terminal application on your Mac. You can find it in the Utilities folder within the Applications folder, or you can use Spotlight search (Command + Space) and type \"Terminal.\"\n\n2. Before formatting a disk partition, it's essential to back up any data on the disk to avoid data loss.\n\n3. Identify the disk partition you want to format. You can list all available disks and partitions using the following command:\n\n   ```\n   diskutil list\n   ```\n\n4. Once you've identified the disk partition you want to format, you can use the `diskutil eraseDisk` command followed by the desired format and a name for the new disk partition. For example, to format a disk partition as a Mac OS Extended (Journaled) disk with the name \"MyNewDisk,\" use the following command:\n\n   ```\n   diskutil eraseDisk HFS+ MyNewDisk /dev/diskX\n   ```\n\n   Replace \"diskX\" with the identifier of the disk partition you want to format (e.g., \"disk2\" or \"disk3\").\n\n5. If you want to format a specific partition within a disk, use the `diskutil eraseVolume` command instead. For example, to format a partition with the identifier \"1\" on disk \"disk2\" as a Mac OS Extended (Journaled) disk with the name \"MyNewPartition,\" use the following command:\n\n   ```\n   diskutil eraseVolume HFS+ MyNewPartition /dev/disk2s1\n   ```\n\n   Replace \"disk2s1\" with the identifier of the partition you want to format.\n\nRemember to replace \"diskX\" and \"disk2s1\" with the appropriate identifiers for your disk partition.\n\nNote: Formatting a disk partition will erase all data on the partition. Make sure to back up any important data before proceeding.\n\nThis guide focuses on formatting a disk partition from the command line on macOS and does not directly relate to software recommendations, iPhone, or iOS. However, understanding command-line operations on macOS can be beneficial for troubleshooting and managing your system."}]}