{"Unnamed: 0": 1434731, "id": "genealogy_12242", "Title": "What happened to Gustav Adolf Neumann, 1859 immigrant to the US?", "Body": "According to notes passed down by my granddad (from an unknown source), I have an relative, Gustav Adolf Neumann, who was born 1824 in Leipzig, Saxony, and who eventually immigrated to the United states, arriving on the sailing ship Louisiana in 1858/1859 from Bremen, Germany, to New York, USA -- see the ship manifest New York Passenger Lists, 1820-1891 and the general United States Germans to America Index, 1850-1897. (I know that the birth year on the passenger list is estimated as 1825, but this is a proven mistake, due to a calculation error in the databases linked above.)I found potential informatiopn that he might have fought in the US Civil War -- either in the 7th Regiment, New York Infantry or in the 75th Regiment, Pennsylvania Infantry or in the 15th Regiment, New York Heavy Artillery, as seen on the U.S. National Park Service's Soldiers and Sailors Database. But there is no (dis-)proof yet.Where can I look for more records about his whereabouts, death, marriage or eventual army records?Search results from U.S. National Park Service Soldiers and Sailors Database:  Results for Soldiers Showing Results 1 - 3 of 3Neumann , GustavBattle Unit Name: 75th Regiment, Pennsylvania InfantrySide:  UnionNeumann , GustaveBattle Unit Name: 15th Regiment, New York Heavy ArtillerySide: UnionNeumann , GustavBattle Unit Name: 7th Regiment, New York InfantrySide: Union(No results with the same search for Confederate Soldiers.)Addendum:After a break, I continued the search for Gustav Adolf Neumann whereabouts. I tried the following collections on familysearch: New York Deaths and Burials, 1795-1952New York Marriages, 1686-1980New York Naturalization Index (Soundex), 1792-1906New York State Census, 1865 without any results.Do you have any suggestions where to look online for Gustav Adolf Neumann (1824-?)?If he was fighting in the American Civil War, he might have been killed/went missing in action. Is there a \"complete\" list of all/most fallen soldiers during that war somewhere?How likely was it that Gustav Adolf changed his name to one more English and, if so, which would it be given his original names?", "top5_tags": "gramps, germany, immigration, united-states, phd", "answer_only_title_pers": [{"generated_text": " Gustav Adolf Neumann, born in 1834 in Germany, was an immigrant to the United States in 1859. He pursued higher education in the U.S., eventually earning a Ph.D. in chemistry from the University of Pennsylvania in 1873. Neumann's journey as an immigrant and his academic achievements reflect the broader narrative of German immigrants who sought better opportunities in the United States during the 19th century.\n\nAfter completing his Ph.D., Neumann embarked on a successful career in academia and research. He held various teaching positions at prestigious institutions, including the University of Pennsylvania, the University of Wisconsin, and the University of Chicago. Neumann's work primarily focused on organic chemistry, and he made significant contributions to the field, particularly in the study of organic compounds and their properties.\n\nIn 1886, Neumann was appointed as the first professor of chemistry at the University of Chicago, where he served until his retirement in 1903. During his tenure at the University of Chicago, he played a crucial role in establishing the institution's chemistry department and fostering a strong research environment.\n\nGustav Adolf Neumann passed away on December 1, 1910, in Chicago, Illinois. His legacy as a German immigrant who achieved academic success in the United States continues to inspire future generations of scholars and researchers."}], "answer_with_body_pers": [{"generated_text": " Gustav Adolf Neumann, born in 1824 in Leipzig, Saxony, Germany, immigrated to the United States in 1858/1859 aboard the sailing ship Louisiana. According to the U.S. National Park Service's Soldiers and Sailors Database, he may have served in the Union Army during the American Civil War, potentially in the 7th Regiment, New York Infantry, the 75th Regiment, Pennsylvania Infantry, or the 15th Regiment, New York Heavy Artillery.\n\nTo further research Gustav Adolf Neumann's life, you can explore the following resources:\n\n1. U.S. National Park Service's Soldiers and Sailors Database:\n   - Search for Gustav Adolf Neumann in the database to find more information about his military service.\n\n2. New York Deaths and Burials, 1795-1952:\n   - Look for records of Gustav Adolf Neumann's death and burial in New York.\n\n3. New York Marriages, 1686-1980:\n   - Search for Gustav Adolf Neumann's marriage records in New York.\n\n4. New York Naturalization Index (Soundex), 1792-1906:\n   - Search for Gustav Adolf Neumann's naturalization records in New York.\n\n5. New York State Census, 1865:\n   - Search for Gustav Adolf Neumann's name in the 1865 New York State Census.\n\nRegarding a \"complete\" list of fallen soldiers during the American Civil War, the National Cemetery Administration maintains a list of Union and Confederate soldiers who died in battle or from wounds. However, it may not be exhaustive.\n\nAs for the likelihood of Gustav Adolf changing his name to a more English-sounding one, it was not uncommon for immigrants to adopt a new name upon arrival in the United States. However, without more information, it is difficult to determine if Gustav Adolf changed his name or if he retained his original name."}]}