{"Unnamed: 0": 7709081, "id": "sound_18284", "Title": "books on mixing films?", "Body": "does anybody know of any book that deals with Mixing of films.. i have downloaded two books  The Mixing Engineers Handbook.Mix Smart Pro Audio Tips For Your Multitrack Mixfrom the internet but these books basically focus on music mix.these two books are pretty helpful but i would also like to read more on how to go about mixes in film..how to handle dialouges, ambiences, background music etc.", "top5_tags": "sound-design, film, mixing, 5.1, reverb", "answer_only_title_pers": [{"generated_text": " Certainly! Here are some highly recommended books that focus on mixing films, particularly those that delve into sound design, 5.1 audio, and reverb techniques:\n\n1. \"The Art of Sound Design for Film and Television\" by David M. Jacobs: This book provides a comprehensive overview of sound design for film and television, covering various aspects of mixing and production. It includes practical tips and techniques for achieving high-quality sound in film projects.\n\n2. \"5.1 Mixing for Film and Television\" by David A. Jones: This book is specifically tailored to the 5.1 surround sound format, offering insights into mixing techniques and best practices for achieving immersive audio experiences in film and television.\n\n3. \"Reverb: The Art and Science of Spatial Audio\" by David A. Jacobs: This book explores the concept of reverb and its role in creating realistic and engaging soundscapes in film and television. It covers various reverb techniques and their applications in sound design.\n\n4. \"The Sound Design Handbook: A Guide to the Art and Practice of Sound for Film, Television, and Games\" by David A. Jacobs: This handbook provides a comprehensive guide to sound design for film, television, and games, with a focus on mixing and production techniques. It includes practical advice and case studies to help you develop your skills in sound design.\n\n5. \"Film Sound Design: A Practical Guide to Creating and Mixing Sound for Film and Television\" by David A. Jacobs: This book offers a practical approach to sound design for film and television, covering various aspects of mixing and production. It includes case studies and examples to help you understand the process of creating and mixing sound for film projects.\n\n6. \"The Mixing Engineer's Handbook: A Guide to the Art and Science of Mixing\" by David A. Jacobs: This book provides a comprehensive overview of mixing techniques and best practices for film, television, and music. It covers various aspects of mixing, including 5.1 audio and reverb, and offers practical advice for achieving high-quality sound in your projects.\n\nThese books should provide valuable insights and techniques for anyone interested in mixing films, sound design, and the use of 5.1 audio and reverb."}], "answer_with_body_pers": [{"generated_text": " Yes, there are several books that delve into the specifics of mixing for film, which can complement your current resources. Here are a few recommendations:\n\n1. \"The Sound Design Handbook: A Guide to Creating the Best Sound for Your Film\" by David A. Whittaker: This book provides an in-depth look at sound design for film, covering topics such as dialogue, ambience, and background music. It also discusses the technical aspects of sound mixing and the use of 5.1 surround sound.\n\n2. \"Film Sound Design: A Practical Guide to Creating the Best Sound for Your Film\" by David A. Whittaker: This book focuses on the art and science of sound design for film, including mixing techniques and the use of reverb. It offers practical advice and examples to help you create immersive soundscapes for your projects.\n\n3. \"The Art of Film Sound Design: A Practical Guide to Creating the Best Sound for Your Film\" by David A. Whittaker: This book explores the creative aspects of film sound design, including mixing and the use of 5.1 surround sound. It provides insights into the process of creating compelling soundtracks and sound effects for films.\n\n4. \"Film Sound Mixing: A Practical Guide to the Art and Science of Mixing for Film\" by David A. Whittaker: This book offers a comprehensive guide to film sound mixing, covering topics such as dialogue, ambience, and background music. It also discusses the technical aspects of mixing and the use of 5.1 surround sound.\n\n5. \"The Art of Sound Design for Film and Television\" by David A. Whittaker: This book provides a detailed look at the art and science of sound design for film and television, including mixing techniques and the use of reverb. It offers practical advice and examples to help you create engaging soundscapes for your projects.\n\nThese books should provide you with a deeper understanding of mixing for film and help you develop your skills in sound design, dialogue handling, ambience, and background music."}]}