{"Unnamed: 0": 1444600, "id": "hsm_2659", "Title": "What is the decade of experimentation that start to verify the formulas from mechanics of vibration?", "Body": "What is the decade of experimentation that start to verify the formulas from classical mechanics of vibration?People unable to \"see\" or \"hear\" the vibration of the objects in the late 19 century...", "top5_tags": "united-states, logic, international, mathematics, classical-mechanics", "answer_only_title_pers": [{"generated_text": " The decade of experimentation that began to verify the formulas from mechanics of vibration, particularly in the context of the United States and internationally, was the 1830s. This period marked significant advancements in the field of classical mechanics, with notable contributions from scientists such as Jean-Baptiste Biot, Sim\u00e9on Denis Poisson, and Augustin-Louis Cauchy.\n\nIn the United States, the 1830s saw the emergence of influential figures like George Biddell Airy, who later became the Astronomer Royal for England. Airy's work on the theory of vibrations and his contributions to the understanding of the behavior of vibrating systems laid the groundwork for future experimental verification of the formulas in classical mechanics.\n\nInternationally, the 1830s also witnessed the development of the wave theory of light by Augustin-Jean Fresnel, which had implications for the study of vibrations and wave phenomena. The wave theory of light and the study of vibrations were closely related, as both involved the analysis of oscillatory motion and the propagation of waves.\n\nDuring this decade, experimentalists began to design and conduct experiments to test the theoretical predictions of the mechanics of vibration. These experiments involved the use of various mechanical systems, such as pendulums, springs, and vibrating strings, to study the behavior of vibrating bodies and validate the mathematical formulas derived from classical mechanics.\n\nThe 1830s marked the beginning of a period of intense experimentation and verification of the formulas from mechanics of vibration, which continued to evolve and expand throughout the 19th century and beyond. This period laid the foundation for the development of modern vibration analysis and its applications in various fields, including engineering, physics, and mathematics."}], "answer_with_body_pers": [{"generated_text": " The decade of experimentation that began to verify the formulas from classical mechanics of vibration is the late 19th century, particularly the 1870s and 1880s. During this period, significant advancements were made in the field of vibration analysis, which is a fundamental aspect of classical mechanics.\n\nIn the United States, researchers and engineers started to apply mathematical principles to understand and predict the behavior of vibrating systems. This was a time when the study of vibrations was gaining momentum, and scientists were beginning to develop experimental techniques to test the theoretical formulas derived from classical mechanics.\n\nOne of the key figures in this field was Lord Rayleigh (John William Strutt), a British physicist and mathematician, who made significant contributions to the understanding of vibrations and their mathematical descriptions. His work, along with that of other scientists and engineers, laid the foundation for the development of modern vibration analysis and its applications in various industries.\n\nDuring this period, the United States and other countries around the world were experiencing rapid industrialization, which created a demand for better understanding and control of vibrations in machinery and structures. This led to the establishment of research institutions and laboratories dedicated to the study of vibrations and the development of experimental techniques to verify the classical mechanics formulas.\n\nIn summary, the late 19th century, particularly the 1870s and 1880s, marked the beginning of the experimental verification of classical mechanics formulas related to vibrations. This period saw the development of mathematical models and experimental techniques that have since become fundamental to the field of vibration analysis and its applications in various industries."}]}