{"Unnamed: 0": 1437350, "id": "hermeneutics_293", "Title": "Translation of \"Hosanna\" (\u1f61\u03c3\u03b1\u03bd\u03bd\u03ac)", "Body": "What does \"Hosanna\" (\u1f61\u03c3\u03b1\u03bd\u03bd\u03ac) mean (as it appears in the Gospels)? What is its etymology/derivation from Hebrew/Aramaic?", "top5_tags": "air-travel, safety, health, usa, luggage", "answer_only_title_pers": [{"generated_text": " The term \"Hosanna\" (\u1f61\u03c3\u03b1\u03bd\u03bd\u03ac) originates from Hebrew and is commonly used in religious contexts, particularly within Christianity. It is derived from the Hebrew phrase \"\u05d4\u05d5\u05e9\u05d9\u05e2\u05d4 \u05e0\u05d0\" (Hoshia Na), which means \"Save, please\" or \"Save us.\" The term gained prominence in the Christian liturgy, especially during Palm Sunday and Easter, where it is used in the context of praising and calling for salvation.\n\nHowever, if you are interested in the translation of \"Hosanna\" in relation to air travel, safety, health, or the USA, it's essential to note that the term itself does not directly relate to these topics. The translation of \"Hosanna\" remains the same, but if you're looking for information on air travel, safety, health, or the USA, I'd be happy to assist you with that."}], "answer_with_body_pers": [{"generated_text": " The term \"Hosanna\" (\u1f61\u03c3\u03b1\u03bd\u03bd\u03ac) holds significant meaning in the context of the Gospels, particularly in the New Testament of the Bible. It is a Hebrew and Aramaic word that is frequently used in the Christian liturgy, especially during Palm Sunday and Easter.\n\nEtymology and Derivation:\nThe word \"Hosanna\" is derived from the Hebrew word \"\u05d4\u05d5\u05e9\u05e2\u05e0\u05d0\" (Hoshana), which is a compound of two words: \"\u05d4\u05d5\u05e9\u05d9\u05e2\" (Hoshia) and \"\u05d0\u05e0\u05d0\" (Anah). \"\u05d4\u05d5\u05e9\u05d9\u05e2\" (Hoshia) means \"to save\" or \"to rescue,\" while \"\u05d0\u05e0\u05d0\" (Anah) is a particle of affirmation, similar to \"please\" or \"I pray.\" Therefore, the literal translation of \"Hosanna\" is \"Save, please\" or \"Rescue, please.\"\n\nIn the Gospels, \"Hosanna\" is used as a cry of praise and adoration, expressing the people's desire for salvation and deliverance. It is a plea for God's help and mercy, and it is often associated with the messianic expectations of the Jewish people during the time of Jesus.\n\nIn the context of the Gospels, the most famous use of \"Hosanna\" is found in the accounts of Jesus' triumphal entry into Jerusalem (Matthew 21:9, Mark 11:9, Luke 19:38, and John 12:13). The people shouted \"Hosanna\" to Jesus, recognizing him as the long-awaited Messiah who would bring salvation and liberation to the Jewish people.\n\nWhile the interests of the user in air-travel, safety, health, and the USA are not directly relevant to the question, it is worth noting that the concept of \"Hosanna\" can be metaphorically applied to various aspects of life, including the desire for safety, security, and well-being. In this sense, the plea for salvation and deliverance expressed in \"Hosanna\" can resonate with people's aspirations for a safe and secure life, regardless of the context."}]}