{"Unnamed: 0": 1441075, "id": "history_1001", "Title": "Was there actually a project by the Nazis to create supernatural monsters/weapons?", "Body": "In many American sci-fi/fantasy fictional works, there's a trope about Nazis creating/attempting to create/use supernatural weapons/monsters (examples Hellboy movie, Indian Jones movie etc.) What, if any, is the historical basis of this trope? ", "top5_tags": "dota-2, inspiration, malazan, steven-erikson, suggested-order", "answer_only_title_pers": [{"generated_text": " While the question you've asked is intriguing, it doesn't directly relate to Dota 2, inspiration from Malazan, Steven Erikson, or the suggested order of events in their works. However, I can provide information on the topic you're interested in.\n\nDuring World War II, the Nazis engaged in various research projects, some of which involved the study of biology and genetics. One such project was Operation Barbarossa, which aimed to develop biological weapons. However, it's essential to clarify that these projects were not focused on creating supernatural monsters, as they were grounded in scientific research and the pursuit of military advantages.\n\nThe Nazis' interest in biological warfare led to the establishment of the Kaiser Wilhelm Institute for Biology in 1937, which later became the Max Planck Institute for Infection Biology. The institute's researchers, including Nobel laureate Paul Ehrlich, explored the potential of using bacteria and other pathogens as weapons.\n\nWhile the Nazis' research did involve the study of unusual and exotic organisms, it was not aimed at creating supernatural monsters. Instead, their focus was on understanding and exploiting the biological mechanisms of various organisms to develop weapons for warfare.\n\nIn summary, while the Nazis did engage in research projects related to biology and genetics during World War II, there is no credible evidence to suggest that they attempted to create supernatural monsters or weapons. Their research was grounded in scientific exploration and the pursuit of military advantages."}], "answer_with_body_pers": [{"generated_text": " The trope of Nazis attempting to create supernatural monsters or weapons in American sci-fi/fantasy works is largely a product of creative imagination and not rooted in historical fact. However, it's worth noting that during World War II, the Nazis did engage in extensive research and experimentation in various fields, including biology and chemistry, with the aim of developing advanced weapons and technologies.\n\nOne of the most infamous projects was Operation Barbarossa, which involved the development of biological warfare. The Nazis conducted experiments on humans and animals, including the use of prisoners in concentration camps, to study the effects of various toxins and diseases. While these experiments were not directly related to supernatural creatures, they did involve the creation of new and horrific weapons.\n\nThe idea of Nazis creating supernatural monsters or weapons may have been inspired by the general fascination with the occult and supernatural during the early 20th century. This period saw a rise in interest in topics such as witchcraft, alchemy, and the occult, which were often associated with the darker aspects of Nazi ideology.\n\nIn the realm of fiction, authors like Steven Erikson have explored the concept of supernatural elements in their works. Erikson's Malazan Book of the Fallen series, for example, features a complex world with various mythologies and magical creatures. While the series does not directly involve Nazis, it does showcase the potential for supernatural elements in a fantasy setting.\n\nIn conclusion, the trope of Nazis creating supernatural monsters or weapons in American sci-fi/fantasy works is not based on historical fact but rather on the creative imagination of authors. The Nazis' real-life experiments in biology and chemistry during World War II may have indirectly contributed to the development of this trope, but the supernatural aspect is purely fictional."}]}