{"Unnamed: 0": 201135, "id": "freelancing_7369", "Title": "Is it possible to earn $200 a month by freelancing?", "Body": "I've been trying to earn just $200 a month for five years now but I failed!I tried tons of PTC and surveys websites and I found out that they are scam or they pay too low. They don't worth it. I spend a lot of time and effort testing those websites.I tried to sell some images and pictures on some websites (I don't recall their names because that was in the past) and no one bought them.I've created many blogs and I failed to gain traffic. Finally, I build a blog that is not in English. It has more than 10,000 views per month. But I earn about as low as $3 a month!!I teach my native language on youtube. My channel has more than 10,000 views per months too and 2K subscribers. I earn about $12 a month. That's very low too. Currently, I work as a transcriber. This gives me $30 a month at most. Maybe that's because they don't have a large number of customers.I've just graduated this year. I really need to get $200 a month because they are enough for my living. If I managed to do it, I don't have to get a real work. I can work online. So, I applied to one of the websites that can make me earn $10 per a tested website. I applied twice but I failed. I created accounts on Fiverr and Freelancer but no one buys my gigs or hires me. Could you tell me a way to get $200 a month, Please? I need a trusted (legit) website that gives me a job. I prefer not to search for customers or get traffic. I need direct tasks or jobs like what I do as a transcriber. The website gives me files to transcribe, Then I get paid.I've many skills. I can type very fast. I'm an expert in photoshop, MS word, power point, excel. I've two languages (English and Arabic) so I can work as a translator.Thank you so much,", "top5_tags": "multiple-sclerosis, meaning-in-context, copyright, meaning, united-states", "answer_only_title_pers": [{"generated_text": " Absolutely, it is possible to earn $200 a month by freelancing in the United States. Freelancing offers a variety of opportunities across different fields, including writing, graphic design, programming, and more. The key to achieving this income level is to find a niche that aligns with your skills and interests, and to consistently deliver high-quality work.\n\nWhen considering freelancing as a means to earn $200 a month, it's essential to understand the market demand and competition in your chosen field. For instance, if you're interested in writing, you could consider copywriting, content creation, or proofreading. However, it's important to note that the specifics of multiple-sclerosis, meaning-in-context, and copyright are not directly related to the question of earning $200 a month through freelancing.\n\nTo reach the $200 monthly goal, you may need to start with smaller projects and gradually build your portfolio. As you gain experience and establish a reputation for delivering quality work, you can increase your rates and take on more substantial projects.\n\nHere are some tips to help you get started:\n\n1. Identify your skills and interests: Choose a field where you have expertise or a passion for learning.\n\n2. Research the market: Understand the demand for your services and the average rates for freelancers in your chosen field.\n\n3. Create a strong portfolio: Showcase your best work to potential clients, demonstrating your skills and experience.\n\n4. Set realistic goals: Start with smaller projects to build your portfolio and gradually increase your rates.\n\n5. Network and market yourself: Connect with potential clients through social media, freelance platforms, and networking events.\n\n6. Be consistent: Deliver high-quality work on time and maintain a professional reputation to attract more clients.\n\n7. Consider additional income streams: You may also explore other freelance opportunities, such as tutoring or consulting, to supplement your earnings.\n\nRemember that earning $200 a month through freelancing is a realistic goal for many freelancers, but it may require some time and effort to achieve. As you gain experience and build your reputation, you can increase your earnings and potentially reach higher income levels."}], "answer_with_body_pers": [{"generated_text": " Title: Earning $200 a Month through Freelancing: Strategies and Opportunities\n\nBody:\n\nEarning $200 a month through freelancing can be a challenging but achievable goal. While it may require some trial and error, there are legitimate opportunities available that can help you reach this target. Here are some strategies and platforms you can consider:\n\n1. Transcription Services: As a transcriber, you can explore platforms like Rev or TranscribeMe, which offer paid transcription jobs. These platforms connect freelancers with clients who need transcription services, and you can earn a decent hourly rate.\n\n2. Copywriting: If you have strong writing skills, consider joining platforms like Upwork or Freelancer to offer copywriting services. You can create content for websites, blogs, or marketing materials, and earn a commission on the sales generated by your work.\n\n3. Graphic Design: With your expertise in Photoshop, MS Word, PowerPoint, and Excel, you can offer graphic design services on platforms like Fiverr or 99designs. You can create logos, social media graphics, or other visual content for clients.\n\n4. Translation Services: Your bilingual skills in English and Arabic can be valuable in the translation industry. Websites like Gengo or TranslatorsCafe offer translation jobs for freelancers. You can translate documents, websites, or other materials for clients.\n\n5. Online Tutoring: If you have expertise in a specific subject, consider offering tutoring services on platforms like VIPKid or Tutor.com. You can teach students in your native language, and earn a fixed fee per session.\n\n6. Affiliate Marketing: You can promote products or services on platforms like Amazon Associates or ShareASale, and earn a commission on the sales generated through your referrals.\n\n7. Content Creation: If you have a blog with a decent amount of traffic, consider monetizing it through affiliate marketing, sponsored content, or advertising. You can also create and sell digital products like e-books or courses.\n\n8. Virtual Assistance: Offering virtual assistance services, such as email management, scheduling, or social media management, can be a lucrative option. Platforms like FlexJobs or Virtual Vocations can help you find clients in need of these services.\n\nRemember that building a strong portfolio, networking, and continuously improving your skills are essential to succeed in freelancing. While it may take time to reach your goal of earning $200 a month, these strategies can help you find legitimate opportunities that align with your skills and interests."}]}