{"Unnamed: 0": 5658314, "id": "musicfans_2802", "Title": "Is this song considered a Bebop Standard?", "Body": "The following song: http://youtu.be/RiF3t1rWBv8Is \"Wrapped Tight\" by Hawkins considered a bebop standard? Is he the first one to record this song? Or was it recorded earlier?", "top5_tags": "jazz, blues, lyrics, funk, identify-this-genre", "answer_only_title_pers": [{"generated_text": " The song in question can be evaluated as a Bebop Standard based on its characteristics and influences within the jazz genre. Bebop, a style of jazz that emerged in the 1940s, is known for its fast tempos, complex harmonies, and intricate melodies. While the specific song you're referring to isn't mentioned, a Bebop Standard typically features these elements.\n\nBebop songs often showcase virtuosic improvisation, with musicians taking turns to solo over the chord progressions. The lyrics in Bebop songs are usually minimal or absent, as the focus is primarily on the instrumental performance. This is in contrast to genres like blues and funk, which often have more prominent lyrics and rhythmic elements.\n\nIf you're interested in identifying the genre of a particular song, you can look for the following characteristics:\n\n1. Jazz: Bebop songs are characterized by fast tempos, complex harmonies, and intricate melodies. They often feature virtuosic improvisation and a focus on instrumental performance.\n\n2. Blues: Blues songs typically have a slower tempo and a repetitive chord progression. They often feature lyrics that express emotions, and the melodies are usually based on the 12-bar blues structure.\n\n3. Funk: Funk songs are known for their strong, rhythmic groove, and often feature a prominent bassline and drum pattern. The melodies are usually catchy and repetitive, and lyrics often focus on social and political themes.\n\nIn summary, if the song you're referring to exhibits the characteristics of Bebop, such as fast tempos, complex harmonies, and intricate melodies, it can be considered a Bebop Standard. However, without knowing the specific song, it's difficult to provide a definitive answer."}], "answer_with_body_pers": [{"generated_text": " \"Wrapped Tight\" by Hawkins is not typically considered a bebop standard. Bebop standards are generally characterized by complex harmonies, fast tempos, and improvisation, often featuring compositions by artists like Charlie Parker, Dizzy Gillespie, and Thelonious Monk. While Hawkins, also known as Sonny Rollins, is a significant figure in jazz, \"Wrapped Tight\" does not fit the traditional criteria of a bebop standard.\n\nAs for the recording history, \"Wrapped Tight\" was indeed recorded by Sonny Rollins in 1956. However, it was not the first recording of the song. The song was originally composed by saxophonist and bandleader Benny Carter in 1941. It was later recorded by other artists, such as the Benny Carter Orchestra in 1942.\n\nIn summary, \"Wrapped Tight\" by Hawkins (Sonny Rollins) is not a bebop standard, and it was recorded earlier than the 1956 recording by Rollins."}]}