{"Unnamed: 0": 202179, "id": "gaming_108891", "Title": "How many sims fit in a car?", "Body": "I'm trying to work up a plan for traffic in my city, and I think it's easy enough for me to figure out how many cars can make it through a stopsign unopposed in an hour, and how many cars can make it through a stoplight opposed in an hour... but it's all for naught as I don't know how many workers are in a car.I know that low wealth, high density residential buildings have 400 workers, 200 shoppers and 100 students.  What I don't know: how many cars does that turn into?", "top5_tags": "world-of-warcraft, simcity-2013, star-wars-the-old-republic, sims-3, eve-online", "answer_only_title_pers": [{"generated_text": " In the context of the games you've mentioned, such as World of Warcraft, SimCity 2013, Star Wars: The Old Republic, The Sims 3, and Eve Online, the concept of fitting sims (or characters) into a car doesn't directly apply as these games have different mechanics and settings. However, if we were to creatively interpret the question within the realm of The Sims 3, which is the only game among the listed that involves sims in a more realistic setting, we can provide an imaginative answer.\n\nIn The Sims 3, there isn't a direct mechanic for fitting sims into a car. However, you can have a sim drive a car in the game. The number of sims that can fit in a car would depend on the size of the car and the size of the sims. For example, a standard car in The Sims 3 can typically accommodate one sim comfortably. Larger vehicles, like SUVs or trucks, might be able to fit more sims, but it's important to note that this is not a game mechanic and is more of a creative interpretation of the question."}], "answer_with_body_pers": [{"generated_text": " In the context of simulation games like SimCity 2013, The Sims 3, and others, the number of Sims that can fit in a car varies depending on the specific game mechanics and settings. However, for the purpose of your city planning and traffic simulation, a common assumption is that a car can typically hold around 4 to 6 Sims.\n\nIn The Sims 3, for example, a car can hold up to 6 Sims, while in SimCity 2013, the number of Sims in a car is not explicitly defined. However, you can estimate the number of cars based on the number of workers, shoppers, and students in a residential building.\n\nGiven that a low wealth, high-density residential building has 400 workers, 200 shoppers, and 100 students, you can estimate the number of cars by dividing the total number of Sims by the average number of Sims per car (4-6).\n\nFor example, if we assume an average of 5 Sims per car:\n\nTotal Sims: 400 workers + 200 shoppers + 100 students = 700 Sims\nEstimated number of cars: 700 Sims / 5 Sims per car = 140 cars\n\nThis estimation can help you plan your traffic simulation in the game. However, keep in mind that the actual number of Sims in a car may vary depending on the specific game mechanics and settings."}]}