{"Unnamed: 0": 178882, "id": "english_1183", "Title": "What is the difference between using a colon and a semi-colon to join two sentences?", "Body": "I've seen a few questions on this site relating to semi-colons, which I believe I correctly understand, but what I'm not as clear about is colons.  For example:  The man ate the apple; it tasted good.Is this not correctly also written as:  The man ate the apple: it tasted good.In this case, what is the difference between the two sentences?", "top5_tags": "food-safety, substitutions, potatoes, united-kingdom, punctuation", "answer_only_title_pers": [{"generated_text": " When it comes to punctuation, specifically the use of a colon and a semi-colon to join two sentences, it's essential to understand their distinct roles and applications. While these punctuation marks may not directly relate to food-safety, substitutions, potatoes, or the United Kingdom, they are fundamental in crafting clear and precise sentences, which is crucial in any context, including discussions about these topics.\n\nA colon (:) is primarily used to introduce a list, a quote, or an explanation that directly follows an independent clause. It can also be used to emphasize a point or to show that the second sentence elaborates on the first. In the context of food-safety, a colon might be used in a sentence like: \"The main factors affecting food safety include: proper storage, cooking temperatures, and cross-contamination prevention.\"\n\nOn the other hand, a semi-colon (;) is used to connect two closely related independent clauses without using a coordinating conjunction (such as \"and,\" \"but,\" or \"or\"). It can also be used to separate items in a list when the items themselves contain commas. In the context of substitutions, a semi-colon might be used in a sentence like: \"If you're allergic to potatoes, you can substitute them with sweet potatoes; however, keep in mind that the cooking time may vary.\"\n\nIn summary, the key differences between using a colon and a semi-colon to join two sentences are:\n\n1. Colon: Introduces a list, quote, or explanation that directly follows an independent clause.\n2. Semi-colon: Connects two closely related independent clauses without a coordinating conjunction, or separates items in a list with internal commas.\n\nUnderstanding the appropriate use of these punctuation marks can help you communicate more effectively, whether you're discussing food-safety, substitutions, potatoes, or any other topic."}], "answer_with_body_pers": [{"generated_text": " The primary difference between using a semi-colon and a colon to join two sentences lies in their intended purposes and the relationship between the two clauses they connect.\n\nA semi-colon (;) is used to connect two closely related independent clauses, which are complete sentences that could stand alone. It indicates a stronger connection between the two clauses than a period would, but not as strong as a conjunction (e.g., and, but, or). In the example you provided, \"The man ate the apple; it tasted good,\" the semi-colon is used to show that the two actions are related, and the second clause provides additional information about the first.\n\nOn the other hand, a colon (:) is used to introduce a list, a quote, an explanation, or an example that follows an independent clause. It signals that the information following the colon is directly related to the preceding clause and often provides further elaboration or clarification. In the example \"The man ate the apple: it tasted good,\" the colon is used to introduce the reason why the man ate the apple, which is that it tasted good.\n\nIn summary, use a semi-colon to connect two closely related independent clauses, and use a colon to introduce a list, quote, explanation, or example that follows an independent clause. Both punctuation marks help to create a clear and cohesive relationship between the two clauses, but they serve different purposes in terms of the information they convey."}]}