{"Unnamed: 0": 8049944, "id": "workplace_145431", "Title": "What does permanent full-time position mean in Sweden?", "Body": "What does permanent full-time position mean in Sweden? Does that mean it is a lifetime guaranty for the whole working life period? Or such a work is rare in Europe?", "top5_tags": "word-choice, contracts, meaning, resignation, human-resources", "answer_only_title_pers": [{"generated_text": " A permanent full-time position in Sweden refers to a long-term employment contract where an individual is hired to work a standard number of hours, typically around 35-40 hours per week, for an indefinite period. This type of employment is characterized by several key aspects:\n\n1. Word-choice: The term \"permanent\" signifies that the employment relationship is intended to last indefinitely, without a predetermined end date. \"Full-time\" indicates that the employee is expected to work the standard number of hours, which is usually around 35-40 hours per week.\n\n2. Contracts: Permanent full-time positions in Sweden are typically formalized through a written employment contract. This contract outlines the terms and conditions of employment, including the duration of the contract, the employee's responsibilities, and the employer's obligations. In Sweden, employment contracts are governed by the Swedish Employment Protection Act (Arbetsskyddslagen) and the Swedish Work Environment Act (Arbetsmilj\u00f6skyddslagen).\n\n3. Meaning: A permanent full-time position in Sweden offers job security and stability, as the employer is obligated to provide continuous employment for the duration of the contract. This type of employment also often comes with benefits such as paid vacation, sick leave, and parental leave.\n\n4. Resignation: In a permanent full-time position, resignation is not a common occurrence, as the employment relationship is intended to last indefinitely. However, if an employee decides to resign, they must provide their employer with a written notice of resignation, typically at least one month in advance. The employer may also have the right to terminate the employment contract under certain circumstances, such as if the employee breaches the terms of the contract or if the employer is unable to continue the business.\n\n5. Human Resources: Human resources (HR) departments play a crucial role in managing permanent full-time positions in Sweden. HR professionals are responsible for recruiting, hiring, and onboarding new employees, as well as managing employee relations, benefits, and compliance with labor laws. They also handle the process of resignation and termination, ensuring that both parties adhere to the terms of the employment contract and the relevant labor laws.\n\nIn summary, a permanent full-time position in Sweden is a long-term employment contract with a standard number of working hours per week. It offers job security and stability, and is governed by specific labor laws and regulations. HR departments play a vital role in managing these positions, ensuring compliance with labor laws and maintaining positive employee relations."}], "answer_with_body_pers": [{"generated_text": " A permanent full-time position in Sweden refers to a long-term employment contract where an individual is hired to work a standard number of hours per week, typically around 35-40 hours, for an indefinite period. This type of employment is characterized by job security, regular salary, and benefits, including paid vacation, sick leave, and pension contributions.\n\nIn Sweden, a permanent full-time position does not guarantee employment for the entirety of an individual's working life. However, it does provide a high level of job security, and employers are generally expected to follow a fair and transparent process when considering termination of employment. This process includes providing the employee with a written notice and, in some cases, a severance package.\n\nThe Swedish labor market is competitive, and permanent full-time positions are not uncommon in Europe. In fact, Sweden is known for its strong labor market and high employment rates. However, it is essential to note that the availability of permanent full-time positions may vary depending on the industry, company size, and economic conditions.\n\nResignation from a permanent full-time position in Sweden is typically a mutual decision between the employer and employee. The employee must provide written notice to their employer, usually two weeks in advance, unless otherwise agreed upon in the employment contract. In some cases, the employer may require a longer notice period.\n\nIn terms of contracts, permanent full-time positions in Sweden are usually governed by a collective labor agreement (ALC) or an individual employment contract. These contracts outline the terms and conditions of employment, including working hours, salary, benefits, and procedures for termination.\n\nIn summary, a permanent full-time position in Sweden offers job security and a stable income, but it does not guarantee employment for the entirety of an individual's working life. The availability of such positions varies across industries and companies, and resignation is typically a mutual decision between the employer and employee."}]}