{"Unnamed: 0": 1463096, "id": "money_117721", "Title": "What do you mean by Option losing value?", "Body": "I bought an XYZ $50 call for $5. Expiration is in two weeks. The  day after I bought the option, there was news about a data breach  and the stock's price dropped to $25. I know that the stock is not going to recover in two weeks but I want to sell the option and get some money back. Will I get paid only the bid price of the call when XYZ is $25? For example, if that price is $3, can I sell the call and recoup $300? That means a loss of $200.Let's look at another scenario where XYZ  went up to $53 and then crashed to $25 the day before expiration. Since the bid price at $3, can I recoup $300?In these two two cases, does  it mean that when the premium has lost its value mean that the option is losing the value? Does the value matter if the price of the same stock is above the strike price, for example the stock price is $60 on the day of the expiry?", "top5_tags": "stock-analysis, options, call-options, stock-markets, stocks", "answer_only_title_pers": [{"generated_text": " Option losing value refers to a situation where the price of an option decreases, making it less attractive or less profitable for the holder. This can occur due to various factors, such as changes in the underlying stock's price, time decay, or changes in market volatility.\n\nIn the context of stock analysis, options are financial derivatives that give the holder the right, but not the obligation, to buy (call option) or sell (put option) a specific amount of an underlying stock at a predetermined price (strike price) within a specified time frame (expiration date). Options are used by investors to hedge against potential losses, speculate on stock price movements, or generate income through option premiums.\n\nWhen the value of an option decreases, it may be due to the following reasons:\n\n1. Underlying stock price movement: If the price of the underlying stock moves away from the option's strike price, the option's value will decrease. For example, if a call option has a strike price of $100 and the underlying stock price drops to $90, the option loses value because it becomes less likely that the option holder will exercise the option to buy the stock at $100.\n\n2. Time decay: Options have an expiration date, and as the expiration date approaches, the value of the option tends to decrease due to time decay. This is because the probability of the option being in-the-money (i.e., having intrinsic value) decreases as time passes. This phenomenon is known as \"theta.\"\n\n3. Changes in market volatility: Options are also affected by changes in market volatility. Higher volatility increases the likelihood of the underlying stock price moving significantly, which can increase the value of options. Conversely, when market volatility decreases, the value of options tends to decrease as well.\n\n4. Interest rates: Changes in interest rates can also impact the value of options. When interest rates rise, the cost of carrying an option (i.e., the opportunity cost of holding the option instead of investing in a risk-free asset) increases, which can lead to a decrease in the option's value.\n\nIn summary, option losing value occurs when the price of an option decreases due to factors such as changes in the underlying stock's price, time decay, changes in market volatility, or interest rates. Understanding these factors is crucial for stock analysis and options trading, as it helps investors make informed decisions about buying, selling, or holding options."}], "answer_with_body_pers": [{"generated_text": " When an option loses value, it means that the premium paid for the option has decreased due to changes in the underlying stock's price, market conditions, or other factors. In the context of call options, the value is influenced by the stock's price relative to the option's strike price.\n\nIn the first scenario, where the stock price dropped to $25, the value of the $50 call option would decrease because the option is now \"out of the money\" (the stock price is below the strike price). If the bid price for the option is $3, you would only be able to sell the option for $300, resulting in a loss of $200 ($500 premium paid - $300 received).\n\nIn the second scenario, where the stock price increased to $53 and then dropped to $25, the value of the $50 call option would still decrease, but not as much as in the first scenario. If the bid price for the option is still $3, you would be able to sell the option for $300, but this time, you would incur a smaller loss of $200 ($500 premium paid - $300 received).\n\nIn both scenarios, the value of the option decreases as the stock price moves away from the strike price. However, the value of the option does not necessarily decrease if the stock price is above the strike price on the day of expiration. In fact, if the stock price is above the strike price, the call option may still have value, as it allows the holder to buy the stock at the lower strike price.\n\nThe value of an option is determined by various factors, including the stock price, time until expiration, volatility, and interest rates. As the expiration date approaches, the value of the option will continue to change based on these factors.\n\nIn summary, when an option loses value, it means that the premium paid for the option has decreased due to changes in the underlying stock's price or other factors. The value of the option is influenced by the stock's price relative to the strike price, and it may still have value even if the stock price is above the strike price on the day of expiration."}]}