{"Unnamed: 0": 198539, "id": "expatriates_1193", "Title": "How can one check his Canadian tax return has been successfully filed after leaving Canada?", "Body": "I lived in Canada last year.  I did a NETFILE system through an online tax company, and it came up with an error.  I tried again, and it still errored, but then returned me to the home page, where it says my return was 'printed and filed'.This makes me uneasy, as at no point did they say 'yay, success' or anything along those lines.  Is there a way to check with CRA from outside the country to see if your return has been filed successfully? I'd hate to get stuck with a late filing.", "top5_tags": "air-travel, online-resources, usa, airlines, legal", "answer_only_title_pers": [{"generated_text": " To check if your Canadian tax return has been successfully filed after leaving Canada, you can follow these steps:\n\n1. Visit the Canada Revenue Agency (CRA) website: The CRA is the primary agency responsible for tax collection and administration in Canada. You can visit their official website at https://www.canada.ca/en/revenue-agency.html.\n\n2. Create an account: To access your tax information, you will need to create an account on the CRA website. You can do this by clicking on the \"Sign In\" or \"Register\" button and following the instructions.\n\n3. Log in to your account: Once you have created an account, log in using your username and password.\n\n4. Access your tax information: After logging in, you can access your tax information by clicking on the \"My Account\" tab. From there, you can view your tax returns, including the ones filed while you were in Canada.\n\n5. Check the status of your tax return: To check the status of your tax return, click on the \"My Returns\" tab and select the tax year you want to check. You will be able to see the status of your return, including whether it has been successfully filed or if there are any outstanding issues.\n\n6. Use the My Account mobile app: If you prefer to access your tax information on the go, you can download the CRA My Account mobile app from the App Store or Google Play. This app allows you to check the status of your tax returns and other important information.\n\n7. Contact the CRA: If you have any questions or concerns about your tax return, you can contact the CRA by phone or email. The CRA's contact information can be found on their website.\n\nPlease note that while the CRA website and mobile app are the primary resources for checking your tax return status, you may also be able to find information on airlines or legal aspects related to your tax return. However, these resources are not directly related to checking the status of your tax return."}], "answer_with_body_pers": [{"generated_text": " To check if your Canadian tax return has been successfully filed after leaving Canada, you can follow these steps:\n\n1. Use the CRA My Account: The first step is to create an account on the Canada Revenue Agency (CRA) website. You can access the CRA My Account by visiting https://www.canada.ca/en/revenue-agency/services/individuals/my-account.html.\n\n2. Log in: Once you have created an account, log in using your CRA-issued My Account ID and password.\n\n3. Check your return status: After logging in, navigate to the \"My Returns\" section. Here, you can view the status of your tax return. If your return has been successfully filed, you will see a status indicating that it has been processed.\n\n4. Use the CRA's online tools: The CRA offers various online tools to help you manage your tax return. For example, you can use the \"My Account\" tool to check the status of your return, view your account balance, and access your tax documents.\n\n5. Contact the CRA: If you still have concerns about the status of your tax return, you can contact the CRA directly. You can reach them by phone at 1-800-959-5525 (toll-free) or by email at info-enquiries-agent@cra-arc.gc.ca. When contacting the CRA, be sure to have your My Account ID and the date of your tax return handy.\n\nPlease note that the CRA's online resources are available in English and French. If you are outside Canada, you can access the CRA website and use the online tools mentioned above to check the status of your tax return.\n\nWhile the interests mentioned in the question (air-travel, online-resources, USA, airlines, legal) are not directly relevant to the process of checking your tax return status, it's essential to stay informed about your tax obligations and ensure that your return has been successfully filed to avoid any potential issues."}]}