{"Unnamed: 0": 5724231, "id": "opensource_499", "Title": "In a Wikipedia article am I able to insert information licensed with CC BY even though they use a CC BY-SA license?", "Body": "Background:While writing an article on Wikipedia I needed to include text that is licensed under a CC-BY license. After a bit of digging I found that Wikipedia uses a CC BY-SA license.  Question:Despite Wikipedia using a CC-BY-SA license, will I run into problems if I include CC-BY licensed text?", "top5_tags": "licensing, creative-commons, software, project-management, cc-by", "answer_only_title_pers": [{"generated_text": " Yes, in a Wikipedia article, you are able to insert information licensed under the Creative Commons Attribution-ShareAlike (CC BY-SA) license. However, it's important to note that Wikipedia itself operates under the Creative Commons Attribution-ShareAlike (CC BY-SA) license. This means that while you can include CC BY-licensed content, you must also adhere to the terms of the CC BY-SA license when contributing to Wikipedia.\n\nThe CC BY-SA license allows others to distribute, remix, adapt, and build upon the content, even commercially, as long as they credit the original creator and license their new creations under the identical terms. When contributing to Wikipedia, you must ensure that any content you add or modify is also shared under the same CC BY-SA license.\n\nIf you're interested in incorporating CC BY-licensed content into a Wikipedia article, you should:\n\n1. Ensure that the content you're using is indeed licensed under the CC BY-SA license.\n2. Attribute the original creator of the content as required by the license.\n3. Share any modifications or adaptations of the content under the same CC BY-SA license.\n\nRemember that Wikipedia's policies and guidelines should always be followed when contributing content to the platform."}], "answer_with_body_pers": [{"generated_text": " Yes, you can include CC-BY licensed text in a Wikipedia article, even though Wikipedia uses a CC BY-SA license. The Creative Commons licenses are designed to be compatible with each other, allowing for the use of content under different licenses in a single project.\n\nThe CC BY license allows others to distribute, remix, adapt, and build upon the content, even commercially, as long as they credit the original creator for the original creation. The CC BY-SA license, on the other hand, requires that any derivative works also be distributed under the same license.\n\nIn the context of Wikipedia, the CC BY-SA license is used to ensure that any derivative works, such as articles, are also shared under the same license. However, this does not prevent you from including CC-BY licensed content in your article.\n\nWhen you include CC-BY licensed content in a Wikipedia article, you should follow the guidelines set by Wikipedia for attribution and linking to the original source. This will ensure that you are respecting the licensing terms of the content you are using.\n\nIn summary, you can include CC-BY licensed content in a Wikipedia article without running into problems, as long as you adhere to the attribution and linking guidelines set by Wikipedia."}]}