{"Unnamed: 0": 1463047, "id": "money_117227", "Title": "What does \"volume\" refer to?", "Body": "I heard that \"volume\" refers to something like how much of a stock is traded but have no clue what that means. It seems that no one is using proper definitions for it and that no one in finance ever uses units. Wherever I look, there are no units for anything.I of course read the Wikipedia article but it's of little help. At least it does specify that \"commonly [volume is] reported as the number of shares that changed hands during a given day\" (source). Is this convention held up by Yahoo Finance? Every stock I'm looking at seems to be listed there, but again there are no units nor any explanation or details I was able to find. Do sales and purchases both count toward that \"volume\"? So if I sell 1 share to you, does that count as one or two magical volume units? Are only stock exchange transactions counted, not transactions people do with banks that offer external exchanges? If yes, do all stock exchanges count or only one specific one?There also is a different value called \"Avg. Volume\":Again, Wikipedia is of little help. In fact, that definition confuses me further: \"The average volume of a security over a longer period of time is the total amount traded in that period, divided by the length of the period. Therefore, the unit of measurement for average volume is shares per unit of time, typically per trading day.\" It's again about 1 day. Granted a trading day, not a regular day. But these numbers don't seem to have a fixed ratio during the week and its name talks about an average, so I guess it has to be about a longer time span that \"volume\".Not trying to talk poorly about Wikipedia btw. Those were the best definitions I was able to find but I'm still clueless. Most \"definitions\" don't even specify whether they are talking about money or number of shares.", "top5_tags": "germany, mortality, survival, credit-score, banking", "answer_only_title_pers": [{"generated_text": " Volume, in the context of the given interests, can refer to the number of deaths or mortality rate within a specific population or region, such as Germany. It is a statistical measure used to understand the frequency of deaths in a given area over a certain period of time. This information is crucial for analyzing survival rates and can indirectly impact credit scores and banking, as it may influence economic factors and insurance premiums. However, it's important to note that volume, in this context, is primarily related to mortality and survival rates rather than credit scores and banking directly."}], "answer_with_body_pers": [{"generated_text": " Title: Understanding \"Volume\" in Finance\n\nBody: In the context of finance, \"volume\" refers to the total number of shares or contracts traded for a specific security or market during a given period. It is a measure of the activity and liquidity of a particular security or market.\n\nWhen discussing stock trading, volume is typically reported as the number of shares that changed hands during a given day. This convention is widely used in financial platforms, including Yahoo Finance, where you can find the daily trading volume for various stocks.\n\nRegarding your question about whether sales and purchases both count toward volume, the answer is yes. Every transaction, whether it's a sale or a purchase, contributes to the overall volume. So, if you sell 1 share to someone, it counts as one unit of volume.\n\nThe average volume, as you mentioned, is the total amount traded in a specific period (usually a trading day) divided by the length of the period. This average volume is expressed in shares per unit of time, typically per trading day. It is a useful metric to understand the overall activity and liquidity of a security or market over a longer time frame.\n\nIn terms of the sources you've mentioned, the definitions you found on Wikipedia are generally accurate and widely accepted in the finance industry. However, it's essential to note that volume is not directly related to money or credit scores. Instead, it focuses on the number of shares or contracts traded in a specific market or security.\n\nWhile the user's interests in Germany, mortality, survival, credit score, and banking are not directly relevant to the concept of volume in finance, understanding the basics of volume can help you better comprehend market activity and liquidity, which can be useful in various financial contexts."}]}