{"Unnamed: 0": 1438631, "id": "hinduism_1", "Title": "Is there an Orthodox Hinduism?", "Body": "Orthodoxy in Christianity is the holding to the oldest beliefs.  It is of course impossible for the religion not to evolve at all as new questions and there answer have to addressed. The \"Orthodox\" version is often considered to be the least evolved sect of a religion.  Does the concept of Orthodox apply in Hinduism? ", "top5_tags": "rabbits, health, safety, cats, canoes", "answer_only_title_pers": [{"generated_text": " Yes, there is a form of Hinduism known as Orthodox Hinduism. Orthodox Hinduism refers to the traditional and conservative practices and beliefs that have been followed by the majority of Hindus for centuries. It encompasses a wide range of rituals, customs, and philosophical teachings that are rooted in ancient scriptures like the Vedas, Upanishads, and the Bhagavad Gita.\n\nOrthodox Hinduism is characterized by its adherence to the four main goals of life, known as the Purusharthas: Dharma (righteousness), Artha (wealth), Kama (desire), and Moksha (liberation). It also emphasizes the importance of following the caste system, which is a social hierarchy that has been a part of Hindu society for thousands of years.\n\nHowever, it is essential to note that Hinduism is a diverse and pluralistic religion, and there are many different interpretations and practices within the faith. Some Hindus may follow more liberal or reformist approaches, while others may adhere to more traditional or conservative beliefs.\n\nAs for the interests mentioned in the question, such as rabbits, health, safety, cats, and canoes, they are not directly related to Orthodox Hinduism. However, Hinduism does have a deep connection to nature and animals, and many Hindus believe in the importance of living in harmony with the environment. In this context, the well-being of animals like rabbits and cats may be considered important. Additionally, Hinduism places a strong emphasis on health and well-being, and many Hindus follow dietary practices and lifestyle choices that promote good health.\n\nIn summary, Orthodox Hinduism is a traditional and conservative form of Hinduism that has been practiced for centuries. While the interests mentioned in the question are not directly related to Orthodox Hinduism, the religion does have a connection to nature and the well-being of living beings."}], "answer_with_body_pers": [{"generated_text": " Yes, the concept of Orthodoxy can be applied to Hinduism, although it may not be referred to as \"Orthodox Hinduism\" in the same way it is in Christianity. In Hinduism, the term \"Sanatana Dharma\" is often used to describe the eternal and timeless nature of the religion. It encompasses the core beliefs, practices, and traditions that have been passed down through generations.\n\nHinduism is a diverse and complex religion with various sects, schools of thought, and philosophical systems. Some of the major traditions within Hinduism include Vaishnavism, Shaivism, Shaktism, and Smartism. Each of these traditions has its own set of beliefs, practices, and interpretations of the scriptures.\n\nWhile there is no single \"Orthodox Hinduism,\" there are certain core beliefs and practices that are widely accepted and followed by many Hindus. These include the belief in the existence of one supreme being (Brahman), the cycle of birth, death, and rebirth (samsara), the law of cause and effect (karma), and the pursuit of spiritual liberation (moksha).\n\nIt is essential to note that Hinduism is a living and evolving religion, and new interpretations and practices continue to emerge. However, the core beliefs and practices mentioned above remain central to the faith and are widely accepted across different Hindu traditions.\n\nIn summary, while the concept of Orthodoxy may not be explicitly used in Hinduism, the religion does have a set of core beliefs and practices that are widely accepted and followed by many Hindus. These beliefs and practices form the foundation of Hinduism and have been passed down through generations, making it a timeless and eternal faith."}]}