{"Unnamed: 0": 5749426, "id": "scifi_10000", "Title": "What Percentage Makes Someone a Half-blood?", "Body": "I was checking on something in the Harry Potter wiki and saw Harry listed as \"Half-Blood.\"  Both his parents were magical, but, as we know, his grandparents on his Mother's side were muggles.  This reminds me of the racially loaded terms like octoroon.  (In the south, you still hear those terms every once in a while.)  When there was still segregation, having only 1 great-grandparent of an ethnic group was enough to classify a person of that group.So how far down the line did it go in the Harry Potter universe?  Just how many generations removed from a muggle-born would a person have to be before they're no longer classified as half-blood or something similar?", "top5_tags": "harry-potter, star-wars, star-trek, comics, dc", "answer_only_title_pers": [{"generated_text": " In the context of the Harry Potter universe, the term \"half-blood\" refers to individuals who have one magical parent and one non-magical parent. However, the concept of \"half-blood\" does not have a specific percentage associated with it. Instead, it is a classification based on the magical heritage of an individual.\n\nIn other fictional universes like Star Wars, Star Trek, comics, and DC, the concept of \"half-blood\" is not commonly used. However, if we were to draw a parallel, we could consider a \"half-blood\" as someone with mixed heritage, such as a character with one parent from a different species or race. The percentage of mixed heritage would depend on the specific universe and its rules.\n\nFor example, in Star Trek, a character with one human parent and one Klingon parent would be considered a \"half-Klingon.\" In the DC universe, a character with one human parent and one alien parent could be considered a \"half-alien.\" However, these terms are not standardized and do not have a specific percentage associated with them.\n\nIn summary, the concept of \"half-blood\" is specific to the Harry Potter universe and does not have a percentage associated with it. In other fictional universes, the term is not commonly used, and mixed heritage is typically described in terms of the specific parentage rather than a percentage."}], "answer_with_body_pers": [{"generated_text": " In the Harry Potter universe, a person is considered a half-blood if they have one magical parent and one non-magical parent. The term \"half-blood\" is not explicitly defined in terms of the number of generations removed from a muggle-born. However, it is generally understood that the classification is based on the immediate parentage.\n\nIn the case of Harry Potter, his mother, Lily Potter, was a half-blood, as her father, James Potter, was a wizard and her mother, Lily Potter's mother, was a muggle. Harry, therefore, is considered a half-blood because he has one magical parent (his father) and one non-magical parent (his mother).\n\nThe concept of half-bloods in the Harry Potter universe is not directly comparable to racial classifications in the real world, such as the octoroon or the racial terms used during segregation. The Harry Potter universe has its own unique system of magical heritage and bloodlines, which is not based on racial or ethnic backgrounds.\n\nIn summary, a person is considered a half-blood in the Harry Potter universe if they have one magical parent and one non-magical parent, regardless of the number of generations removed from a muggle-born. The classification is based on the immediate parentage, not on the extended family tree."}]}