{"Unnamed: 0": 5728051, "id": "parenting_8319", "Title": "Should a 7 day old be prevented from raising her head on her own?", "Body": "My 7 day old baby raises her head up and holds it there for about 2 seconds when I try to burp her by placing my hand on her chest and neck, bending her on -45 degree angle and then patting her back.Should I be concerned?", "top5_tags": "infant, baking, toddler, newborn, age-appropriate", "answer_only_title_pers": [{"generated_text": " A 7-day-old infant should not be prevented from raising her head on her own. At this age, it is completely normal for a newborn to have limited control over their head movements. Newborns typically develop the ability to lift their heads while lying on their stomachs around 3 to 4 months of age.\n\nIt is essential to remember that each infant develops at their own pace, and there is a wide range of normal development. However, if you have concerns about your baby's development, it is always best to consult with a pediatrician. They can provide guidance and reassurance based on the specific needs and progress of your infant.\n\nThe interests mentioned, such as baking and toddler, are not directly relevant to the question. However, it's essential to note that as your child grows, their abilities and interests will evolve, and it's crucial to support their development at each stage."}], "answer_with_body_pers": [{"generated_text": " Based on the information provided, it is not necessary to be concerned about your 7-day-old baby raising her head on her own. At this age, it is completely normal for infants to exhibit this behavior.\n\nNewborns typically have limited control over their head and neck muscles, but they gradually develop strength and coordination as they grow. By the age of 4 months, most babies can lift their heads and hold them steady for short periods. However, at 7 days old, your baby is still in the early stages of development, and it is common for them to show signs of muscle strengthening.\n\nThe behavior you described, where your baby raises her head for about 2 seconds when you burp her, is a positive sign of muscle development. It is essential to support your baby's head and neck during this time, as their muscles are still developing.\n\nIf you have any concerns about your baby's development, it is always best to consult with your pediatrician. They can provide guidance and reassurance based on your baby's individual growth and development.\n\nAs for the interests mentioned (infant, baking, toddler, age-appropriate), they are not directly relevant to the question. However, it is essential to focus on your baby's development and well-being, which is the primary concern in this context."}]}