{"Unnamed: 0": 5725507, "id": "outdoors_18474", "Title": "What is the minimum amount of water per day to survive?", "Body": "I am disabled in the wildness, there are no natural water sources available.  I have 2 gallons (7.5 liters) of water.  The only practical solution is to sit and wait for rescue. I will be resting in the shade. How much water should I drink each day to survive as long as possible?I have a memory from school that the kidney is obligated to produce 500ML of urine each day.  That would seem to be lowest possible consumption.I found a variety of amounts during an internet search.    With the possibility of urine output dropping to 500 ml, the minimum could be just over 1 liter a day or for the sake of making it easy to understand, this would be just over 32 ounces a day for a 154 lb manSource  A normally active person needs about three quarters of a gallon of fluid daily, from water and other beverages. Source(ready.gov)  Absolute Minimum Requirements...for replacement purposes, for an \"average\" person, has been estimated to be approximately 3 liters (3.2 quarts) per day, given average temperate climate conditions.Source  one gallon of water per person, per day Source (FEMA)  a minimum of 7.5 litres per capita per day will meet the requirements of most people under most conditions. This water needs to be of a quality that represents a tolerable level of risk. However, in an emergency situation, a minimum of 15 litres is required Source (WHO) With daily consumption of 500ML (~ 1/2 quart) the water would last 2 weeks, but would I survive?  A 7.5 liters (~2 gallons) the water would last a single day and I would die in about 3 days. How much water should I ration myself each day? ", "top5_tags": "rabbits, health, safety, cats, canoes", "answer_only_title_pers": [{"generated_text": " The minimum amount of water required per day to survive varies depending on factors such as climate, activity level, and individual health. However, for humans, the general recommendation is about 3.7 liters (125 ounces) for men and 2.7 liters (91 ounces) for women per day, according to the U.S. National Academies of Sciences, Engineering, and Medicine.\n\nWhen it comes to animals like rabbits and cats, their water requirements are different. Rabbits typically need about 50-75 milliliters (1.7-2.5 ounces) of water per 100 grams of body weight per day. For a rabbit weighing around 2 kilograms (4.4 pounds), this would be approximately 100-150 milliliters (3.4-5.3 ounces) of water per day.\n\nCats, on the other hand, require less water than rabbits. They usually drink about 30-65 milliliters (1-2.2 ounces) of water per kilogram of body weight per day. A healthy adult cat weighing around 4 kilograms (8.8 pounds) would need about 120-260 milliliters (4-8.8 ounces) of water per day.\n\nIt's essential to provide clean, fresh water to both rabbits and cats daily to maintain their health and well-being.\n\nAs for the other interests mentioned, such as canoes, they are not directly related to the question of the minimum amount of water required per day for survival. However, staying hydrated is crucial for anyone engaging in activities like canoeing, as it helps maintain physical performance and prevent dehydration."}], "answer_with_body_pers": [{"generated_text": " The minimum amount of water required to survive per day varies depending on factors such as climate, physical activity, and individual health conditions. However, for an average adult, the general guideline is about 3 liters (3.2 quarts) per day under average temperate conditions.\n\nIn your specific situation, with limited water resources and no immediate rescue, it's essential to conserve water as much as possible. While the kidney's urine output can be as low as 500 mL (0.5 liters) per day, it's crucial to maintain hydration to support bodily functions and prevent dehydration.\n\nConsidering your available 2 gallons (7.5 liters) of water, it would last you approximately one day. To maximize your chances of survival, you should aim to consume a minimal amount of water each day, while still maintaining hydration. A safe approach would be to ration yourself around 1 liter (32 ounces) per day. This amount should help you stay hydrated while conserving your water supply.\n\nHowever, it's essential to note that this is a rough estimate, and individual needs may vary. In an emergency situation, it's crucial to seek professional medical advice and assistance as soon as possible."}]}