{"Unnamed: 0": 171277, "id": "diy_120432", "Title": "Found an old tool - What is it?", "Body": "I found this with a bunch of other old tools. This is the only one I can't figure out what it is. I wonder if it's a home made tool for some unique purpose. Or maybe it was just for made for fun out of random available parts. Or was this something mass produced in the 1800s? I'm curious. The two black bulb handles rotate and the metal piece on the bottom also rotates. Kind of looks like a door handle. Also looks like it could be a spool of some sort. Any ideas?", "top5_tags": "plumbing, sprinkler-system, irrigation, tools, water", "answer_only_title_pers": [{"generated_text": " Based on the information provided, it's challenging to determine the exact tool you've found without a description or image. However, considering your interest in plumbing, sprinkler systems, irrigation, and tools related to water, I can provide you with a list of common tools used in these areas. Once you can identify specific features or functions of the tool you found, we can narrow down the possibilities.\n\nHere are some common tools used in plumbing, sprinkler systems, and irrigation:\n\n1. Pipe wrench: A versatile tool used for gripping and turning pipes and fittings.\n2. Adjustable wrench: Used for tightening or loosening nuts and bolts on pipes and fixtures.\n3. Pipe cutter: A tool used to cut pipes to the desired length.\n4. Teflon tape (plumber's tape): A thin, white tape used to seal pipe threads and prevent leaks.\n5. Hacksaw: A hand tool used to cut through metal pipes and fittings.\n6. Sprinkler wrench: A specialized tool used to adjust and tighten sprinkler heads.\n7. Sprinkler valve wrench: A tool used to open and close sprinkler valves.\n8. Irrigation hose reel: A tool used to store and manage irrigation hoses.\n9. Soil probe: A tool used to test soil moisture levels for irrigation purposes.\n10. Pressure gauge: A device used to measure the water pressure in a plumbing system or irrigation system.\n\nIf you can provide more details about the tool you found, such as its shape, size, or any unique features, we can help you identify it more accurately."}], "answer_with_body_pers": [{"generated_text": " Based on the description you provided, the tool you found could potentially be a water flow regulator or a valve. The rotating black bulb handles and the metal piece on the bottom suggest a mechanism for controlling the flow of water.\n\nThe design of the tool, with its resemblance to a door handle and a spool, might indicate that it was used to manually adjust the flow of water in a plumbing or irrigation system. This could have been a simple, hand-operated valve or a more complex device for regulating water pressure or flow rate.\n\nConsidering the time period mentioned (1800s), it is possible that the tool was mass-produced during that era. However, it could also have been a custom-made tool for a specific purpose, such as a unique plumbing or irrigation system.\n\nTo further identify the tool, you may want to examine any markings or engravings on the metal piece or the handles. This could provide more information about the manufacturer or the intended use of the tool. Additionally, comparing the tool to historical plumbing and irrigation tools from the 1800s may help you determine its purpose and origin."}]}