{"Unnamed: 0": 202172, "id": "gaming_10883", "Title": "How can I consistently jump over the water near the end of Toad's Factory?", "Body": "The world record holders do it every time - I was able to do it once. What is a consistent way to do it?  It is so easy to fall in the water...", "top5_tags": "macos, iphone, ios, pokemon-go, ipad", "answer_only_title_pers": [{"generated_text": " To consistently jump over the water near the end of Toad's Factory in Pok\u00e9mon GO, you can follow these steps:\n\n1. Ensure you have a stable internet connection: Pok\u00e9mon GO requires a stable internet connection to function properly. Make sure you're connected to Wi-Fi or have a strong cellular data connection.\n\n2. Level up your Pok\u00e9mon: The ability to jump over water is tied to the \"Surf\" ability, which is unlocked at level 5. To level up your Pok\u00e9mon, catch more Pok\u00e9mon, use Rare Candies, and participate in gym battles.\n\n3. Obtain the Surf ability: Once you reach level 5, you'll unlock the Surf ability. To do this, visit a Gym and battle a Gym Leader. After defeating the Gym Leader, you'll receive the Surf ability.\n\n4. Use the Surf ability: After obtaining the Surf ability, open Pok\u00e9mon GO and navigate to Toad's Factory. Tap on the Surf icon in the bottom right corner of the screen to activate the Surf ability.\n\n5. Swim across the water: Once you have the Surf ability activated, swim across the water near the end of Toad's Factory. You'll need to swim a certain distance to successfully jump over the water.\n\n6. Practice: Consistently jumping over the water may require some practice. Keep playing and swimming across the water to improve your timing and accuracy.\n\nRemember that Pok\u00e9mon GO is a mobile game, so it's essential to have a compatible device, such as an iPhone, iPad, or Mac with the latest iOS version. Additionally, ensure that you have the latest version of Pok\u00e9mon GO installed on your device for the best experience."}], "answer_with_body_pers": [{"generated_text": " To consistently jump over the water near the end of Toad's Factory in Pok\u00e9mon GO, you can follow these steps:\n\n1. Improve your jumping ability: To increase your jump height, you can use items like the \"Jump Boots\" or \"Jump Boost\" that can be found in the game. These items will help you reach higher and make it easier to clear the water.\n\n2. Practice: As with any skill, practice is key. Spend time near Toad's Factory and practice jumping over the water. This will help you get a feel for the distance and height you need to clear the water.\n\n3. Use the right Pok\u00e9mon: Some Pok\u00e9mon have higher jumping abilities than others. For example, using a Jolteon or a Pikachu can help you jump higher. Make sure to have a Pok\u00e9mon with a high jump stat in your party.\n\n4. Timing: Pay attention to the timing of your jump. You'll need to time your jump correctly to clear the water. Try to jump at the right moment when you're close to the water.\n\n5. Use items: If you're still struggling, you can use items like \"Pok\u00e9 Ball\" or \"Pok\u00e9 Ball Plus\" to catch a Pok\u00e9mon with a high jumping ability. You can also use \"Pok\u00e9 Ball Plus\" to catch a Pok\u00e9mon with a high jumping ability and then use the \"Pok\u00e9 Ball\" to transfer it to your party.\n\n6. Save and restart: If you're having trouble, you can save your game and restart to try again. This can help you practice and improve your jumping ability.\n\nRemember, consistency comes with practice and patience. Keep trying, and you'll eventually be able to jump over the water near Toad's Factory every time."}]}