{"Unnamed: 0": 165570, "id": "cooking_20438", "Title": "half-life of caffeine molecules", "Body": "I am interested in the caffeine content in various coffees.Will day-old coffee have much less caffeine?  I am refering to espresso drinks such as the Starbucks Americano or the drip coffees also available there.  Does refrigeration make much difference to the half-life?  What about re-heating?How about instant?  I have seen charts comparing caffeine content in various fresh coffees but not instant.  What is the typical caffeine content of instant coffee?  What is the half-life of caffeine in instant coffee on the shelf as a room temperature solid?", "top5_tags": "etymology, transit, trade, china, jargon", "answer_only_title_pers": [{"generated_text": " The half-life of caffeine molecules refers to the time it takes for half of the caffeine in a person's body to be metabolized and eliminated. The term \"half-life\" originates from the field of nuclear physics, where it describes the time required for half of the radioactive atoms in a sample to decay. In the context of caffeine, the half-life is approximately 3 to 5 hours in healthy adults, although this can vary based on factors such as age, liver function, and individual metabolism.\n\nCaffeine is a naturally occurring stimulant found in various plants, including coffee beans, tea leaves, and cacao pods. It is widely traded and consumed globally, with China being one of the largest producers and consumers of caffeine-containing products. The etymology of the word \"caffeine\" comes from the Arabic word \"qahwa,\" which means \"coffee.\"\n\nIn the context of transit and trade, caffeine is an essential commodity in the global market. It is extracted from caffeine-rich plants and processed into various products, such as coffee, tea, and energy drinks. The trade of caffeine-containing products has a significant impact on the economies of countries that produce and export these goods, with China being a major player in the global caffeine market.\n\nIn the field of pharmacology and medicine, the half-life of caffeine is an important factor to consider when evaluating its effects on the human body. The half-life of caffeine can influence the duration and intensity of its stimulant effects, as well as its potential for causing side effects or interactions with other medications.\n\nIn summary, the half-life of caffeine molecules is a measure of the time it takes for half of the caffeine in a person's body to be metabolized and eliminated. The term \"half-life\" has its origins in nuclear physics, and the etymology of the word \"caffeine\" comes from the Arabic word for coffee. The transit and trade of caffeine-containing products, particularly in China, play a significant role in the global market. Understanding the half-life of caffeine is essential for evaluating its effects on the human body and its potential interactions with other substances."}], "answer_with_body_pers": [{"generated_text": " The half-life of caffeine molecules refers to the time it takes for half of the caffeine in a given sample to be metabolized or broken down in the body. However, your question seems to be more focused on the caffeine content in various coffee types and how factors like time, refrigeration, and reheating might affect it.\n\nRegarding the caffeine content in coffee, it can vary depending on the type of coffee and brewing method. For espresso drinks like the Starbucks Americano or drip coffees, the caffeine content can range from 60 to 150 milligrams per 8-ounce cup. Instant coffee typically contains around 60 to 120 milligrams of caffeine per 8-ounce serving.\n\nAs for the half-life of caffeine in coffee, it's essential to note that the half-life of caffeine in the human body is around 5 to 6 hours. This means that it takes about 5 to 6 hours for half of the caffeine consumed to be metabolized and eliminated from the body.\n\nWhen it comes to the caffeine content in coffee over time, the degradation of caffeine in coffee is minimal. The half-life of caffeine in coffee is not a well-defined concept, as it depends on various factors such as storage conditions, temperature, and exposure to light. However, refrigeration and reheating do not significantly affect the caffeine content in coffee.\n\nRefrigeration can help preserve the freshness of coffee, but it does not have a significant impact on the caffeine content. Reheating coffee may cause some loss of caffeine due to evaporation, but the effect is minimal.\n\nFor instant coffee, the caffeine content remains relatively stable over time, especially when stored in a cool, dry place. The half-life of caffeine in instant coffee on the shelf as a room temperature solid is not well-defined, but it is generally considered to be stable for several months.\n\nIn summary, the caffeine content in various coffee types can vary, but refrigeration and reheating do not significantly affect the caffeine content. The half-life of caffeine in coffee is more relevant to the human body's metabolism rather than the coffee itself. Instant coffee typically contains around 60 to 120 milligrams of caffeine per 8-ounce serving and remains stable over time when stored properly."}]}