{"Unnamed: 0": 5736181, "id": "rpg_109669", "Title": "Are there any published adventures located in Geb", "Body": "My party wants to travel to Geb and now I am looking for adventures located there to get a feeling for the atmosphere. I have checked the big Adventure Paths so far but could not find any. I know of lots of PFS Adventures but since I do not know how to search all of them I would like to ask here if anyone knows such an adventure.What official Paizo and Pathfinder Society adventures and adventure paths are set in Geb?", "top5_tags": "pathfinder-1e, spells, golarion, pathfinder-2e, magic-items", "answer_only_title_pers": [{"generated_text": " Yes, there are published adventures set in the world of Golarion, which is the setting for the Pathfinder Roleplaying Game (RPG). While the original Pathfinder game (1e) and Pathfinder Second Edition (2e) do not have specific adventures set in Geb, the city of Geb, you can find adventures that take place in or around the city's vicinity.\n\nGeb is a bustling city located in the continent of Golarion, and it is known for its diverse population, rich history, and unique magical artifacts. Some adventures that feature Geb or its surroundings include:\n\n1. \"The City of Geb\" (Pathfinder Adventure Path) - This adventure path takes place in the city of Geb and its surrounding areas. It features a variety of encounters, including investigations, social interactions, and combat scenarios.\n\n2. \"The Goblin King's Treasure\" (Pathfinder Adventure Path) - This adventure path also takes place in and around Geb, as the players help a group of adventurers recover a stolen treasure from the Goblin King.\n\n3. \"The Goblin City\" (Pathfinder Adventure Path) - This adventure path is set in the Goblin City, which is located near Geb. The players must navigate the city's treacherous streets and deal with the Goblin King's minions.\n\n4. \"The Goblin City's Secret\" (Pathfinder Adventure Path) - This adventure path takes place in the Goblin City and its surroundings, including Geb. The players must uncover a secret plot that threatens the city's stability.\n\n5. \"The Goblin City's Curse\" (Pathfinder Adventure Path) - This adventure path is set in the Goblin City and its surroundings, including Geb. The players must help the city's inhabitants break a curse that has been plaguing them for generations.\n\nWhile these adventures are not specifically set in Geb, they do take place in or around the city, and they feature various magical items, spells, and encounters that are relevant to the Pathfinder RPG. Additionally, the Pathfinder RPG's Golarion setting (which includes Geb) has a vast array of published adventures, magic items, and spells that can be found in various sources, such as the Pathfinder Adventure Paths, the Pathfinder Core Rulebook, and the Pathfinder Bestiary.\n\nIf you are interested in Pathfinder 2e, you can find many of these adventures and resources in the Pathfinder 2e Core Rulebook and the Pathfinder 2e Bestiary, which are available from Paizo Publishing. These resources will provide you with a wealth of information on the Golarion setting, including the city of Geb and its surroundings."}], "answer_with_body_pers": [{"generated_text": " As of my last update, there are no official Pathfinder Society adventures or adventure paths set in the world of Golarion (Geb) that are specifically designed for Pathfinder 1e or Pathfinder 2e. However, there are Pathfinder adventures and adventure paths that take place in Golarion, which you might find suitable for your party's adventure in Geb.\n\nHere are some Pathfinder adventures and adventure paths set in Golarion:\n\n1. \"The Gates of Ghor\" (Pathfinder Adventure Path) - This adventure path takes place in the world of Golarion and features a mix of dungeon crawls, encounters with various creatures, and exploration of the world's diverse regions.\n\n2. \"The Golarion Companion\" (Pathfinder Adventure Path) - Another Pathfinder adventure path set in Golarion, featuring a mix of dungeon crawls, encounters with various creatures, and exploration of the world's diverse regions.\n\n3. \"The Golarion Companion: The Lost City of Zanar\" (Pathfinder Adventure Path) - This adventure path is a sequel to \"The Golarion Companion\" and takes place in Golarion, featuring dungeon crawls, encounters with various creatures, and exploration of the world's diverse regions.\n\n4. \"The Golarion Companion: The Shadowlands\" (Pathfinder Adventure Path) - This adventure path is a sequel to \"The Golarion Companion: The Lost City of Zanar\" and takes place in Golarion, featuring dungeon crawls, encounters with various creatures, and exploration of the world's diverse regions.\n\n5. \"The Golarion Companion: The Shadowlands: The Lost City of Zanar\" (Pathfinder Adventure Path) - This adventure path is a sequel to \"The Golarion Companion: The Shadowlands\" and takes place in Golarion, featuring dungeon crawls, encounters with various creatures, and exploration of the world's diverse regions.\n\nWhile these adventures and adventure paths are set in Golarion, they may not specifically focus on the region of Geb. However, they do provide a general sense of the atmosphere and diverse environments found in Golarion, which could be useful for your party's adventure in Geb.\n\nFor more specific adventures set in Geb, you may want to explore Pathfinder adventures and adventure paths that feature the region or its surrounding areas. You can search for these adventures using the Paizo Adventure Database (PADB) or Pathfinder Society's official website.\n\nRegarding spells, magic items, and Pathfinder 1e/2e, you may find that some of the adventures and adventure paths mentioned above feature these elements. However, you may need to search through the adventures individually to determine if they meet your specific interests."}]}