{"Unnamed: 0": 1467671, "id": "movies_100882", "Title": "Is \"Masterpieces of the British Museum\" cancelled?", "Body": "From the BBC Four, I can see that the last episode of Masterpieces of the British Museum was aired in 2009. In the \"Next episode\" it says \"Coming soon\".IMDb has the ending year void yet, like it is still ongoing. However, we are ten years  after the 4th episode.Are the rest two episodes going to be aired, or is it cancelled?", "top5_tags": "usa, san-francisco, california, europe, air-travel", "answer_only_title_pers": [{"generated_text": " There is no information available to suggest that the exhibition \"Masterpieces of the British Museum\" has been cancelled. This exhibition typically showcases a selection of significant artifacts from the British Museum's collection and is not specific to any one location. However, it's important to note that the exhibition's schedule and availability may vary depending on the venue hosting it.\n\nFor those interested in visiting the British Museum in London, the museum is open to the public and welcomes visitors from around the world, including the United States, San Francisco, California, and Europe. If you're planning to travel to London, you can easily reach the museum by air travel, as London's Heathrow Airport is one of the busiest international airports globally.\n\nIf you're specifically looking for a similar exhibition in the United States, you may want to check with local museums or cultural institutions in San Francisco, California, or other European cities, as they may have their own exhibitions featuring British artifacts or art. However, it's essential to verify the current status of these exhibitions, as they may change over time."}], "answer_with_body_pers": [{"generated_text": " As of now, there is no official announcement regarding the cancellation of the \"Masterpieces of the British Museum\" series. The last episode aired in 2009, and IMDb still lists the series as ongoing. However, it's essential to note that the series is a British production, and its availability might vary depending on your location.\n\nIn the United States, the series may be available on platforms like BBC America, which is a British-American channel. If you're in San Francisco, California, you might be able to find the series on streaming services like BritBox, which offers a wide range of British television shows and movies.\n\nIf you're interested in air travel, it's worth mentioning that the series is not a typical travel show, but you might find it informative and enjoyable if you're a fan of British history and culture.\n\nTo find out if the remaining two episodes are going to be aired or if the series has been officially cancelled, it would be best to check the latest updates from the BBC or the streaming platforms where the series is available."}]}