{"Unnamed: 0": 8047783, "id": "vegetarianism_1876", "Title": "Which ingredient in Cornitos Nacho Chips contains milk?", "Body": "Cornitos Nacho Chips' (barbeque flavour) ingredients seem to be completely vegan, but it says just below, \"Contains Soya and Milk Products\".Is it a misprint or does a ingredient contain milk?Cornitos Website", "top5_tags": "dogs, veganism, cats, is-it-vegan, health", "answer_only_title_pers": [{"generated_text": " The ingredient in Cornitos Nacho Chips that contains milk is casein. Casein is a protein found in milk and dairy products. It is important to note that these chips are not suitable for dogs, cats, or vegans due to the presence of dairy. For individuals concerned about veganism and health, it's recommended to avoid consuming products containing casein, as it is derived from milk."}], "answer_with_body_pers": [{"generated_text": " The Cornitos Nacho Chips (barbeque flavor) may contain milk products, as indicated on their website stating \"Contains Soya and Milk Products.\" However, it's essential to verify this information directly from the manufacturer or their official sources to confirm the presence of milk in the ingredients.\n\nAs for your interests, while the question about milk content in the chips is relevant to vegans and those concerned with veganism, it doesn't directly relate to dogs or cats. However, if you're interested in the health implications of consuming milk products, it's worth noting that some individuals may have lactose intolerance or other dairy-related sensitivities.\n\nIf you're looking for vegan-friendly snack options, you might want to explore other brands that explicitly state their products are free from animal-derived ingredients."}]}