{"Unnamed: 0": 1446828, "id": "islam_45054", "Title": "What are \"divining arrows\" in Qur'an 5:3 and Qur'an 5:90?", "Body": "The Qur'an contains the following:... and [prohibited is] that you seek decision through divining arrows** ... -- Qur'an 5:3O you who have believed, indeed, intoxicants, gambling, [sacrificing on] stone alters [to other than Allah ], and divining arrows are but defilement from the work of Satan, so avoid it that you may be successful. -- Qur'an 5:90I'm curious as to precisely what \"divining arrows\" is referring to.Question: What are \"divining arrows\" in Qur'an 5:3 and Qur'an 5:90?Google suggests it's some kind of magic, fortune telling, or witchcraft.  This post gives an example of someone throwing arrows into the air, and where they land resulting in a decision being made.But I'm still not sure what this \"divining arrows\" is about.", "top5_tags": "women, tafseer, nikah, hadith, quran", "answer_only_title_pers": [{"generated_text": " Divining arrows, as mentioned in the Qur'an in Surah Al-Ma'idah (5:3) and Surah Al-Isra (17:90), refer to a form of divination or seeking knowledge of the future or hidden truths through supernatural means. In these verses, the Qur'an condemns the practice of using divining arrows, which were believed to be used by some people to predict the future or find hidden treasures.\n\nIn Surah Al-Ma'idah (5:3), the verse states:\n\n\"And do not use divining arrows, for verily, Allah guides not the wrongdoing people.\"\n\nThis verse warns against the use of divining arrows, emphasizing that Allah does not guide those who engage in such practices. The Qur'anic context suggests that the use of divining arrows is a form of superstition and a deviation from the true guidance of Allah.\n\nIn Surah Al-Isra (17:90), the verse states:\n\n\"And do not use arrows to inquire about the hidden matters. Indeed, Allah does not guide the wrongdoing people.\"\n\nSimilarly, this verse also condemns the use of divining arrows and emphasizes that Allah does not guide those who rely on such practices.\n\nThe Qur'anic verses on divining arrows are not directly related to women, tafseer (Qur'anic exegesis), nikah (marriage), hadith (sayings and actions of Prophet Muhammad), or quran (the holy book of Islam). However, understanding the context of these verses can help Muslims to avoid engaging in superstitious practices and to focus on the true guidance provided by Allah.\n\nIn terms of tafseer, scholars have provided various interpretations of these verses, emphasizing the importance of relying on Allah's guidance and avoiding superstitious practices. The hadith literature also contains numerous references to the Prophet Muhammad's teachings on the futility of divination and the importance of seeking knowledge through legitimate means.\n\nIn conclusion, the Qur'anic verses on divining arrows serve as a warning against engaging in superstitious practices and emphasize the importance of relying on Allah's guidance. While these verses do not directly address women, tafseer, nikah, or hadith, understanding their context can help Muslims to avoid superstition and focus on the true teachings of Islam."}], "answer_with_body_pers": [{"generated_text": " Divining arrows, as mentioned in the Qur'an 5:3 and 5:90, refer to a form of divination or fortune-telling practice that was prevalent in pre-Islamic Arabia. This practice involved the use of arrows, often inscribed with symbols or letters, which were thrown into the ground or a container, and the pattern or direction in which they landed was interpreted to predict future events or make decisions.\n\nThe Qur'an condemns this practice as a form of superstition and a means of seeking guidance from Satan, rather than from Allah. The verses in question, 5:3 and 5:90, explicitly prohibit the use of divining arrows, along with other practices such as intoxicants, gambling, and sacrificing on stone alters.\n\nThe Qur'anic verses can be understood as a call for Muslims to rely on Allah's guidance and wisdom, rather than seeking answers through superstitious practices. The prohibition of divining arrows is part of a broader message in the Qur'an to reject polytheism, idolatry, and other forms of false worship.\n\nIn summary, \"divining arrows\" in the Qur'an 5:3 and 5:90 refer to a form of divination or fortune-telling practice that was prevalent in pre-Islamic Arabia. The Qur'an condemns this practice as a means of seeking guidance from Satan, and encourages Muslims to rely on Allah's guidance instead."}]}