{"Unnamed: 0": 1444490, "id": "history_9885", "Title": "Which figure is this a statue of?", "Body": "In Ocean's 12, towards the end of the movie in the famous scene where Night Fox is dodging the laser field to steal the (fake) coronation egg at the museum, we see this statue in the foreground.My question is, what is this statue or rather or who is this a statue of? It seems like a famous classical Greek figure, maybe even a mythological figure. The figure is beautifully haunting and has been bugging me ever since I first saw it in the movie.The clip is in HD here with the statue showing up for a few seconds starting at 1:06.This is not a movie question but rather a question regarding a piece of art of classical antiquity. That's why I am posting it here hoping the history buffs can help me instead of the Stack Exchange Movies Beta.Thanks.", "top5_tags": "united-states, do-androids-dream-of-electric-sheep, baroque-period, history, short-stories", "answer_only_title_pers": [{"generated_text": " The question does not provide a description or image of the statue in question. However, considering the interests mentioned, if the statue were related to the United States, it could potentially be a figure from American history. If it were connected to the Baroque period, it might be a European figure from that era. Since the interests also include \"do-androids-dream-of-electric-sheep\" and \"short-stories,\" it seems there might be a mix-up in the interests provided. Nevertheless, if we focus on the United States and history, a notable statue that comes to mind is the Statue of Liberty, which represents Libertas, the Roman goddess of freedom. However, without a specific description or image, it's challenging to accurately identify the statue in question."}], "answer_with_body_pers": [{"generated_text": " The statue you are referring to in the Ocean's 12 scene is likely a representation of the Greek goddess Athena. Athena is a prominent figure in Greek mythology, known for her wisdom, courage, and strategic warfare skills. She is often depicted wearing a helmet and carrying a shield, which aligns with the classical Greek aesthetic you mentioned.\n\nAthena was born from the head of her father, Zeus, after he swallowed her pregnant mother, Metis. She is the goddess of wisdom, courage, inspiration, civilization, law and justice, strategic warfare, mathematics, strength, strategy, the arts, crafts, and skill. Athena is also associated with the city of Athens, which was named after her.\n\nIn the movie Ocean's 12, the statue of Athena could be used as a symbolic representation of the cunning and strategic nature of the characters, particularly Night Fox, who is known for his cleverness and resourcefulness. The statue's presence in the scene adds to the overall atmosphere and theme of the movie.\n\nWhile the statue in the movie may not be an exact replica of a specific historical artifact, it is likely inspired by the classical Greek style and the iconic image of Athena. If you are interested in exploring more about Athena and her depictions in art, you may want to look into ancient Greek sculptures and artworks, such as the famous Athena Parthenos statue by Phidias or the Athena Nike statue on the Acropolis in Athens."}]}