{"Unnamed: 0": 1434729, "id": "genealogy_12188", "Title": "Did bigamous marriages need to be annulled?", "Body": "I have a great great uncle Ernest who was legally married in England in 1905. He and wife went separate ways shortly after the birth of their daughter, who died at 11 months, but they did not divorce.Ernest went on to marry bigamously in 1914. He was caught and convicted. This seems not to put him off, as he married bigamously to another woman in 1927. He was still legally married to his first wife. He got away with it for about 12 months, but when he proposed to another woman while already bigamously married, and had banns called in two parish churches, his second bigamous wife got suspicious, informed the police, and he was sentenced to another much longer stint in prison. I know these details from various newspaper reports of his trials.A marriage where one or both parties were already married was legally null and void. However, it is unclear to me whether the innocent party would need to obtain an annulment or declaration of nullity in order to marry again, since a void marriage never actually took place? Would nullity have been implied with conviction for bigamy?", "top5_tags": "england, wales, 20th-century, dna, medicine", "answer_only_title_pers": [{"generated_text": " In England and Wales during the 20th century, bigamous marriages were indeed considered illegal and required to be annulled. Bigamy, the act of entering into a marriage with one person while still legally married to another, was a criminal offense under English law.\n\nThe legal process for annulment in cases of bigamy involved the first spouse, who was unaware of the second marriage, applying for an annulment. The court would then investigate the circumstances surrounding the bigamous marriage, including the evidence of the second marriage. DNA testing was not available during the early part of the 20th century, but it became more widely used in the latter half of the century.\n\nIf the court found that the second marriage was indeed bigamous, it would grant an annulment, rendering the second marriage legally void. This meant that the second marriage was considered never to have existed in the eyes of the law.\n\nIt is essential to note that the legal process for annulment in cases of bigamy could be complex and emotionally challenging for all parties involved. The annulment process aimed to uphold the sanctity of marriage and ensure that individuals entered into a legally recognized union.\n\nIn summary, bigamous marriages in England and Wales during the 20th century needed to be annulled, as they were considered illegal under the law. The process of annulment involved the court investigating the circumstances surrounding the bigamous marriage and granting an annulment if the second marriage was found to be bigamous. DNA testing was not available during the early part of the century but became more widely used later on."}], "answer_with_body_pers": [{"generated_text": " In England during the 20th century, bigamous marriages were considered legally void from the outset. This means that the marriage was never legally recognized, and therefore, there was no need for an annulment or declaration of nullity for the innocent party to remarry.\n\nThe concept of bigamy, which is the act of entering into a marriage with one person while still legally married to another, was considered a criminal offense in England. The law was clear that a person could not be legally married to two people at the same time.\n\nWhen a person was convicted of bigamy, the court would declare the marriage void ab initio, which is a Latin term meaning \"from the beginning.\" This declaration effectively nullified the marriage, as if it had never taken place. As a result, the innocent party would not need to obtain an annulment or declaration of nullity to remarry.\n\nIn the case of your great great uncle Ernest, his second bigamous marriage in 1927 would have been considered void from the beginning, as he was still legally married to his first wife. The conviction for bigamy would have automatically nullified the second marriage, and he would have been prohibited from remarrying until the first marriage was legally dissolved.\n\nIt is worth noting that the interests in DNA and medicine mentioned in the question are not directly relevant to the legal aspects of bigamous marriages in England during the 20th century. However, DNA testing can be used in modern times to establish paternity or other familial relationships, which may be of interest to someone researching their family history."}]}