{"Unnamed: 0": 8039961, "id": "travel_116760", "Title": "Is it safe to drink water in the Dominican Republic?", "Body": "To add yet another question to the long list of tap-water, the US CDC for the Dominican Republic says Don\u2019t Drink Tap or well water, but there is no mention of water concerns on gov.uk for the DR. The US warning is not everywhere (e.g., according the the CDC for the UK Food and water standards in the United Kingdom are similar to those in the United States) and gov.uk for Mexico says Drink only boiled or bottled water and avoid ice in drinks.I am staying at an all inclusive high end resort in the DR. Avoiding drinking tap water directly should not be that hard, but ice and unwashed or unpeeled fruits and vegetables (which the CDC recommends against will be harder). I have heard rumors that some resorts use filtered water for cooking and ice. How can I reliable determine if I need to worry about water at a resort in the DR?", "top5_tags": "united-states, united-kingdom, rock-climbing, publications, usa", "answer_only_title_pers": [{"generated_text": " Yes, it is generally safe to drink water in the Dominican Republic. The country has a reliable water supply system, and the water is treated and tested to meet international standards. However, it's always a good idea to be cautious and use bottled water when traveling, especially if you're in remote areas or unfamiliar with the local water quality.\n\nFor travelers from the United States and the United Kingdom, it's recommended to follow the same precautions as you would in any foreign country. This includes drinking bottled water when unsure about the quality of tap water, particularly if you're engaging in activities like rock climbing, where staying hydrated is crucial.\n\nIn terms of publications, you can find more information about the water quality in the Dominican Republic in travel guides and resources that focus on the country's tourism and safety. These publications often provide insights into local customs and practices, including water consumption habits.\n\nOverall, while the Dominican Republic is a popular destination for travelers from the United States and the United Kingdom, it's essential to stay informed about local conditions and take necessary precautions to ensure a safe and enjoyable experience."}], "answer_with_body_pers": [{"generated_text": " Based on the information provided, it is generally recommended to avoid drinking tap water directly in the Dominican Republic, as advised by the US CDC. However, it's important to note that the UK government's guidelines do not specifically mention water concerns in the Dominican Republic.\n\nWhen staying at an all-inclusive resort in the Dominican Republic, it is advisable to follow the resort's practices regarding water usage. Some resorts may use filtered water for cooking and making ice, which can help minimize potential risks. To ensure your safety, you can inquire with the resort staff about their water treatment and filtration methods.\n\nIn addition to drinking water, it is also recommended to avoid consuming unwashed or unpeeled fruits and vegetables, as suggested by the CDC. This precaution applies to any destination, including the Dominican Republic.\n\nWhile the interests mentioned (United States, United Kingdom, rock climbing, publications, USA) are not directly relevant to the question, it is essential to prioritize your health and safety when traveling. By following the guidelines provided and inquiring about the resort's water treatment practices, you can make an informed decision about your water consumption during your stay in the Dominican Republic."}]}