{"Unnamed: 0": 155992, "id": "boardgames_2279", "Title": "Does the cooperative Lord of the Rings game require a decent amount of experience with the books to be playable?", "Body": "I love cooperative games, and Lord of the Rings seems to be fairly high on the list. (I have Pandemic, Forbidden Island, and Shadows over Camelot. I'm considering Space Alert and Space Hulk Death Angel).I love the Lord of the Rings series, but how deep does the game get into the story line? If people who don't really know the Lord of The Rings books (however few of them there may be) can't play it I'll probably go with something else. How will having little familiarity with the books affect the other players' enjoyment?", "top5_tags": "magic-the-gathering, dominion, house-rules, mtg-drafting, diplomacy", "answer_only_title_pers": [{"generated_text": " The Cooperative Lord of the Rings game, while inspired by J.R.R. Tolkien's epic fantasy series, is designed to be accessible to players with varying levels of familiarity with the books. However, having a decent amount of experience with the Lord of the Rings books can enhance the overall gaming experience.\n\nThe game is based on the core storyline and characters from the books, but it does not require in-depth knowledge of the entire series to play. The game focuses on the central events and characters, such as the Fellowship of the Ring, the War of the Ring, and key figures like Frodo, Gandalf, and Aragorn.\n\nThat being said, players who have a deeper understanding of the books may have an advantage in certain aspects of the game. For example, they may be able to better appreciate the strategic decisions made by the characters and the consequences of those decisions. Additionally, they may be able to engage in more immersive and detailed discussions with fellow players about the lore and backstory of the game.\n\nHowever, the game's designers have taken care to ensure that the gameplay remains accessible to newcomers to the Lord of the Rings series. The game includes a comprehensive rulebook and a well-designed game system that allows players to engage in cooperative gameplay without needing to have read the books.\n\nIn summary, while having a decent amount of experience with the Lord of the Rings books can enhance the gaming experience, it is not a strict requirement to play the Cooperative Lord of the Rings game. The game is designed to be accessible to both newcomers and fans of the books, and players can enjoy the cooperative gameplay without needing to have read the entire series."}], "answer_with_body_pers": [{"generated_text": " The cooperative Lord of the Rings game, while not as intricately tied to the books as some other Lord of the Rings games, does have elements that are inspired by the storyline and characters. However, it is designed to be accessible to both fans and newcomers to the series.\n\nThe game focuses on the events of \"The Fellowship of the Ring,\" the first book in the trilogy, and the players take on the roles of the members of the Fellowship. The game's storyline is presented through a series of missions and challenges that the players must complete together. While there are references to the books and the characters, the game does not require extensive knowledge of the entire Lord of the Rings series to play.\n\nThe game's designers have taken care to ensure that the gameplay is enjoyable for players with varying levels of familiarity with the books. The game's rules and mechanics are designed to be easy to understand and play, and the storyline is presented in a way that is engaging for both fans and newcomers.\n\nAs for the other players' enjoyment, having little familiarity with the books should not significantly affect their experience. The game's focus is on cooperative gameplay and the shared experience of completing the missions together. While some players may appreciate the references to the books and the characters, the game's success ultimately depends on the players' ability to work together and have fun.\n\nIn summary, the cooperative Lord of the Rings game does not require a deep understanding of the books to be playable. It is designed to be accessible to both fans and newcomers, and the gameplay focuses on cooperative gameplay and shared experiences. Having little familiarity with the books should not significantly affect the other players' enjoyment of the game."}]}