{"Unnamed: 0": 6110, "id": "anime_27376", "Title": "Is Garp the only Vice Admiral to have a customized ship?", "Body": "After watching One Piece for about 500 episodes I noticed that I have only seen Garp with a customized naval ship. The theme of his ship is a dog theme like the mask he was seen wearing early on in the series. I was wondering if there are any other personnel within the Navy that have a customized ship instead of the standard design. (Canon only)Garp's Ship:", "top5_tags": "one-piece, hunter-x-hunter, united-states, investing, 401k", "answer_only_title_pers": [{"generated_text": " In the world of Hunter x Hunter, Garp is indeed known for having a customized ship, the \"Sirius.\" However, in the context of the United States and its naval history, there have been several Vice Admirals who have had customized ships. One notable example is Admiral William H. McRaven, who served as the Commander of the U.S. Special Operations Command (SOCOM) and was associated with the USS Omaha, a ship that underwent significant modifications for special operations.\n\nWhile the question specifically refers to the anime series Hunter x Hunter, it's essential to clarify that the customized ship in the series is unique to the fictional universe. In the real world, there have been instances of naval officers having customized ships, but it's not limited to Vice Admirals.\n\nAs for the interests mentioned, such as investing and 401k, they are not directly relevant to the question about customized ships and Vice Admirals. However, it's worth noting that naval officers, including Vice Admirals, may have access to retirement plans like 401k, which can be an essential aspect of their financial planning."}], "answer_with_body_pers": [{"generated_text": " In the One Piece universe, Garp is indeed the most prominent Vice Admiral known to have a customized ship. However, it's important to note that the series primarily focuses on Garp's character and his unique ship. While there are other high-ranking naval officers in One Piece, there is no canonical evidence to suggest that any other Vice Admiral has a customized ship like Garp's.\n\nAs for the interests mentioned (One Piece, Hunter X Hunter, United States, investing, 401k), they are not directly relevant to the question about One Piece characters and their ships. Nevertheless, if you're interested in naval customization in general, you might find it interesting to explore the concept of ship personalization in real-world naval forces, such as the United States Navy.\n\nIn the United States Navy, for example, ships are often customized to reflect the mission, the crew, or the commanding officer's preferences. However, these customizations are typically limited to decorations, paint schemes, and minor modifications, rather than the complete overhaul of the ship's design as seen in One Piece."}]}