{"Unnamed: 0": 200105, "id": "fitness_32391", "Title": "What does it mean to bonk or hit the wall?", "Body": "What does it mean to bonk or hit the wall during a run or a bike ride?That is the main question, but to generate a more detailed answer here please consider these corollary questions:Can this can be a fairly serious thing, so what are the effects of this that makes it so serious?Is bonking the same as hitting a wall??Please explain what causes a bonk to occur, what things you would experience before, during, and after. Are there benefits to bonking?If hitting the wall is different then please elaborate on this too.", "top5_tags": "running, long-distance-running, speed, training, sprinting", "answer_only_title_pers": [{"generated_text": " Bonking or hitting the wall refers to a phenomenon commonly experienced by long-distance runners during endurance events. It occurs when the body's glycogen stores, which are the primary source of energy during prolonged physical activity, become depleted. This depletion leads to a sudden and significant drop in energy levels, causing a runner to feel extremely fatigued, weak, and unable to maintain their pace or speed.\n\nThe term \"bonking\" is often used to describe this experience, while \"hitting the wall\" is a more colloquial expression for the same event. Both terms are used interchangeably in the running community.\n\nWhen a runner hits the wall, they may experience symptoms such as extreme fatigue, muscle weakness, dizziness, and a general sense of being unable to continue running. This can be a challenging and discouraging experience, as it can significantly impact a runner's performance and overall race outcome.\n\nTo prevent hitting the wall, long-distance runners often focus on proper training and nutrition strategies. This includes gradually increasing their mileage and intensity during training, consuming a balanced diet rich in carbohydrates, and practicing fueling strategies during long runs, such as consuming energy gels or sports drinks.\n\nWhile bonking or hitting the wall is more commonly associated with long-distance running, it can also occur in other endurance sports, such as cycling or triathlons. However, it is less likely to happen in sprinting events, as they are typically shorter in duration and rely more on anaerobic energy systems.\n\nIn summary, bonking or hitting the wall is a phenomenon experienced by long-distance runners when their glycogen stores become depleted, leading to a sudden drop in energy levels and a significant decrease in performance. Proper training and nutrition strategies can help prevent this from happening during endurance events."}], "answer_with_body_pers": [{"generated_text": " Bonking, also known as hitting the wall, is a term commonly used in endurance sports like running and cycling to describe a state of extreme fatigue and energy depletion. It occurs when the body's glycogen stores, which are the primary source of energy during prolonged physical activity, are significantly depleted.\n\nWhen you bonk or hit the wall, your body experiences a sudden and severe drop in energy levels, making it difficult to continue the activity. This can happen during long-distance running, bike rides, or even during intense training sessions. The effects of bonking can be quite serious, as it may lead to a decrease in performance, muscle cramps, dizziness, and even nausea. In extreme cases, it can cause an individual to stop exercising altogether, which may have negative consequences on their training progress.\n\nBonking and hitting the wall are essentially the same phenomenon, with both terms describing the same experience of energy depletion during endurance activities. However, the term \"hitting the wall\" is more commonly used in the context of running, while \"bonking\" is often used in cycling.\n\nSeveral factors can contribute to bonking, including inadequate nutrition, insufficient glycogen stores, and overexertion. Before hitting the wall, you may experience a gradual decline in performance, increased fatigue, and a feeling of heaviness in your legs. During the bonk, you may struggle to maintain your pace, experience muscle cramps, and feel mentally drained. After the bonk, it may take some time for your body to recover and replenish its glycogen stores, which can result in a slower recovery and a longer time to regain your previous level of performance.\n\nThere are no direct benefits to bonking, as it is a sign of energy depletion and can negatively impact your training and performance. However, understanding the causes and effects of bonking can help you prevent it by ensuring proper nutrition, pacing yourself during endurance activities, and incorporating strategies to maintain energy levels, such as consuming carbohydrates during long-distance runs or bike rides.\n\nIn summary, bonking or hitting the wall is a state of extreme fatigue and energy depletion that can occur during endurance activities like running and cycling. It is caused by the depletion of glycogen stores and can have serious effects on performance and overall well-being. By understanding the causes and effects of bonking, you can take steps to prevent it and maintain your energy levels during long-distance activities."}]}