{"Unnamed: 0": 8038095, "id": "sports_3421", "Title": "Formula 1 Free practice without a super licence", "Body": "Formula One drivers must have an FIA Super Licence, but what about (young) drivers who take part only in free practice sessions? Are they allowed to drive without the license?", "top5_tags": "germany, automobiles, legal, driving, regulations", "answer_only_title_pers": [{"generated_text": " In Formula 1, a super license is required for drivers to participate in practice sessions, qualifying, and races. This license ensures that drivers have the necessary skills, experience, and knowledge to compete at the highest level of motorsport. However, there are certain circumstances under which a driver may participate in a Formula 1 free practice session without a super license.\n\nOne such circumstance is when a driver is participating in a test session. Test sessions are held to evaluate new technologies, car setups, and to provide teams with valuable data. During these sessions, drivers may not be required to hold a super license, as the primary focus is on testing rather than competition.\n\nAnother situation where a driver might participate in a Formula 1 free practice session without a super license is when they are a guest driver. Guest drivers are invited by teams to participate in a single session, usually for promotional or charity purposes. In these cases, the guest driver may not be required to hold a super license, but it is essential to note that this is not a common occurrence.\n\nIt is crucial to understand that the regulations surrounding Formula 1 free practice sessions without a super license are strict, and the FIA (F\u00e9d\u00e9ration Internationale de l'Automobile) closely monitors these situations. The FIA has the authority to impose penalties or disqualifications if a driver is found to be participating in a free practice session without the required super license.\n\nIn summary, while it is generally required for drivers to hold a super license to participate in Formula 1 free practice sessions, there are limited exceptions, such as test sessions and guest drivers. However, these situations are rare, and the FIA maintains strict regulations to ensure the integrity of the sport."}], "answer_with_body_pers": [{"generated_text": " In Formula One, all drivers participating in any official sessions, including free practice, are required to hold an FIA Super Licence. This licence is a prerequisite for anyone wishing to compete in Formula One races, regardless of their experience level or the specific session they are participating in.\n\nThe FIA Super Licence is a comprehensive certification that ensures drivers have met the necessary requirements, including passing rigorous tests and accumulating a certain number of race and test-day experience. The licence is designed to guarantee that drivers have the skills and knowledge to safely participate in the high-speed, high-risk environment of Formula One racing.\n\nWhile young drivers may not have the experience or the Super Licence yet, they are not allowed to participate in free practice sessions or any other official Formula One activities without the required licence. However, it's worth noting that there are junior categories within the motorsport world, such as Formula 4 and Formula 3, where young drivers can gain experience and work towards obtaining their Super Licence.\n\nIn Germany, as in other countries, the FIA Super Licence is a mandatory requirement for all Formula One drivers, including those participating in free practice sessions. The regulations are in place to ensure the safety of all participants and to maintain the high standards of the sport."}]}