{"Unnamed: 0": 8048133, "id": "woodworking_2818", "Title": "Kind of wood with deep brown streaks?", "Body": "I was in the Field Museum a couple of weeks ago and at the end of the new China exhibit is the \"Cyrus Tang\" spirit stone display. The wood flooring was extremely interesting, being a blond wood with heavy streaks of dark brown:What kind of wood is this?", "top5_tags": "united-states, taxes, terminology, massachusetts, criminal-law", "answer_only_title_pers": [{"generated_text": " The type of wood you are referring to with deep brown streaks is likely Quartersawn White Oak. This wood is commonly used in various applications, including furniture, flooring, and cabinetry.\n\nIn the context of United States taxes and criminal law, it's essential to note that the sale of wood, including Quartersawn White Oak, is subject to federal and state taxes. However, the specific tax implications would depend on the nature of the transaction and the purpose of the wood.\n\nFor example, if the wood is being sold as a product, the seller would need to collect and remit sales tax to the appropriate taxing authority. In Massachusetts, the sales tax rate is currently 6.25%. If the wood is being used for a construction project, the buyer may be responsible for paying property taxes on the value of the wood as part of the overall property value.\n\nAs for criminal law, it's unlikely that the sale or use of Quartersawn White Oak would be directly related to criminal activity. However, it's essential to ensure that all transactions involving wood are conducted legally and in compliance with relevant regulations, such as those related to logging, transportation, and import/export.\n\nIn summary, Quartersawn White Oak is a type of wood with deep brown streaks, and its sale and use in the United States, particularly in Massachusetts, are subject to taxes and regulations. However, these factors are not directly related to criminal law unless the transaction involves illegal activities."}], "answer_with_body_pers": [{"generated_text": " The wood you're describing with deep brown streaks, often found in exhibits like the one at the Field Museum, is likely a type of hardwood. Given the characteristics you've mentioned, it could be a species like Walnut or Maple. However, without a specific image or more detailed description, it's challenging to pinpoint the exact species.\n\nIn the context of the United States, if you're interested in the tax implications of owning such a wood, it's essential to note that the taxation of wood products can vary based on factors like the wood's use (e.g., furniture, flooring), its value, and the state in which you reside. Massachusetts, for instance, has specific regulations regarding the sale and use of wood products, which may include taxes.\n\nAs for terminology, the term \"blond wood\" typically refers to lighter-colored hardwoods, such as Maple or Ash. The \"deep brown streaks\" you mentioned could be a result of a wood's natural grain pattern or a specific type of wood with a darker hue, like Walnut.\n\nRegarding criminal law, it's not directly related to the type of wood you're asking about. However, if you're interested in the legality of owning or selling certain types of wood, it's essential to be aware of any regulations or restrictions in your state, such as those related to endangered species or illegal logging.\n\nIn summary, the wood with deep brown streaks you saw at the Field Museum could be a type of hardwood like Walnut or Maple. If you're interested in the tax implications of owning such wood in the United States, it's essential to consider the specific regulations in your state, such as those in Massachusetts."}]}