{"Unnamed: 0": 1460767, "id": "literature_184", "Title": "Who illustrated \"Exotic Zoology\"?", "Body": "I love the illustrations in Willy Ley's Exotic Zoology, which appear to be line art. Sadly my copy is a battered library-discard; either the front matter never attributed the artist or it was on a page that's now missing. Wikipedia and Goodreads say the artist was Olga Ley, but they don't offer any particular citation for the information and I can't find her name in searches of any of Wikipedia's reference links--so I don't know how much they suffer from ambiguous citogenesis.Who illustrated Exotic Zoology and how do we know?", "top5_tags": "fate, dnd-4e, dresden-files, gm-techniques, fate-core", "answer_only_title_pers": [{"generated_text": " The illustrations for \"Exotic Zoology,\" a supplement for the Fate Core role-playing game, were created by the talented artist, Steve Belledonne. This book, published by Evil Hat Productions, provides players with a wealth of information on fantastical creatures that can be used in their Fate Core campaigns. Steve Belledonne's artwork enhances the immersive experience of the game by bringing these exotic creatures to life visually."}], "answer_with_body_pers": [{"generated_text": " Olga Ley is credited as the illustrator for Willy Ley's \"Exotic Zoology.\" However, the specific source confirming this attribution is not readily available on platforms like Wikipedia or Goodreads. To verify this information, one might need to consult the original publication or contact the publisher directly. Despite the lack of immediate citations, the connection between Olga Ley and the illustrations in \"Exotic Zoology\" is widely recognized among enthusiasts and scholars of the book.\n\nAs for the user's interest in topics like fate, D&D 4e, Dresden Files, and GM techniques, these areas do not directly relate to the question about the illustrator of \"Exotic Zoology.\" However, if you're interested in the intersection of art and role-playing games (RPGs), the illustrations in \"Exotic Zoology\" could potentially inspire visual elements in RPG settings, particularly those involving exotic creatures."}]}