{"Unnamed: 0": 1432223, "id": "gardening_24218", "Title": "What are these plants growing on my lawn?", "Body": "I have these leaves sprouting all over my lawn and property. What is it? Should I be worried?NOTE: This is in Wisconsin.", "top5_tags": "plumbing, technique, electrical, design, building-regulations", "answer_only_title_pers": [{"generated_text": " Based on your interest in plumbing, technique, electrical, design, and building regulations, it seems there might be a slight mismatch with the topic of plants growing on your lawn. However, I can still provide you with information about the plants you've found.\n\nThe plants growing on your lawn could be a variety of species, and identifying them would require a closer look at their leaves, flowers, and growth patterns. Some common lawn plants include grasses, clover, dandelions, and various weeds.\n\nIf you're interested in the design aspect, you might consider the aesthetic value of these plants. For example, clover and dandelions can add a unique and natural look to your lawn, while some weeds might be considered undesirable.\n\nIn terms of building regulations, it's essential to ensure that the plants growing on your lawn do not interfere with any underground utilities, such as plumbing or electrical lines. If you're unsure about the location of these utilities, it's best to consult a professional.\n\nIf you're still interested in identifying the plants, you can take a sample of the leaves or flowers and consult a local nursery or use an online plant identification tool. This information can help you determine the best course of action for maintaining your lawn, whether it's through proper mowing, fertilization, or other lawn care techniques."}], "answer_with_body_pers": [{"generated_text": " Based on the information provided, it seems there might have been a misunderstanding in the interests mentioned. However, I'll address your question about the plants growing on your lawn in Wisconsin.\n\nThe plants you're describing could be a variety of species, as Wisconsin has a diverse range of native and non-native plants. Some common plants that grow in lawns and gardens in Wisconsin include dandelions, clover, plantain, and various grass species.\n\nTo identify the specific plants on your lawn, you can take a few steps:\n\n1. Observe the leaves, flowers, and overall plant structure.\n2. Compare your observations with images and descriptions from reliable sources, such as the Wisconsin Department of Natural Resources (DNR) website or local gardening clubs.\n3. Consider consulting a local nursery or extension service for assistance in identification.\n\nAs for your concern, it's essential to determine whether the plants are invasive or harmful to your lawn. In Wisconsin, some invasive species to be aware of include buckthorn, garlic mustard, and purple loosestrife. However, many plants growing in lawns are not harmful and can even be beneficial, such as clover, which fixes nitrogen in the soil.\n\nIf you're unsure about the plants' impact on your lawn, it's best to consult with a local expert or extension service. They can provide guidance on whether you need to take any action, such as removing the plants or adjusting your lawn care practices.\n\nRegarding your interests in plumbing, technique, electrical, design, and building regulations, these topics are not directly related to identifying and managing plants on your lawn. However, if you're interested in landscaping or garden design, these areas of expertise can help you create a beautiful and functional outdoor space."}]}