{"Unnamed: 0": 5724232, "id": "opensource_500", "Title": "Does being open sourced mean others can use my logo?", "Body": "Suppose I have created an open source applicationI have also created a snazzy logo to go with the application (for example, the Eclipse logo)I released my application's source code under a permissive licenseI have not trademarked my logoThe web pages on which my Logo appears may be covered by copyright, or a more restrictive license than the source code itself. But the source code distribution also contains an image file for the logo (so I can display it when the program is running).Does this mean that my logo is covered by the permissive license, and hence available for others to take and use for other purposes?", "top5_tags": "copyright, licensing, apache-2.0, forking, philosophy", "answer_only_title_pers": [{"generated_text": " Being open-source does not inherently mean that others can use your logo without permission. Open-source refers to the availability of the source code of a software project, allowing anyone to view, modify, and distribute the code under specific licenses, such as the Apache-2.0 license. However, logos are typically protected under copyright law, which is separate from open-source licensing.\n\nCopyright law grants the creator of an original work exclusive rights to its use and distribution. This includes logos, which are considered artistic works. Therefore, even if your project is open-source, your logo remains protected under copyright law, and others would need your permission to use it.\n\nHowever, if you choose to release your logo under a specific license, you can grant others the right to use it under certain conditions. For example, you could release your logo under a Creative Commons license, which allows others to use, modify, and distribute the work, provided they adhere to the terms of the license.\n\nIn summary, being open-source does not automatically grant others the right to use your logo. You would need to explicitly release your logo under a suitable license to allow others to use it."}], "answer_with_body_pers": [{"generated_text": " Being open source means that your application's source code is freely available for anyone to use, modify, and distribute under the terms of the permissive license you've chosen. However, the situation with your logo is different.\n\nA logo, as a graphical representation of your brand, is typically protected by copyright. Copyright protection is automatic and does not require registration. Since you have not trademarked your logo, it is still under copyright protection.\n\nThe image file of your logo included in the source code distribution is subject to the same copyright terms as the rest of your application. This means that the image file is protected by copyright, and others cannot use it without your permission.\n\nThe Apache 2.0 license, which is a permissive open-source license, allows others to use, modify, and distribute your application's source code. However, it does not automatically grant permission to use your logo. The Apache 2.0 license does not cover the image file of your logo, and using it without permission would be a violation of copyright law.\n\nIn summary, while your open-source application's source code is available under a permissive license, your logo is not covered by that license. Others cannot use your logo for other purposes without your permission, as it is protected by copyright.\n\nForking an open-source project allows others to create their own versions of the project, but it does not grant them the right to use your logo without permission. The philosophy behind open-source licensing is to promote collaboration and sharing of ideas, but it does not extend to the use of copyrighted material, such as logos, without proper authorization."}]}