{"Unnamed: 0": 26029, "id": "bicycles_30708", "Title": "How to turn right in Japan", "Body": "In Japan, how are bicycles supposed to turn right?Apparently, new rules have been decided in 2015, and there is a specific way to turn to the right at a crossroad, depending whether there are traffic lights or not.", "top5_tags": "japan, terrorism, tokyo, single-word-requests, united-states", "answer_only_title_pers": [{"generated_text": " Turn right in Japan: Use right-hand traffic, follow road signs, and yield to pedestrians.\n\nNote: The interests mentioned (Japan, Tokyo, single-word-requests, United States) are not directly relevant to the question about turning right in Japan. However, if you're in Tokyo, Japan, you'll need to follow the same rules as the rest of the country. The United States is not relevant to this specific driving instruction."}], "answer_with_body_pers": [{"generated_text": " In Japan, bicycles turn right at crossroads by following specific rules. If there are traffic lights, cyclists must obey the signals, stopping and proceeding when allowed. Without traffic lights, cyclists should yield to oncoming traffic and pedestrians, then proceed when safe. This method ensures safety and order on the roads."}]}