{"Unnamed: 0": 8053369, "id": "writers_349", "Title": "Is there a standardized size for Books?", "Body": "I noticed that my softcover/paperback books are all roughly the same size, but have slight differences.Are there standardized sizes (and are they different between US and Europe, just as US Letter and Din A4 are different?) or does each publisher decide it's own size?Edit: I'm sorry, I don't mean Number of Pages, I mean physical Page Size/Dimensions :)", "top5_tags": "macos, mac-pro, dnd-5e, macbook-pro, style", "answer_only_title_pers": [{"generated_text": " Yes, there is a standardized size for books, which is commonly referred to as the \"ISBN size.\" The International Standard Book Number (ISBN) system does not specify the physical dimensions of a book, but it does provide a standardized format for identifying books. The standard size for most books, including those published for Mac users, is typically around 6 inches in height, 9 inches in width, and 1 inch in thickness.\n\nHowever, it's essential to note that the size of books can vary depending on the publisher, genre, and format (e.g., hardcover, paperback, or e-book). For example, some books, such as those related to Dungeons and Dragons (D&D), may have unique dimensions due to their content or design.\n\nRegarding the specific interests you mentioned, macOS, Mac Pro, D&D, MacBook Pro, and style, these are not directly related to the standardized size of books. However, if you're interested in purchasing or reading books on these topics, you can find them in various formats and sizes, as mentioned above.\n\nIf you're looking for a specific size for a book related to Mac, Mac Pro, or D&D, it's best to check with the publisher or retailer, as they may have unique dimensions for their products. As for the MacBook Pro, it's a device used for reading e-books, which can be adjusted to fit the user's preferences and screen size.\n\nIn terms of style, books come in various sizes and formats to cater to different reading preferences and needs. For example, some readers may prefer larger books for easier readability, while others may prefer smaller, more portable books. The choice of book size and format ultimately depends on the individual reader's preferences and the specific content of the book."}], "answer_with_body_pers": [{"generated_text": " Yes, there is a standardized size for books, particularly when it comes to the physical dimensions of the pages. The most commonly used standard sizes for books are the International Standard Book Number (ISBN) sizes, which are based on the ISO 216 standard. This standard defines the A series of paper sizes, which includes A4, A5, A6, and so on.\n\nA4 is the most widely used size for books in Europe, and it measures 210mm x 297mm (8.27\" x 11.69\"). A5, which is half the size of A4, measures 148mm x 210mm (5.83\" x 8.27\"). A6, which is a quarter of A4, measures 105mm x 148mm (4.13\" x 5.83\").\n\nIn the United States, the most commonly used size for books is the Letter size, which measures 8.5 inches x 11 inches (215.9mm x 279.4mm). However, there is also a slightly smaller size called the Legal size, which measures 8.5 inches x 14 inches (215.9mm x 355.6mm).\n\nWhile these standard sizes are widely used, it's worth noting that publishers may still choose to deviate from these sizes for various reasons, such as aesthetic preferences or specific printing requirements. However, these deviations are generally not as common as the standard sizes.\n\nIn summary, there are standardized sizes for books, with A4 being the most common size in Europe and Letter size being the most common in the United States. These sizes are based on the ISO 216 standard and are not directly related to macOS, Mac Pro, Dungeons & Dragons (D&D), or MacBook Pro."}]}