{"Unnamed: 0": 3825704, "id": "music_36099", "Title": "What is first chair?", "Body": "I am under the impression that first chair is the seat reserved for the best player of a particular instrument. Second chair would be reserved for the second best.Is that all there is to it? Or does the position of the chair provide something different to the audience from the 2nd chair? Perhaps it is louder? Or is there anything else that the chair numbers mean?", "top5_tags": "united-states, xbox-one, kinect, ark-survival-evolved, state-of-decay-2", "answer_only_title_pers": [{"generated_text": " First chair refers to the position of leadership or the most prominent role within a group or ensemble. In the context of music, particularly in a band or orchestra, the first chair is the position held by the lead musician for a particular instrument. This person is typically the most skilled and experienced member of the group, responsible for setting the standard for the rest of the ensemble.\n\nIn the context of video games, the term \"first chair\" is not commonly used. However, if we were to draw a parallel, it could be likened to the role of a team leader or the most skilled player in a multiplayer game. For example, in a game like Ark: Survival Evolved, the most experienced player might take on the role of a leader or guide for the group, similar to the concept of first chair in a musical ensemble.\n\nAs for the Xbox One and Kinect, these are gaming consoles and accessories developed by Microsoft. The Xbox One is a home video game console that offers a wide range of games and entertainment options, while the Kinect is a motion-sensing input device that enables users to interact with the console using gestures and voice commands. Neither of these technologies directly relates to the concept of first chair.\n\nState of Decay 2 is a survival horror video game developed by Undead Labs. In this game, players work together to survive against hordes of zombies and other threats. While there may not be a direct equivalent to the concept of first chair in this game, the most experienced or skilled player could take on a leadership role within the group, guiding the team and making critical decisions.\n\nIn summary, first chair is a term used to describe the lead or most prominent role within a group, particularly in a musical ensemble. While it may not have a direct application in the context of video games, the concept of a skilled or experienced player taking on a leadership role can be somewhat analogous. However, the specific interests mentioned (Xbox One, Kinect, Ark: Survival Evolved, and State of Decay 2) do not directly relate to the concept of first chair."}], "answer_with_body_pers": [{"generated_text": " First chair, in the context of musical ensembles, refers to the position held by the most skilled or experienced musician of a particular instrument within a group. This designation is not exclusive to any specific country, including the United States, but is a common practice in various musical settings worldwide.\n\nThe primary distinction between first and second chairs lies in the level of responsibility and recognition given to the musicians. The first chair musician typically has the privilege of leading the group, playing solos, and often has a more prominent role in the ensemble's overall sound. They may also be responsible for tuning the instrument before performances and providing guidance to other members.\n\nAs for the position of the chair in relation to the audience, it does not inherently affect the volume or audibility of the music. The loudness of the performance is determined by factors such as the instrument's natural sound, the ensemble's arrangement, and the acoustics of the performance space.\n\nHowever, the first chair musician's role in a performance can have a significant impact on the audience's experience. Their skill and leadership can elevate the overall quality of the music, making it more engaging and enjoyable for listeners.\n\nIn the context of video games like Xbox One, Kinect, ARK Survival Evolved, and State of Decay 2, the concept of \"first chair\" does not directly apply. These games do not have musical ensembles or designated seating arrangements for players. Instead, they focus on gameplay mechanics, storytelling, and immersive experiences.\n\nIn summary, first chair is a term used to describe the most skilled or experienced musician of a particular instrument within a group, who typically holds a leadership role and may perform solos. The position of the chair does not inherently affect the volume of the music, but the first chair musician's performance can enhance the audience's experience. This concept is not directly applicable to video games like Xbox One, Kinect, ARK Survival Evolved, and State of Decay 2."}]}