{"Unnamed: 0": 1458578, "id": "lifehacks_19411", "Title": "Does pressing \"9\" on a phone actually put my number on an internal \"Do not call\" list?", "Body": "BackgroundAccording to Lifehacks #1777, pressing \"9\" on a phone will apparently add your number to an internal do not call list on the other end.  This is also apparently verified by a very hoaky looking website.  But I cannot find a solid confirmation or denial of this Lifehack.QuestionIs it true that I can press \"9\" on a phone to put a telemarketer on a do not call list?  ", "top5_tags": "united-states, executive, impeachment, legislative-process, constitution", "answer_only_title_pers": [{"generated_text": " No, pressing \"9\" on a phone does not put your number on an internal \"Do not call\" list. The \"9\" key is commonly used to initiate a callback to the last number you called, but it does not directly register your number with a \"Do not call\" list.\n\nIn the United States, the \"Do Not Call\" list is managed by the Federal Trade Commission (FTC) and the National Do Not Call Registry. To have your number added to this list, you must visit the FTC's official website and follow the instructions to register your number. This process is designed to help reduce unwanted telemarketing calls.\n\nWhile the question you asked is related to the United States, executive, impeachment, and legislative-process, these topics are not directly relevant to the answer about the \"Do Not Call\" list. However, it's worth noting that the FTC, which manages the \"Do Not Call\" list, is an independent agency within the executive branch of the U.S. government. The legislative process, including the creation of laws and regulations, can impact the FTC's authority and the enforcement of the \"Do Not Call\" list."}], "answer_with_body_pers": [{"generated_text": " No, pressing \"9\" on a phone does not actually put your number on an internal \"Do Not Call\" list. The claim you mentioned from Lifehacks #1777 and the website you referred to is not a verified or official method for adding your number to a do not call list.\n\nIn the United States, the official way to add your number to the National Do Not Call Registry is by visiting the Federal Trade Commission (FTC) website at www.donotcall.gov. Here, you can register your phone number for a period of 5 years, during which telemarketers are prohibited from calling you.\n\nIt's essential to be cautious when following advice from unofficial sources, as they may not always provide accurate information. In this case, pressing \"9\" on a phone will not help you avoid unwanted telemarketing calls."}]}