{"Unnamed: 0": 8038665, "id": "sustainability_4326", "Title": "Green social media to connect with nearby people to help reduce carbon footprint", "Body": "I find that it's difficult to associate with other sustainable thinkers, especially with the biggest sustainability challenge of them all - global warming.Is there some really famous green social media network / plug-in that I could use to associate with nearby sustainable/green thinkers?I would really like to make my carbon footprint as small as possible, and nearby people would help.Almost all of the websites in this list found on Google are dead or dying...", "top5_tags": "software-industry, carbon-sequestration, carbon-footprint, colleagues, resume", "answer_only_title_pers": [{"generated_text": " Title: Green Social Media Platform for Local Community Engagement and Carbon Footprint Reduction\n\nIntroduction:\n\nIn today's digital age, social media platforms have become an integral part of our lives, connecting people from all corners of the world. However, the environmental impact of these platforms, particularly in terms of carbon footprint, has raised concerns. To address this issue, a green social media platform can be developed to connect users with nearby people, fostering local community engagement and promoting carbon-sequestration initiatives. This platform can serve as a valuable addition to the software industry, providing an opportunity for professionals to showcase their expertise in sustainability and carbon footprint reduction.\n\nKey Features:\n\n1. Localized Networking: The platform will enable users to connect with nearby individuals, businesses, and organizations, facilitating the exchange of ideas and resources for carbon-sequestration projects.\n\n2. Carbon Footprint Tracking: Users can track their carbon footprint by inputting their daily activities, such as transportation, energy consumption, and waste generation. The platform will provide personalized recommendations for reducing their carbon footprint.\n\n3. Carbon-Sequestration Projects: The platform will feature a directory of local carbon-sequestration projects, such as tree planting, community gardens, and renewable energy initiatives. Users can participate in these projects, either directly or by supporting them financially.\n\n4. Collaborative Tools: The platform will offer collaborative tools, such as event planning and project management features, to help users organize and execute carbon-sequestration initiatives.\n\n5. Gamification: To encourage user engagement, the platform will incorporate gamification elements, such as rewards and badges for completing carbon-sequestration projects or reducing their carbon footprint.\n\n6. Educational Resources: The platform will provide educational resources on carbon footprint reduction, carbon-sequestration techniques, and sustainable living practices.\n\n7. Data Analytics: The platform will offer data analytics tools to help users track their progress and measure the impact of their carbon-sequestration efforts.\n\nBenefits:\n\n1. Reduced Carbon Footprint: By connecting users with nearby carbon-sequestration projects and providing personalized recommendations, the platform will help users reduce their carbon footprint.\n\n2. Local Community Engagement: The platform will foster local community engagement, encouraging users to collaborate on carbon-sequestration initiatives and build stronger relationships with their neighbors.\n\n3. Career Opportunities: Professionals in the software industry can leverage this platform to showcase their expertise in sustainability and carbon footprint reduction, potentially leading to new job opportunities or collaborations.\n\n4. Environmental Impact: The platform's focus on carbon-sequestration projects and carbon footprint reduction will contribute to a more sustainable future, helping to mitigate the effects of climate change.\n\nConclusion:\n\nA green social media platform that connects users with nearby people and promotes carbon-sequestration initiatives can be a valuable addition to the software industry. By addressing the concerns of carbon footprint and carbon-sequestration, this platform can help users reduce their environmental impact while fostering local community engagement. Professionals in the software industry can leverage this platform to showcase their expertise in sustainability and potentially create new career opportunities."}], "answer_with_body_pers": [{"generated_text": " Title: Exploring Green Social Media Platforms for Sustainable Networking\n\nBody:\n\nFinding a vibrant community of sustainable thinkers and green enthusiasts can be challenging, particularly when addressing the global issue of climate change. However, there are several green social media platforms and plug-ins that can help you connect with like-minded individuals in your area, fostering a network dedicated to reducing carbon footprints and promoting sustainable practices.\n\n1. Nextdoor: A popular neighborhood-based social networking platform, Nextdoor allows you to connect with your local community, including those who share your passion for sustainability. You can join local groups, share ideas, and collaborate on projects to reduce your carbon footprint.\n\n2. Sustainable Living Groups on Facebook: Facebook offers numerous groups dedicated to sustainable living, eco-friendly practices, and green initiatives. Joining these groups can help you connect with nearby green thinkers and share ideas on reducing your carbon footprint.\n\n3. Local Meetup Groups: Meetup.com is a platform that helps you find and join local groups based on your interests. You can search for sustainability-focused groups in your area and connect with people who share your passion for reducing carbon footprints.\n\n4. Green Social Networks: Some social media platforms are specifically designed for eco-conscious individuals. For example, EcoNetwork is a green social network that connects people with similar interests in sustainability and environmental issues.\n\n5. Sustainable Apps: There are also various apps available that can help you connect with nearby green thinkers. For instance, the \"Green Map\" app allows you to find local green businesses, events, and organizations in your area.\n\n6. Carbon Footprint Tracking Apps: Apps like \"My Carbon Footprint\" and \"Carbon Footprint Calculator\" can help you track your carbon footprint and connect with others who are also working to reduce theirs.\n\nWhile these platforms may not be as well-known as some of the more popular social media networks, they can still provide valuable connections and resources for those interested in sustainability and reducing their carbon footprint. By joining these communities, you can collaborate with local green thinkers, share ideas, and work together to make a positive impact on the environment."}]}