{"Unnamed: 0": 171273, "id": "diy_120335", "Title": "What is the name of this metal bar with holes at the ends?", "Body": "I need to find a metal part that looks a bit like this:     hole for bolt                strong metal      |                            |   ___|____________________________v_______  /   v                                    \\ (   (_)                              (_)   ) <--round end  \\________________________________________/This looks like a common part from a Meccano set, but with just two holes at either end for bolts. Two of these can go around a 2x4, then bolts run through the holes.    /__\\                             /__\\<--end of bolt ____________________________________________<--the part     __                               __     __                               __     __                               __     __                               __ <---bolt     __                               __     __                               __     __                               __ ____________________________________________<--the part    [==]                             [==]<---nutI am searching for a name so that I can find these to buy. Is there a common application where these appear? Are they commonly used by a particular contractor for a particular type of job? What is the name of this kind of part?", "top5_tags": "single-word-requests, united-states, teaching, pond, citations", "answer_only_title_pers": [{"generated_text": " The metal bar with holes at the ends is commonly known as a \"tie rod.\" However, if the context involves a specific application or design, it could also be referred to as a \"tie bar\" or \"tie pin.\" For precise identification, additional details or a visual reference would be helpful."}], "answer_with_body_pers": [{"generated_text": " The metal bar you're describing is commonly known as a \"L-bracket\" or \"L-shaped bracket.\" These brackets are widely used in construction and various DIY projects, including securing shelves, attaching signs, and supporting structures. In the context of the United States, they are prevalent in both residential and commercial construction, often utilized by contractors for tasks ranging from simple shelving installations to more complex structural supports.\n\nFor educational purposes, L-brackets are excellent teaching tools in subjects like physics and engineering, demonstrating principles of force distribution and structural support. They are also used in pond construction for creating stable platforms or supports.\n\nIf you're looking to purchase these brackets, you might also come across terms like \"angle bracket\" or \"angle iron,\" which are similar in function and appearance.\n\nHere are a few citations for further reading:\n\n1. \"L-Bracket: A Comprehensive Guide\" - This article from a DIY construction website provides an in-depth look at L-brackets, their uses, and where to find them. [URL to a hypothetical DIY construction website]\n\n2. \"The Role of L-Brackets in Construction\" - An article from a construction industry magazine discussing the various applications of L-brackets in building projects. [URL to a hypothetical construction industry magazine]\n\n3. \"Angle Brackets in Engineering Education\" - A study published in an engineering education journal exploring the use of angle brackets as teaching aids in classrooms. [URL to a hypothetical engineering education journal]\n\nRemember, while these citations are hypothetical, they represent the type of resources you might find useful when searching for more information on L-brackets and their applications."}]}