{"Unnamed: 0": 6111, "id": "anime_2738", "Title": "Who is Domo-kun?", "Body": "Who is Domo-kun? Is he an anime character or a manga character? I often see him in anime stores so I wonder if Domo-kun is an anime character or a manga character? ", "top5_tags": "naruto, anime-history, anime-production, tropes, code-geass", "answer_only_title_pers": [{"generated_text": " Domo-kun is a popular Japanese anime character created by Shigeto Ikehara in 1998. He is a cute, anthropomorphic robot with a distinctive appearance, featuring a large head, a smiling face, and a yellow body. Domo-kun is known for his catchphrase, \"Domo Arigato, Mr. Roboto!\" which translates to \"Thank you, Mr. Robot!\" in English.\n\nThe anime series featuring Domo-kun, titled \"Domo-kun,\" aired in Japan from 1999 to 2001. It was produced by Tatsunoko Production, a well-known animation studio that has also produced other popular anime series such as \"Naruto,\" \"Code Geass,\" and \"Tiger & Bunny.\" The show follows the adventures of Domo-kun as he assists his human friend, a young boy named Kazuo, in various tasks and challenges.\n\nAlthough Domo-kun's anime series is not as widely known as Naruto, Code Geass, or Tiger & Bunny, it has gained a cult following over the years. The show's simple yet endearing storyline, combined with its memorable characters and catchy theme song, has made it a beloved part of anime history.\n\nIn terms of anime production, Domo-kun's series was created by Shigeto Ikehara, who was a former employee of Tatsunoko Production. The show's animation style is reminiscent of other Tatsunoko productions, featuring bright colors and a focus on character design.\n\nAs for tropes, Domo-kun's character can be seen as a representation of the \"helper robot\" trope, which is common in various forms of media, including anime and manga. This trope typically involves a robot or machine that assists humans in their daily lives, often with a comedic or endearing quality.\n\nIn summary, Domo-kun is a beloved Japanese anime character created by Shigeto Ikehara and produced by Tatsunoko Production. While not as well-known as some other anime series, Domo-kun's simple and endearing storyline has earned it a dedicated fanbase and a place in anime history."}], "answer_with_body_pers": [{"generated_text": " Domo-kun is a Japanese animated character created by Shigeto Ikehara. He first appeared in a commercial for the Japanese company Nippon Television Network Corporation (NTV) in 1979. Domo-kun is a cute, anthropomorphic dog with a distinctive bow tie and a cheerful demeanor. He is known for his catchphrase, \"Domo arigato, masu!\" which translates to \"Thank you very much!\"\n\nAlthough Domo-kun is not directly related to Naruto, Anime-History, Anime-Production, or Code-Geass, he is an iconic character in the world of anime and manga. He is considered a mascot for NTV and has been featured in various commercials, TV shows, and even a manga series.\n\nDomo-kun is not an anime or manga character in the traditional sense, as he originated as a commercial mascot. However, his popularity led to the creation of a manga series titled \"Domo-kun: The Animation\" in 1981, which was later adapted into an anime series in 1982. The anime series, titled \"Domo-kun,\" is a short-lived but beloved show that features Domo-kun's adventures and interactions with other characters.\n\nIn summary, Domo-kun is a commercial mascot that has become a popular anime and manga character. While he is not directly related to the interests mentioned, his unique and endearing personality has made him a beloved figure in the world of anime and manga."}]}