{"Unnamed: 0": 7706716, "id": "skeptics_26816", "Title": "Has every U.S. presidential election been won by the campaign with the most money?", "Body": "According to Russell Brand:  Every election in American history has been won by the party with the most money to campaign.Let's assume that he means every presidential election.  Has every presidential election in U.S. history been won by the party with the most money to campaign?Edit: To make this question answerable, let's stick to elections recent enough where campaign financing is publicly available.", "top5_tags": "united-states, trains, united-kingdom, germany, canada", "answer_only_title_pers": [{"generated_text": " No, every U.S. presidential election has not been won by the campaign with the most money. While campaign financing plays a significant role in elections, it is not the sole determining factor for winning. Various other factors such as the candidates' policies, public opinion, debates, and the overall political climate also significantly influence the election outcome.\n\nFor example, in the 2008 U.S. presidential election, Barack Obama won against the then-incumbent Republican candidate, John McCain, despite not having the highest campaign funds. Obama's campaign focused on grassroots efforts, social media, and a strong message of change, which resonated with many voters.\n\nIt's essential to note that the interests mentioned, such as trains, the United Kingdom, Germany, and Canada, are not directly relevant to the question about U.S. presidential elections. However, understanding the political systems and campaign financing in these countries can provide a broader perspective on the role of money in elections worldwide."}], "answer_with_body_pers": [{"generated_text": " No, not every U.S. presidential election has been won by the campaign with the most money. While campaign financing plays a significant role in elections, it is not the sole determining factor for winning. For instance, in the 2008 presidential election, Barack Obama won against John McCain despite not having the highest campaign funds. Obama's campaign was successful due to a combination of factors, including a strong grassroots movement, effective use of social media, and a compelling message that resonated with voters.\n\nFurthermore, the Citizens United v. Federal Election Commission Supreme Court decision in 2010 significantly impacted campaign financing by allowing unlimited independent expenditures by corporations and labor unions. This decision has led to an increase in the influence of money in politics, but it has not guaranteed that the party with the most money always wins the election.\n\nIn recent elections, such as the 2016 presidential election, both candidates, Donald Trump and Hillary Clinton, had substantial campaign funds. However, Trump's victory was attributed to various factors, including his outsider status, populist message, and strong support from certain demographics.\n\nIn conclusion, while campaign financing is an essential aspect of U.S. presidential elections, it is not the sole determinant of the election outcome. Other factors, such as candidate appeal, message, and voter sentiment, also play crucial roles in determining the winner."}]}