{"Unnamed: 0": 5750426, "id": "scifi_108401", "Title": "What language did the first Edain awake speak if they did?", "Body": "I ask this because I was wondering, since Morgoth came across them first, they had to have had some sort of language in order to communicate with him - or is that not specified?", "top5_tags": "tolkiens-legendarium, the-silmarillion, the-lord-of-the-rings, valar, morgoth", "answer_only_title_pers": [{"generated_text": " The first Edain, as depicted in J.R.R. Tolkien's legendarium, particularly in \"The Silmarillion,\" are believed to have spoken a language known as \"Quenya.\" Quenya is one of the Elvish languages created by Tolkien, and it is closely associated with the High Elves, or the Noldorin Elves.\n\nThe Edain, however, were not High Elves but rather the ancestors of Men, who were known as the \"Firstborn\" in Tolkien's legendarium. They were the first humans to awaken and were led by the Elven King, Finw\u00eb, who was a Noldorin Elf. The Edain were divided into two groups: the Noldorin Edain, who followed Finw\u00eb, and the Sindar Edain, who followed Fingolfin, Finw\u00eb's brother.\n\nWhile the Noldorin Edain may have been exposed to Quenya, it is not explicitly stated in Tolkien's works that they spoke Quenya upon awakening. The Edain's language is not extensively described in \"The Silmarillion\" or \"The Lord of the Rings.\" However, it is possible that they spoke a form of Common Eldarin, which was the ancestral language of all Elves before it evolved into Quenya and Sindarin.\n\nThe Valar, the divine beings in Tolkien's legendarium, played a significant role in the history of the Edain. They were responsible for the creation of the Elves and the Firstborn Men, and they also influenced the development of the Elvish languages. However, the Valar's direct involvement in the Edain's language is not explicitly mentioned in the texts.\n\nIn summary, while the Noldorin Edain may have been exposed to Quenya, it is not explicitly stated that they spoke it upon awakening. The Edain's language is not extensively described in Tolkien's works, but it is possible that they spoke a form of Common Eldarin. The Valar's role in the Edain's language is not directly addressed in the texts."}], "answer_with_body_pers": [{"generated_text": " In J.R.R. Tolkien's legendarium, specifically within \"The Silmarillion,\" the first Edain, or Men of the First Age, are said to have spoken the Common Speech, also known as the \"Elvish tongue\" or \"Quenya.\" This language was one of the tongues of the Elves, and it was widely used among the Elves of Middle-earth.\n\nHowever, it is important to note that the exact details of the first Edain's language are not explicitly mentioned in Tolkien's works. The Silmarillion and The Lord of the Rings primarily focus on the languages of the Elves, such as Quenya and Sindarin, and the tongues of the Dwarves and Hobbits.\n\nAs for the interaction between the first Edain and Morgoth, the primary antagonist in \"The Silmarillion,\" it is not explicitly detailed in the texts. However, it is reasonable to assume that the first Edain would have had some form of communication with Morgoth, as they were the first to encounter him. This communication could have been through a rudimentary form of their ancestral language or perhaps through a combination of their own languages and the Elvish tongues.\n\nIn summary, while the exact language spoken by the first Edain is not specified in Tolkien's works, it is likely that they spoke a form of the Elvish tongues, such as Quenya, or a combination of their own languages and Elvish tongues. The details of their communication with Morgoth remain unspecified in the texts."}]}