{"Unnamed: 0": 5732599, "id": "politics_2124", "Title": "Are US politicians still paid a salary when they cause a government shutdown?", "Body": "800k working-class Americans don't get paid when the government shut down. Do the US politicians still get paid? If yes, why so?", "top5_tags": "star-trek, babylon-5, economy, stocks, star-trek-ds9", "answer_only_title_pers": [{"generated_text": " While the question you've asked is interesting, it primarily pertains to the realm of US politics and government operations. However, I can certainly provide you with information on the matter.\n\nIn the United States, politicians are not paid a salary during a government shutdown. The federal government operates on an annual budget, and when a shutdown occurs, non-essential government services are temporarily halted. This includes the suspension of pay for most federal employees, which encompasses politicians.\n\nHowever, it's essential to note that members of Congress and the President are exempt from this rule. They continue to receive their salaries during a government shutdown. This is because they are considered essential employees, as their work is crucial to the functioning of the government.\n\nAs for the connection to Star Trek, Babylon 5, and the stock market, these topics are not directly related to the question at hand. However, government shutdowns can have an impact on the economy and stock market, as they can create uncertainty and affect investor confidence. In such cases, it's always a good idea to stay informed about the latest developments in politics and economics."}], "answer_with_body_pers": [{"generated_text": " US politicians, specifically members of Congress, continue to receive their salaries even during a government shutdown. This situation arises because their salary is not directly tied to the government's operational status.\n\nThe United States Congress, which consists of the House of Representatives and the Senate, is a bicameral legislative body responsible for creating and passing laws. The salaries of members of Congress are determined by the United States Constitution and are not subject to the same budgetary constraints as other government agencies.\n\nAccording to the 20th Amendment to the United States Constitution, the salaries of members of Congress cannot be reduced during their terms in office. This provision was put in place to prevent Congress from manipulating their salaries in response to political events, such as a government shutdown.\n\nThe rationale behind this decision is to ensure that members of Congress can focus on their legislative duties without the distraction of financial concerns. However, this has led to criticism, as it means that politicians can continue to receive their salaries even when their actions contribute to a government shutdown, which can have significant consequences for working-class Americans and the overall economy.\n\nIn summary, US politicians continue to receive their salaries during a government shutdown due to the provisions of the United States Constitution, which protect their salaries from being reduced during their terms in office. This situation has sparked debate and criticism, as it can be seen as a disconnect between the financial well-being of politicians and the impact of their decisions on the general public."}]}