{"Unnamed: 0": 1445334, "id": "interpersonal_19497", "Title": "How to explain to my girlfriend that I enjoy certain video games?", "Body": "I would like to ask for advice about my current situation, my girlfriend (26) and I (31) have been together for 2 months now and we really have lots in common and always have a great time together but! I am an IT guy so I am into technology very much and currently own a Nintendo Switch.I really quite enjoy some video games (like Hand of fate 2, dark souls, doom, etc..), it is a way to entertain myself, to clear my head a bit after work and I do not play much at all, around 6 hours per week and some weeks I do not play at all.The thing is, she despises video games from the bottom of her heart, her position is quite radical. I do not get why, when I try to explain why I like to play her answer is something like \"-video games are for freaky and creepy nerds-\" and that's it! I cannot discuss any further about it, she just doesn't hear me at all.I could just sell my console and not play anymore, but I would like to first try to make her understand me, since she does not give me any reasonable answer about it so I would like to ask for some advice:How can I explain to her that it is something I enjoy?Thanks a lot in advance.Edit:To add some more details about it, our relationship is pretty new and this is the first major disagreement we have had so far.I have tried so little to be honest because she just does not want to listen, like really, she just says things like \"no no, that's for creepies, for smelly nerds\" and stuff like that, I have tried to explain to her:That it is no different from watching series or movies (which shedoes).That I only play in my spare time when we do not meet normally afterwork and would never prefer to play instead of meeting her or doingsomething together.To explain that it helps me to clear my mind after work.I actually tried to show her and explain a video game once and after 20 seconds she told me \"are we going to do something else?\" and that was it, I just turned it off.I was quite surprised because our communication is very good actually, we have discussed important matters openly in a very productive way, but with this topic she gets just too aggressive.Thanks again for your answers.", "top5_tags": "germany, relationships, approach, texting, armenia", "answer_only_title_pers": [{"generated_text": " Subject: Sharing My Passion for Video Games with You\n\nHey love,\n\nI hope you're having a great day! I wanted to talk to you about something that's been on my mind lately. You know how much I enjoy playing video games, right? I've been thinking about how to share this part of my life with you in a way that's open and respectful.\n\nI understand that video games are a big part of my life, and I want to make sure that you feel comfortable with it. I'm not asking you to join me in playing, but I'd love to find a way to include you in this aspect of my life.\n\nHere's my plan:\n\n1. Open Communication: I'll be honest with you about my love for video games and how they make me feel. I'll explain why they're important to me and how they help me unwind and relax.\n\n2. Share My Favorites: I'll let you know about the games I enjoy the most and why I like them. I'll also be open to hearing your thoughts and opinions on them.\n\n3. Set Boundaries: I'll make sure to respect your boundaries and preferences. If you're not interested in playing or discussing video games, I'll be understanding and supportive.\n\n4. Find Common Ground: I'll try to find games that we can both enjoy together, or at least games that we can discuss and appreciate together.\n\n5. Texting: I'll keep the conversation going through texting, as it's a comfortable way for us to communicate. I'll make sure to be patient and understanding if you need some time to process everything.\n\nI truly value our relationship and want to make sure that sharing my love for video games doesn't negatively impact it. I'm open to any suggestions or concerns you may have, and I'm willing to work together to find a solution that works for both of us.\n\nI love you and appreciate your understanding. Let's chat more about this when you have a moment.\n\nAll my love,\n[Your Name]"}], "answer_with_body_pers": [{"generated_text": " Title: Navigating Differences in Gaming Preferences in a Relationship\n\nBody:\n\nDear [Girlfriend's Name],\n\nI truly appreciate your honesty and passion when it comes to expressing your feelings about video games. I understand that our perspectives on this topic differ, and I want to assure you that I respect your opinion. However, I would like to share my thoughts and feelings about video games, hoping to find a common ground that we can both appreciate.\n\nFirstly, I want to emphasize that my love for video games is not a reflection of my personality or interests. It's simply a form of entertainment that I enjoy during my free time. I believe that everyone has their own unique hobbies and interests, and it's essential to respect and understand each other's passions.\n\nI've tried to explain to you that video games are not just for \"freaky and creepy nerds,\" but rather a diverse and engaging medium that offers various experiences. Just like watching series or movies, video games can be a form of storytelling, art, and even a way to challenge oneself. They can also provide a sense of accomplishment and relaxation after a long day at work.\n\nI want to assure you that I am not neglecting our relationship or our time together because of my gaming hobby. I only play video games during my spare time when we don't meet regularly after work, and I would never prefer to play instead of spending quality time with you.\n\nI understand that you may not be interested in video games, and that's perfectly fine. However, I would love to find a way to share this aspect of my life with you, as it's an essential part of who I am. Perhaps we could explore other activities that we both enjoy, or even try playing a video game together. This could be a fun way to bond and learn more about each other's interests.\n\nI value our relationship and the open communication we have, and I believe that we can find a way to appreciate each other's differences. I'm open to discussing this further and finding a compromise that works for both of us.\n\nThank you for taking the time to read my thoughts. I hope we can continue to grow together and find common ground in our relationship.\n\nWith love,\n\n[Your Name]"}]}