{"Unnamed: 0": 160041, "id": "buddhism_30951", "Title": "Who said 'if you haven't started on the Buddhist path then don't start at all'?", "Body": "I recall a story that goes something like this  A Buddhist monk was giving a lecture on Buddhism. At the start he said  'Who hasn't yet started on the Buddhist path?' Half the audience  stands. He continues 'To those people I say if you haven't started  then do not start. Please go to the entrance and your entrance fee  will be refunded'. Half the audience then leaves. He says 'to those of  you who are left who have started on the path I say you must continue.  Do not stop.'This is paraphrased but that's the essence of it. Has anyone heard of this and get the reference, the exact story and who said it. Is it true at all?Many Thanks as always", "top5_tags": "reference-request, pali-canon, terminology, personal-practice, texts", "answer_only_title_pers": [{"generated_text": " The quote \"if you haven't started on the Buddhist path then don't start at all\" is attributed to the Buddha, specifically in the Pali Canon, which is a collection of scriptures in the Theravada Buddhist tradition. The exact phrase may not be found verbatim in the Pali Canon, but the sentiment aligns with the Buddha's teachings on the importance of starting the path to enlightenment with a sincere intention and proper understanding.\n\nIn the context of the Pali Canon, the Buddha emphasized the significance of right effort, right intention, and right understanding in one's spiritual practice. The quote you mentioned reflects the idea that one should not embark on the path without a genuine commitment and understanding of the teachings.\n\nFor further reference, you may explore the Majjhima Nikaya (Middle Length Discourses), a collection of the Buddha's teachings in the Pali Canon, which contains many discussions on the importance of right intention and the proper approach to spiritual practice. Additionally, the Dhammapada, a collection of verses attributed to the Buddha, also emphasizes the significance of right intention in one's spiritual journey.\n\nIn terms of terminology, the concept of \"starting on the Buddhist path\" can be understood as engaging in the practice of the Noble Eightfold Path, which is the core teaching of Buddhism. The Noble Eightfold Path consists of right understanding, right thought, right speech, right action, right livelihood, right effort, right mindfulness, and right concentration.\n\nFor those interested in personal practice, it is essential to approach the Buddhist path with sincerity, dedication, and a willingness to learn and grow. Engaging in practices such as meditation, mindfulness, and studying the teachings can help one develop the necessary qualities to progress on the path.\n\nIn summary, the quote you mentioned is attributed to the Buddha and aligns with the teachings found in the Pali Canon. The Buddha emphasized the importance of right intention and proper understanding when embarking on the path to enlightenment. The Noble Eightfold Path serves as a guide for practitioners, and engaging in personal practice with sincerity and dedication is crucial for progressing on the path."}], "answer_with_body_pers": [{"generated_text": " The quote you're referring to is often attributed to the Buddha, specifically in the context of encouraging individuals to fully commit to the Buddhist path rather than starting half-heartedly. However, the exact phrasing you've provided doesn't directly match a well-known sutta (discourse) in the Pali Canon. The essence of the teaching, though, aligns with the Buddha's teachings on the importance of sincere practice and commitment.\n\nA similar sentiment can be found in the \"Cula-Malunkyovada Sutta\" (MN 63), where the Buddha discusses the importance of not relying on mere speculation or half-hearted efforts in the pursuit of enlightenment. In this sutta, the Buddha advises against engaging in idle speculation and emphasizes the need for diligent practice.\n\nWhile the specific quote you mentioned may not be found verbatim in the Pali Canon, the underlying message is consistent with the Buddha's teachings on the importance of wholehearted commitment to the Buddhist path."}]}