{"Unnamed: 0": 5732653, "id": "politics_2322", "Title": "Is there any difference between a dissident and a whistleblower?", "Body": "During the Cold War people who criticized Soviet government, its practices and abuses were called \"dissidents\" in the West, even if they politically supported Socialism or advocated better application of the Soviet laws, such as the constitution.Yet now it seems similar people in the West are not called \"dissidents\" but a new term \"whistleblower\" was invented. Was it invented specifically so to not attract any association with the USSR and to underline that those people are not opposed to the system as a whole bet merely criticize abuses?Or is there a fundamental difference?", "top5_tags": "etymology, proto-indo-european, united-states, soviet-union, ancient-history", "answer_only_title_pers": [{"generated_text": " Yes, there is a difference between a dissident and a whistleblower, although both terms involve individuals who challenge established norms or authorities.\n\nA dissident is someone who opposes official policy, especially that of an authoritarian state. The term originates from the Latin word \"dissidere,\" which means \"to disagree.\" In the context of the Soviet Union, dissidents were individuals who openly criticized the government and its policies, often facing severe consequences such as imprisonment or exile.\n\nThe Proto-Indo-European (PIE) root for \"dissidere\" is *dheis-, which means \"to separate\" or \"to divide.\" This etymology reflects the idea of individuals who separate themselves from the mainstream or prevailing ideology.\n\nIn the United States, dissidents have historically been associated with political movements that challenge the government's policies, such as the civil rights movement or anti-war protests.\n\nOn the other hand, a whistleblower is an individual who exposes wrongdoing, corruption, or illegal activities within an organization, often at personal risk. The term originates from the phrase \"to blow the whistle,\" which means to make a loud sound to alert others. The etymology of \"whistle\" can be traced back to the Old Norse word \"hvistull,\" which means \"a sharp, high-pitched sound.\"\n\nThe Proto-Indo-European (PIE) root for \"whistle\" is *g\u02b7hweid-, which means \"to make a sound.\" This etymology reflects the idea of an individual making a sound to draw attention to something.\n\nIn the context of the Soviet Union, whistleblowers were individuals who exposed government corruption or human rights abuses, often at great personal risk. Some notable Soviet whistleblowers include Aleksandr Solzhenitsyn, who exposed the Soviet Union's gulag system, and Vladimir Bukovsky, who exposed the Soviet Union's secret police.\n\nIn the United States, whistleblowers have played a significant role in exposing government and corporate wrongdoing, such as Edward Snowden's revelations about the National Security Agency's surveillance programs and the actions of whistleblower Daniel Ellsberg, who leaked the Pentagon Papers.\n\nIn summary, while both dissidents and whistleblowers challenge established norms or authorities, dissidents primarily oppose government policies, while whistleblowers expose wrongdoing within organizations. The etymology of the terms reflects their respective origins and meanings."}], "answer_with_body_pers": [{"generated_text": " The terms \"dissident\" and \"whistleblower\" indeed have different connotations and historical contexts, which can be traced back to their etymological roots and the socio-political environments in which they were coined.\n\nThe term \"dissident\" originates from the Latin word \"dissidere,\" which means \"to disagree.\" In the context of the Cold War, dissidents were individuals who openly criticized the Soviet government, its practices, and abuses. These individuals often supported socialism or advocated for better application of Soviet laws, such as the constitution. The term \"dissident\" was used to describe these individuals because they disagreed with the Soviet government's policies and actions.\n\nOn the other hand, the term \"whistleblower\" has its roots in the English language, with the first recorded use in the 19th century. It is derived from the phrase \"to blow the whistle,\" which means to make a loud sound to attract attention. In a modern context, a whistleblower is an individual who exposes wrongdoing, corruption, or illegal activities within an organization, often at personal risk. The term \"whistleblower\" gained prominence in the United States during the 1970s, particularly with the passage of the Whistleblower Protection Act in 1989.\n\nThe shift from using the term \"dissident\" to \"whistleblower\" in the West to describe individuals who criticize abuses can be attributed to several factors. One reason may be the desire to distance these individuals from the negative connotations associated with the Soviet Union and its political system. By using the term \"whistleblower,\" the focus is shifted to the act of exposing wrongdoing rather than the political ideology or opposition to the system as a whole.\n\nAnother reason for the change in terminology could be the evolution of the socio-political landscape in the West. The Cold War era was characterized by a clear ideological divide between the Soviet Union and the United States, with dissidents often being associated with anti-communist sentiments. In contrast, the modern context is more complex, with individuals who expose abuses within organizations or governments being seen as advocates for transparency, accountability, and justice.\n\nIn summary, while both \"dissident\" and \"whistleblower\" describe individuals who criticize abuses, they differ in their etymological origins, historical contexts, and connotations. The shift in terminology from \"dissident\" to \"whistleblower\" in the West can be attributed to the desire to distance these individuals from the negative associations with the Soviet Union and to emphasize the act of exposing wrongdoing rather than political opposition."}]}