{"Unnamed: 0": 160694, "id": "christianity_12003", "Title": "What does INRI stand for?", "Body": "On the crucifix there is sometimes a plate above Jesus' head that has the letters INRI. What does INRI mean or stand for? Why is it there?", "top5_tags": "destiny, whitewater-rafting, hiking, trees, camping", "answer_only_title_pers": [{"generated_text": " INRI stands for \"Iesus Nazarenus, Rex Iudaeorum,\" which is Latin for \"Jesus of Nazareth, King of the Jews.\" This phrase was historically placed above the crucifixion cross of Jesus Christ, as recorded in the New Testament of the Bible.\n\nWhile the topic of INRI is not directly related to destiny, whitewater-rafting, hiking, trees, or camping, it is an important aspect of Christian history and religious symbolism. If you have any questions related to these outdoor activities, I'd be more than happy to help!"}], "answer_with_body_pers": [{"generated_text": " INRI stands for \"Iesus Nazarenus, Rex Iudaeorum,\" which is Latin for \"Jesus of Nazareth, King of the Jews.\" This inscription was placed above Jesus' head on the crucifix during his crucifixion, as recorded in the New Testament of the Bible.\n\nThe reason for the inscription is to explain the charges against Jesus, as per the Roman authorities' request. They wanted to emphasize that Jesus was crucified for claiming to be the King of the Jews, which was seen as a challenge to Roman rule.\n\nWhile the interests you mentioned (destiny, whitewater-rafting, hiking, trees, camping) are not directly related to the question, understanding the historical and religious significance of INRI can provide a deeper appreciation for the symbolism and meaning behind the crucifix, which is a common sight in Christian religious contexts."}]}