{"Unnamed: 0": 1461679, "id": "martialarts_2942", "Title": "Etymology and meaning of ukemi", "Body": "I believe that ukemi can be translated as receiving body (\u53d7\u3051\u8eab). It is what uke (\u53d7\u3051, whoever receives the technique) does when nage (\u6295\u3052 thrower) or tori (\u53d6\u308a, grabber) applies a technique.Am I correct in my assumptions?Are my kanji correct?Japanese SE: Etymology and meaning of ukemi (\u53d7\u3051\u8eab?) as part of \u5408\u6c17\u9053", "top5_tags": "aikido, history, weapons, system-agnostic, training", "answer_only_title_pers": [{"generated_text": " Ukemi, a term commonly used in martial arts such as aikido, refers to the practice of receiving or breaking falls. The etymology of \"ukemi\" can be traced back to the Japanese language, where \"u\" means \"to receive\" and \"kemi\" means \"fall\" or \"receive.\" Thus, the term literally translates to \"receiving fall.\"\n\nIn the context of aikido, ukemi plays a crucial role in training, as it allows practitioners to safely and effectively absorb and redirect an attacker's energy during practice. This skill is essential for both self-defense and the development of aikido techniques.\n\nThe history of ukemi can be traced back to ancient Japanese martial arts, where the ability to break falls was considered a vital skill for warriors. This practice was essential for avoiding serious injuries during combat, as well as for maintaining a warrior's physical and mental well-being.\n\nUkemi techniques have evolved over time, influenced by various martial arts and combat systems. In aikido, ukemi techniques are divided into two main categories: \"tori\" and \"uke.\" \"Tori\" refers to the practitioner who performs the technique, while \"uke\" is the one who receives the technique.\n\nIn aikido, ukemi techniques are often associated with weapons training, as they help practitioners understand how to safely receive and redirect an attacker's energy, even when weapons are involved. However, ukemi is not limited to weapons training and is an essential component of aikido and other martial arts.\n\nIn summary, ukemi is a fundamental aspect of martial arts training, particularly in aikido, where it is used to safely and effectively absorb and redirect an attacker's energy. The term originates from the Japanese language, with \"u\" meaning \"to receive\" and \"kemi\" meaning \"fall.\" Ukemi techniques have evolved over time and are essential for self-defense, injury prevention, and the development of martial arts skills."}], "answer_with_body_pers": [{"generated_text": " Yes, you are correct in your assumptions about the translation and meaning of \"ukemi\" as \"receiving body\" (\u53d7\u3051\u8eab). In the context of martial arts, particularly Aikido, \"ukemi\" refers to the techniques and movements performed by the person who receives the technique (uke) from the thrower (nage) or grabber (tori).\n\nThe kanji you provided, \u53d7\u3051\u8eab, is indeed accurate and commonly used in the Japanese language to represent the term \"ukemi.\" The kanji \u53d7 (uke) means \"to receive,\" and \u8eab (shin) means \"body\" or \"self.\" Together, they form the term \"\u53d7\u3051\u8eab,\" which translates to \"receiving body\" or \"ukemi.\"\n\nThe etymology of \"ukemi\" can be traced back to the Japanese martial arts, where it has been an essential aspect of training. In Aikido, as well as other martial arts, \"ukemi\" techniques are crucial for practitioners to learn, as they help to safely absorb and redirect the force of an attack, minimizing the risk of injury.\n\nIn terms of history, \"ukemi\" techniques have evolved over time, with different styles and schools emphasizing various aspects of the practice. The concept of \"ukemi\" is not limited to Aikido but is also present in other martial arts, such as Judo, Jujutsu, and Karate.\n\nWhile your interest in weapons and systems-agnostic training is noted, the primary focus of the term \"ukemi\" is on the body's response to receiving techniques, regardless of the specific martial art or weapon being used. In Aikido, for example, \"ukemi\" techniques are often performed without weapons, as the art emphasizes the harmonious redirection of an attacker's energy. However, the principles of \"ukemi\" can be applied to various martial arts and weapon-based practices.\n\nIn summary, \"ukemi\" refers to the techniques and movements performed by the receiver of a technique in martial arts, and the kanji \u53d7\u3051\u8eab accurately represents the term. The etymology of \"ukemi\" can be traced back to the Japanese martial arts, and it plays a crucial role in training for various martial arts disciplines."}]}