{"Unnamed: 0": 161597, "id": "christianity_2547", "Title": "What is the Biblical evidence that there are ONLY three persons in the \"Trinity\"?", "Body": "(This is a followup to the various answers for the question What is the Biblical basis for the doctrine of the Trinity?)The specific concept of 'trinity' isn't specifically spelled out in the Bible.  Instead, we have deduced from various scripture verses that there are three distinct persons within the Godhead.What is the Biblical evidence that there are only three persons in the Godhead?  Why don't trinitarians believe that there could be others that are not revealed specifically through scripture, or that we can attribute multiple \"persons\" to a single concept of Father or Holy Spirit?", "top5_tags": "us-citizens, united-states, mexico, usa, air-travel", "answer_only_title_pers": [{"generated_text": " Title: Biblical Evidence of the Trinity's Three Persons\n\nThe concept of the Trinity, which refers to the belief in one God in three persons (Father, Son, and Holy Spirit), is a fundamental doctrine in Christianity. While the question you've asked is related to air travel and interests in the United States, Mexico, and the United States, we can still explore the biblical evidence supporting the belief in the Trinity.\n\n1. The Shema (Deuteronomy 6:4): The Shema is a central Jewish prayer that declares the oneness of God. Christians interpret this verse as a foundation for the Trinity, as it emphasizes the unity of God while acknowledging the existence of multiple divine beings.\n\n2. The Great Commission (Matthew 28:19): In this verse, Jesus instructs his disciples to \"go and make disciples of all nations, baptizing them in the name of the Father and of the Son and of the Holy Spirit.\" This passage highlights the distinct roles of the Father, Son, and Holy Spirit, reinforcing the concept of the Trinity.\n\n3. The Baptism of Jesus (Matthew 3:16-17): In this passage, Jesus is baptized by John the Baptist, and the voice of the Father is heard from heaven, saying, \"This is my Son, whom I love; with him, I am well pleased.\" This event demonstrates the distinctiveness of the three persons of the Trinity, as the voice of the Father is separate from the Son.\n\n4. The Apostolic Decree (Acts 15:28): The early Christian church, in its decision-making process, acknowledges the Father, Son, and Holy Spirit as the one God. This passage further supports the belief in the Trinity.\n\n5. The Nicene Creed (325 AD): The Nicene Creed, a statement of faith widely accepted by Christians, explicitly affirms the belief in one God in three persons: \"We believe in one God, the Father Almighty, Maker of heaven and earth, and of all things visible and invisible.\"\n\n6. The Gospel of John (John 1:1-14): In this passage, the Word (Logos) is identified as Jesus Christ, the Son of God, who existed with the Father before all creation. The Gospel of John emphasizes the distinctiveness of the Son and the Father, while also affirming their unity in the Godhead.\n\n7. The Apostle Paul's Letters (Romans 8:9-11; 1 Corinthians 8:6): In these passages, Paul discusses the relationship between the Father, Son, and Holy Spirit, emphasizing their distinct roles while maintaining their unity in the one God.\n\nThese biblical passages provide evidence for the belief in the Trinity, which consists of three distinct persons: the Father, the Son, and the Holy Spirit. While the question you've asked is not directly related to the Trinity, understanding this doctrine is essential for Christians worldwide, including those in the United States, Mexico, and the United States."}], "answer_with_body_pers": [{"generated_text": " The question you've asked pertains to theological concepts within Christianity, specifically the doctrine of the Trinity. While the interests you've mentioned (U.S. citizens, United States, Mexico, and air travel) are not directly relevant to the theological discussion, I'll provide a focused answer on the Biblical evidence for the Trinity as understood in Christian doctrine.\n\nThe doctrine of the Trinity, which posits that God exists as three distinct persons (Father, Son, and Holy Spirit) in one divine essence, is not explicitly detailed in the Bible. However, several passages are interpreted by Christians as evidence for this belief. Here are some key scriptures that support the idea of three persons in the Godhead:\n\n1. Matthew 28:19 - \"Go therefore and make disciples of all nations, baptizing them in the name of the Father and of the Son and of the Holy Spirit.\"\n\nThis verse is often cited as evidence for the Trinity because it explicitly mentions the Father, Son, and Holy Spirit as distinct entities involved in the act of baptism.\n\n2. Matthew 28:18 - \"But go and make disciples of all nations, baptizing them in the name of the Father and of the Son and of the Holy Spirit.\"\n\nSimilar to Matthew 28:19, this verse also emphasizes the distinct roles of the Father, Son, and Holy Spirit in the process of discipleship and baptism.\n\n3. John 1:1-14 - The Prologue of the Gospel of John introduces the concept of the Word (Logos) being with God and being God. The Word becomes flesh in the person of Jesus Christ, and the Holy Spirit is sent to dwell within believers.\n\nThis passage is significant because it presents the relationship between the Father, the Son (Jesus Christ), and the Holy Spirit, suggesting a triune nature of God.\n\n4. Colossians 1:15-20 - Paul writes about the Son, the Father, and the Holy Spirit, emphasizing their unity and distinct roles in creation, redemption, and sanctification.\n\n5. Hebrews 1:1-3 - The author of Hebrews describes the Son as the radiance of God's glory, the exact representation of his being, and the one through whom all things were created.\n\n6. 2 Corinthians 13:14 - \"May the grace of the Lord Jesus Christ, and the love of God, and the fellowship of the Holy Spirit be with you all.\"\n\nThis verse highlights the three distinct persons of the Godhead, emphasizing their roles in the Christian experience.\n\nTrinitarians believe that these and other scriptures point to a triune God, with each person being fully God and yet distinct from the others. The idea of multiple \"persons\" within a single concept of Father or Holy Spirit is not supported by the Bible, as it consistently presents the Father, Son, and Holy Spirit as three distinct entities.\n\nWhile the concept of the Trinity is not explicitly spelled out in the Bible, Christians believe that the scriptures provide enough evidence to support the doctrine, which has been a central tenet of Christianity for centuries."}]}