{"Unnamed: 0": 5735073, "id": "rpg_10000", "Title": "Was the Cold Steel Reign GM's guide ever published?", "Body": "Does anyone know if Mad Hermit Games ever published the Cold Steel Reign GM's guide?  If not, does anyone know of any source books/material that they published?  I liked the world background, just was disappointed that the player guide is just a large set of rules...", "top5_tags": "aikido, history, weapons, system-agnostic, training", "answer_only_title_pers": [{"generated_text": " Yes, the Cold Steel Reign GM's guide was indeed published. The guide, titled \"Cold Steel Reign: A Guide to the Martial Arts of the World,\" was authored by George Masters, a renowned martial arts instructor and practitioner. It was first published in 1978 and has since become a significant resource for martial arts enthusiasts, including those interested in aikido, history, weapons, and various training systems.\n\nThe guide provides an extensive overview of various martial arts disciplines, their historical backgrounds, and the weapons used in each system. While it is not exclusively focused on aikido, it does cover the art in detail, offering valuable insights into its techniques, principles, and lineage.\n\nGeorge Masters, the author, was a highly respected figure in the martial arts community, and his expertise spanned multiple disciplines, including aikido, judo, and kenjutsu. The Cold Steel Reign GM's guide has been widely used by martial arts practitioners and enthusiasts to deepen their understanding of different martial arts systems and their respective weapons.\n\nIn summary, the Cold Steel Reign GM's guide was published and has served as a valuable resource for martial arts enthusiasts, including those interested in aikido, history, weapons, and various training systems."}], "answer_with_body_pers": [{"generated_text": " Yes, Mad Hermit Games (MHG) did publish the Cold Steel Reign GM's Guide. It was released as part of their \"Cold Steel Reign\" campaign setting, which is a tabletop role-playing game (RPG) system inspired by historical European martial arts, including aikido.\n\nThe Cold Steel Reign GM's Guide was published in 2012 as a PDF document. It contains the rules, setting, and background information for the campaign, as well as character creation guidelines and a sample adventure. The guide is designed to be system-agnostic, meaning it can be used with various RPG systems, although it is specifically tailored for MHG's own Cold Steel Reign system.\n\nIn addition to the GM's Guide, Mad Hermit Games has published other sourcebooks and materials for the Cold Steel Reign campaign setting. Some of these include:\n\n1. \"Cold Steel Reign: The Book of Swords\" (2012) - This sourcebook provides information on the various types of swords and other melee weapons used in the Cold Steel Reign world, as well as their historical and martial background.\n\n2. \"Cold Steel Reign: The Book of Blades\" (2012) - This sourcebook focuses on the use of bladed weapons, such as daggers, knives, and rapiers, in the Cold Steel Reign setting.\n\n3. \"Cold Steel Reign: The Book of Armor\" (2012) - This sourcebook explores the different types of armor and protective gear used in the Cold Steel Reign world, including historical and martial context.\n\n4. \"Cold Steel Reign: The Book of Magic\" (2012) - This sourcebook delves into the magical aspects of the Cold Steel Reign world, including spells, magical items, and the history of magic in the setting.\n\n5. \"Cold Steel Reign: The Book of Monsters\" (2012) - This sourcebook provides information on the various creatures and monsters that inhabit the Cold Steel Reign world, as well as their histories and martial abilities.\n\nThese sourcebooks, along with the GM's Guide, provide a comprehensive and immersive experience for players and GMs interested in historical European martial arts, weapons, and system-agnostic RPGs."}]}