{"Unnamed: 0": 8048801, "id": "workplace_103794", "Title": "Why does HR request I bring a birth certificate or passport to interview?", "Body": "I've completed my phone screen with the company about a week ago, and they are now scheduling me for an onsite interview. However, they are asking me to bring either my birth certificate or passport with me. This is the first time I've been asked this as part of the job interviewing process. They had asked me in the phone screen whether or not I was a US citizen, I am, but I've been asked that numerous times before and have never been required to show my birth certificate. What's the purpose behind showing a birth certificate or passport before even finishing the interview process?", "top5_tags": "interviewing, united-states, internship, email, salary", "answer_only_title_pers": [{"generated_text": " HR typically requests a birth certificate or passport during an interview process, especially for positions in the United States, to verify your identity and legal eligibility to work in the country. This is a standard procedure to ensure compliance with immigration and employment laws.\n\nWhen applying for an internship or a job in the United States, HR departments may require you to provide a birth certificate or passport as part of the background check process. This helps them confirm your identity and nationality, ensuring that you meet the necessary requirements to work legally in the country.\n\nIf you are asked to provide these documents during an interview, it is essential to respond promptly and provide the requested information via email or any other communication method specified by the HR department. While the salary discussion may not be directly related to the request for a birth certificate or passport, it is still crucial to address all aspects of the interview process, including any documentation requirements.\n\nIn summary, HR requests a birth certificate or passport to verify your identity and legal eligibility to work in the United States during an interview for an internship or job opportunity. It is essential to provide these documents as requested to ensure a smooth and compliant hiring process."}], "answer_with_body_pers": [{"generated_text": " The request for a birth certificate or passport during the interview process, particularly for a position in the United States, is likely due to the company's need to verify your identity and citizenship status. While it may seem unusual to ask for these documents before completing the interview process, there are several reasons why a company might require this information:\n\n1. Legal compliance: Certain positions, especially those involving access to sensitive information or security clearances, may require the company to verify the applicant's identity and citizenship status. This is to ensure that the company is in compliance with federal laws and regulations.\n\n2. Background checks: The company may be conducting a thorough background check on all applicants, including verifying their identity and citizenship status. This is a common practice for many organizations, particularly those in the government or defense sectors.\n\n3. Internship or work visa: If the position you are applying for is an internship or requires a work visa, the company may need to verify your citizenship status and eligibility to work in the United States. This is to ensure that the company is not inadvertently violating any immigration laws.\n\n4. Security clearance: If the position you are applying for requires a security clearance, the company may need to verify your identity and citizenship status as part of the clearance process.\n\nIn your case, since you mentioned that the company asked you about your US citizenship during the phone screen, it is possible that they are conducting a background check or verifying your eligibility for the position. Bringing your birth certificate or passport to the onsite interview will help the company confirm your identity and citizenship status, ensuring that they are in compliance with any relevant laws and regulations.\n\nTo address this request, you can email the HR representative or the person responsible for the interview process, politely asking for clarification on the reason behind the request. This will help you better understand the company's requirements and ensure that you are prepared for the onsite interview."}]}