{"Unnamed: 0": 5730488, "id": "philosophy_38559", "Title": "Is there a name for, \"there's a time and a place for that\" fallacy?", "Body": "This is something all activists have dealt with at some point in time. You present the best form of your argument only to have someone dismiss it outright because, \"it's not the time or the place for that\".Of course, asking when an appropriate time or place is results in scoffs or scowls, but the question is not answered. Even Martin Luther King Jr. had to address this ideology (\"The time is always right to do what is right.\")Sometimes it is wrong to protest in certain places and times, such as the funerals of soldiers, but assume that the protest is topical with the location/time.Is there a name for this invalidation of arguments based on location and timing?", "top5_tags": "macos, terminology, fallacies, identify-this-movie, animation", "answer_only_title_pers": [{"generated_text": " The phrase \"there's a time and a place for that\" is often used to dismiss an argument or behavior as inappropriate for a given context. However, in the realm of logical fallacies, there isn't a specific name that directly corresponds to this exact phrase. Nevertheless, the underlying concept can be related to a few fallacies.\n\nOne possible connection is to the \"Red Herring\" fallacy, which involves diverting attention from the main issue by introducing an irrelevant topic. In this case, the phrase might be used to distract from the argument at hand by emphasizing the context rather than addressing the substance of the argument.\n\nAnother related fallacy is the \"Ad Hominem\" fallacy, where an argument is dismissed based on the person making the argument rather than the argument itself. The phrase \"there's a time and a place for that\" could be used to discredit an argument by implying that it is inappropriate for the current situation, rather than addressing the merits of the argument.\n\nWhile there isn't a specific name for the \"there's a time and a place for that\" fallacy, understanding its connection to other fallacies can help identify and address it in discussions."}], "answer_with_body_pers": [{"generated_text": " The fallacy you're referring to is commonly known as the \"Ad Hominem Circumstantial\" fallacy or more specifically, the \"Ad Hominem Abusive\" fallacy. However, the scenario you've described aligns more closely with the \"Genetic Fallacy,\" which involves dismissing an argument based on its origin or context rather than its merits. In the context of timing and appropriateness, it's not a widely recognized fallacy with a specific name, but the principles of the Genetic Fallacy can be applied to understand why dismissing an argument solely based on when or where it's presented is fallacious.\n\nIn the case of activism and social justice, the dismissal of an argument due to its timing or location can be seen as a form of the \"Ad Hominem Circumstantial\" fallacy, where the circumstances (time and place) are used to undermine the argument rather than addressing its content. This fallacy can hinder productive dialogue and the pursuit of justice, as it shifts the focus from the argument's validity to external factors.\n\nWhile there isn't a specific fallacy name for this scenario, understanding the principles of the Genetic Fallacy and the Ad Hominem Circumstantial fallacy can help identify and address such dismissals in discussions."}]}