{"Unnamed: 0": 5658213, "id": "musicfans_1", "Title": "What does it mean for an album to be remastered?", "Body": "There are times when older albums get re-released as a remastered version.  What is the difference between the original version and the remastered version? ", "top5_tags": "theory, terminology, dnd-5e, history, notation", "answer_only_title_pers": [{"generated_text": " A remastered album refers to a process where an existing album, typically a collection of music recordings, is enhanced and improved in terms of sound quality, clarity, and overall audio experience. This process involves the use of advanced audio technology and techniques to refine the original recordings, often resulting in a more polished and immersive listening experience for the audience.\n\nIn the context of music theory and terminology, remastering an album can involve several aspects, such as:\n\n1. Equalization: Adjusting the balance of frequencies to ensure that each instrument and vocal track is well-defined and distinct.\n2. Dynamic range compression: Reducing the difference between the loudest and softest parts of the music to create a more consistent and balanced sound.\n3. Noise reduction: Minimizing background noise and unwanted artifacts to improve the overall clarity of the recordings.\n4. Stereo imaging: Enhancing the spatial separation of instruments and vocals to create a more immersive and realistic soundstage.\n5. Mastering: The final step in the remastering process, which involves fine-tuning the overall sound of the album, ensuring that it translates well across various playback systems and formats.\n\nWhile remastering an album is primarily related to the music industry, the concept of refining and improving an existing work can be compared to the Dungeons & Dragons (D&D) 5th Edition (D&D-5e) concept of \"revision\" or \"revision of lore.\" In D&D-5e, revision refers to the process of updating and improving the game's rules, mechanics, and lore to enhance the overall experience for players and maintain relevance in the evolving gaming landscape.\n\nIn terms of history, remastering albums has become increasingly common as technology has advanced, allowing producers and engineers to create more accurate and high-quality versions of classic recordings. This practice has helped to preserve the legacy of iconic albums and has allowed new generations of listeners to experience music in a more refined and immersive way.\n\nNotation, in the context of music, refers to the written representation of musical ideas, such as melodies, harmonies, and rhythms. While remastering an album does not directly involve notation, the improved sound quality and clarity resulting from the remastering process can make it easier for musicians and composers to study and analyze the original recordings, potentially inspiring new compositions or arrangements based on the enhanced versions of the music.\n\nIn summary, a remastered album is a refined and improved version of an existing music recording, achieved through the use of advanced audio technology and techniques. This process can enhance the overall listening experience and preserve the legacy of classic albums for future generations. While the concept of remastering is primarily related to the music industry, it can be compared to the D&D-5e concept of revision and has a historical significance in the evolution of music production. The improved sound quality resulting from remastering can also indirectly impact the study and analysis of musical notation."}], "answer_with_body_pers": [{"generated_text": " A remastered album refers to a re-release of an original music album that has undergone a process of digital enhancement and restoration to improve its sound quality, clarity, and overall listening experience. This process involves several steps, including the use of advanced audio technology and expertise from sound engineers and producers. The goal of remastering is to bring the album's sound closer to its original intent, while also ensuring it meets modern audio standards and expectations.\n\nThe remastering process typically involves the following steps:\n\n1. Digitization: The original analog recordings are converted into a digital format, which allows for more precise editing and manipulation of the audio.\n\n2. Noise reduction: Remastering engineers work to minimize background noise, hiss, and other unwanted sounds that may have been present in the original recording.\n\n3. Equalization: The audio is adjusted to balance the frequency spectrum, ensuring that all instruments and vocals are well-represented and that the overall sound is more balanced and clear.\n\n4. Dynamic range compression: This process helps to even out the volume levels, making the quieter parts more audible and the louder parts less overwhelming.\n\n5. Stereo imaging: The spatial placement of instruments and vocals is adjusted to create a more immersive and realistic listening experience.\n\n6. Mastering: The final step involves the creation of a master recording, which is a high-quality, compressed version of the remastered album that can be used for various distribution formats, such as CDs, vinyl, and digital downloads.\n\nThe remastered version of an album often differs from the original in terms of sound quality, with the remastered version typically offering a more polished, detailed, and immersive listening experience. However, it's essential to note that remastering does not change the original artistic intent of the album, but rather enhances the listener's ability to appreciate the music as intended by the original artists and producers.\n\nIn the context of music history, remastered albums can provide valuable insights into the evolution of recording technology and the artistic choices made by musicians and producers over time. They can also serve as a means of preserving and celebrating the legacy of classic albums, ensuring that they continue to be enjoyed by new generations of listeners.\n\nIn summary, a remastered album is a re-release of an original music album that has undergone digital enhancement and restoration to improve its sound quality and overall listening experience. This process involves various steps, including digitization, noise reduction, equalization, dynamic range compression, stereo imaging, and mastering. Remastered albums can offer a more polished and immersive listening experience while preserving the original artistic intent of the album."}]}