{"Unnamed: 0": 165565, "id": "cooking_20372", "Title": "What role does alcoholic liquid play in cheese fondue recipes?", "Body": "Pretty much every recipe I've seen for cheese fondue includes either white wine (sometimes alongside kirsch/brandy) or some kind of beer in the delicious cheesy sauce.Why is the added liquid (seemingly) always alcoholic - as opposed to adding, say, water? Is it because beer or wine complements the other flavors in the fondue, or because milk proteins are alcohol soluble so it achieves the desired consistency? Or is there some other reason that combines those two explanations (or presents a different one entirely)?", "top5_tags": "budget, transportation, south-africa, camping, gear", "answer_only_title_pers": [{"generated_text": " Alcoholic liquid, typically wine, plays a significant role in cheese fondue recipes. It serves multiple purposes, including enhancing the flavor, acting as a tenderizer for the cheese, and helping to create a smooth, creamy texture.\n\nIn cheese fondue, the alcoholic liquid, usually a dry white wine, is combined with grated cheese, typically a blend of Gruy\u00e8re and Emmental, along with other ingredients like garlic, cornstarch, and kirsch (a cherry brandy). The alcohol in the wine helps to break down the proteins in the cheese, making it easier to melt and creating a smooth, velvety consistency.\n\nThe choice of wine can also impact the flavor of the fondue. Dry white wines, such as Chardonnay, Riesling, or Pinot Grigio, are commonly used in cheese fondue recipes. These wines have a subtle fruitiness and acidity that complement the rich, nutty flavors of the cheese.\n\nWhile the inclusion of alcoholic liquid in cheese fondue recipes is essential for achieving the desired taste and texture, it's essential to remember that alcohol should be consumed responsibly. If you're cooking for children or individuals who don't consume alcohol, you can substitute the wine with a non-alcoholic alternative, such as grape juice or a mixture of water and lemon juice, to achieve a similar flavor profile.\n\nIn summary, alcoholic liquid, particularly wine, plays a crucial role in cheese fondue recipes by enhancing the flavor, tenderizing the cheese, and contributing to the smooth, creamy texture. However, if you're cooking for individuals who don't consume alcohol, you can use a non-alcoholic substitute to achieve a similar result."}], "answer_with_body_pers": [{"generated_text": " Alcoholic liquids, such as white wine or beer, play a crucial role in cheese fondue recipes for several reasons. \n\nFirstly, the addition of alcohol enhances the flavor profile of the fondue. Alcoholic beverages like wine and beer contain various compounds that contribute to the overall taste, such as tannins, acids, and sugars. These compounds complement the rich, creamy texture of the cheese, creating a well-balanced and complex flavor experience.\n\nSecondly, alcohol acts as a solvent for milk proteins, which helps achieve the desired consistency in the fondue. Milk proteins, like casein, are not soluble in water, but they are soluble in alcohol. This solubility allows the alcohol to help break down the proteins and create a smooth, velvety texture in the fondue.\n\nWhile the primary reasons for using alcoholic liquids in cheese fondue recipes are flavor enhancement and achieving the desired consistency, it's worth noting that the alcohol content in the fondue is typically low. This is because the fondue is usually cooked over low heat, which allows the alcohol to evaporate, leaving behind the desired flavors and consistency.\n\nIn terms of budget and transportation, using alcoholic beverages in fondue recipes may not be the most cost-effective option, as they can be more expensive than water. However, the unique flavor and texture they provide may be worth the extra cost for some people.\n\nAs for camping and gear, fondue pots are typically designed to be used over an open flame, which allows the alcohol to evaporate during the cooking process. This means that you can still enjoy a delicious cheese fondue while camping, as long as you have the appropriate equipment and follow the recipe instructions carefully.\n\nIn summary, the use of alcoholic liquids in cheese fondue recipes is primarily for flavor enhancement and achieving the desired consistency. The alcohol acts as a solvent for milk proteins, which helps create a smooth and velvety texture. While there may be some cost considerations, the unique taste and texture of fondue made with alcoholic liquids can be worth the extra expense for some people."}]}