{"Unnamed: 0": 1438731, "id": "hinduism_11822", "Title": "Did any Kaurava survive the Mahabharata war?", "Body": "Did any Kaurava survive the Mahabharata war? If so, what happened to them after the war?", "top5_tags": "history, mahabharata, ramayana, astrology, rama", "answer_only_title_pers": [{"generated_text": " Yes, according to the epic Mahabharata, there were no Kaurava warriors who survived the war. The Mahabharata war, also known as the Kurukshetra war, was a significant event in Hindu mythology that took place between two groups of cousins, the Pandavas and the Kauravas, for the throne of Hastinapura.\n\nThe Kauravas, led by their eldest brother Duryodhana, were defeated by the Pandavas, led by their eldest brother Yudhishthira. The war lasted for 18 days, and the Pandavas emerged victorious. The Mahabharata narrates the deaths of all the Kaurava warriors, including their eldest brother Duryodhana, who was killed by Bhima, one of the Pandava brothers.\n\nWhile the Ramayana, another significant Hindu epic, focuses on the life and adventures of Lord Rama, it does not directly address the survival of any Kaurava warriors. However, the Ramayana does share some similarities with the Mahabharata, as both epics explore themes of dharma (righteousness) and the consequences of one's actions.\n\nAstrology, although an interesting topic, is not directly relevant to the question of whether any Kaurava warriors survived the Mahabharata war. The Mahabharata itself does not mention any astrological influences on the outcome of the war.\n\nIn summary, according to the Mahabharata, no Kaurava warriors survived the war, and the epic focuses on the events and consequences of the conflict between the Pandavas and the Kauravas."}], "answer_with_body_pers": [{"generated_text": " Yes, according to the epic Mahabharata, there were Kauravas who survived the war. The most notable survivor was Duryodhana, the eldest of the Kauravas. However, it's important to note that Duryodhana's survival was short-lived.\n\nAfter the war, Duryodhana was captured by the Pandavas and their allies. He was taken to the forest, where he was subjected to a gruesome death. The Pandavas, led by Bhima, decided to kill Duryodhana as a form of retribution for the immense suffering and injustice he had caused during the war.\n\nIn the Mahabharata, it is mentioned that Bhima, the second Pandava brother, killed Duryodhana by breaking his thigh bone. This act was considered a justified punishment for Duryodhana's role in the war and the subsequent suffering of the Pandavas and their allies.\n\nThe Mahabharata does not mention any other Kauravas surviving the war. The epic focuses on the consequences of Duryodhana's actions and the eventual downfall of the Kaurava dynasty.\n\nWhile the Ramayana and astrology are related to Hindu mythology, they do not directly address the survival of the Kauravas after the Mahabharata war. However, the Ramayana does depict the story of Rama, the prince of Ayodhya, and his battles against various adversaries, which are separate from the events of the Mahabharata.\n\nIn summary, Duryodhana, the eldest Kaurava, survived the Mahabharata war but met a tragic end at the hands of Bhima. The epic does not mention any other Kauravas surviving the war."}]}