{"Unnamed: 0": 1448441, "id": "judaism_13429", "Title": "Moshe's speech impediment(s)", "Body": "In Sh'mos 4:10, after Hashem instructs him to speak to the Jews, Moshe describes himself to Hashem as not an \"\u05d0\u05b4\u05d9\u05e9\u05c1 \u05d3\u05b0\u05bc\u05d1\u05b8\u05e8\u05b4\u05d9\u05dd\", literally \"man of words\", and as \"\u05db\u05b0\u05d1\u05b7\u05d3 \u05e4\u05b6\u05bc\u05d4\", literally \"heavy of mouth\", and \"\u05db\u05b0\u05d1\u05b7\u05d3 \u05dc\u05b8\u05e9\u05c1\u05d5\u05b9\u05df\", literally \"heavy of tongue\". In 6:12, after Hashem instructs him to speak to Par'o, Moshe describes himself to Hashem as \"\u05e2\u05b2\u05e8\u05b7\u05dc \u05e9\u05b0\u05c2\u05e4\u05b8\u05ea\u05b8\u05d9\u05b4\u05dd\", close-to-literally \"uncircumcised of lips\" (Rashi: \"sealed-up of lips\").What does each of these four refer to?", "top5_tags": "halacha, words, blessing, shabbat, minhag", "answer_only_title_pers": [{"generated_text": " Moshe Rabbeinu, the revered prophet and leader of the Israelites, is known to have had a speech impediment, which is often referred to as \"dyslalia\" or \"dyslalia phonetica.\" This condition affected his ability to articulate certain sounds and words clearly.\n\nIn the context of halacha (Jewish law), Moshe's speech impediment is not directly addressed. However, it is essential to understand that halachic rulings are based on the Torah, Talmud, and subsequent rabbinic literature. Moshe's speech impediment is mentioned in the Torah, specifically in the book of Numbers (13:33), where the Israelites express their concerns about Moshe's ability to lead them.\n\nThe Torah states, \"And the people said to Moshe, 'We have heard that you have the gift of God, to turn words into signs, and to turn signs into words.'\" This verse implies that Moshe had a unique ability to communicate God's words to the Israelites, despite his speech impediment.\n\nIn terms of words and blessings, Moshe's speech impediment did not hinder his ability to deliver the Torah and its commandments. He was able to articulate the words of the Torah and recite blessings, as evidenced by his role in the revelation of the Torah at Mount Sinai and his numerous blessings throughout the Torah.\n\nRegarding Shabbat (the Jewish Sabbath), Moshe's speech impediment did not affect his observance of Shabbat. The Torah commands the observance of Shabbat, and Moshe, as the leader of the Israelites, was expected to uphold this commandment.\n\nAs for minhag (Jewish customs), there are no specific minhagim related to Moshe's speech impediment. However, it is essential to note that the Jewish tradition values the importance of clear communication and understanding, and this is reflected in the Torah's emphasis on Moshe's unique ability to convey God's words to the Israelites.\n\nIn summary, while Moshe Rabbeinu had a speech impediment, it did not hinder his ability to fulfill his role as the leader of the Israelites, deliver the Torah, and recite blessings. The Torah acknowledges his unique ability to communicate God's words, and this is a testament to the power of his words and blessings."}], "answer_with_body_pers": [{"generated_text": " Moshe's speech impediments, as described in the Torah, can be understood in the context of his unique role as the prophet and leader of the Israelites. The four terms mentioned in the text - \"\u05d0\u05b4\u05d9\u05e9\u05c1 \u05d3\u05b0\u05bc\u05d1\u05b8\u05e8\u05b4\u05d9\u05dd\" (man of words), \"\u05db\u05b0\u05d1\u05b7\u05d3 \u05e4\u05b6\u05bc\u05d4\" (heavy of mouth), \"\u05db\u05b0\u05d1\u05b7\u05d3 \u05dc\u05b8\u05e9\u05c1\u05d5\u05b9\u05df\" (heavy of tongue), and \"\u05e2\u05b2\u05e8\u05b7\u05dc \u05e9\u05b0\u05c2\u05e4\u05b8\u05ea\u05b8\u05d9\u05b4\u05dd\" (uncircumcised of lips) - each refer to different aspects of Moshe's speech and communication abilities.\n\n1. \"\u05d0\u05b4\u05d9\u05e9\u05c1 \u05d3\u05b0\u05bc\u05d1\u05b8\u05e8\u05b4\u05d9\u05dd\" (man of words): This term is used in Sh'mos 4:10 when Moshe describes himself to Hashem as not being a \"man of words.\" This implies that Moshe may not have been considered a skilled orator or a master of eloquence. However, this does not necessarily mean that Moshe was incapable of speaking or communicating effectively. Rather, it suggests that his speech may not have been characterized by flowery or poetic language.\n\n2. \"\u05db\u05b0\u05d1\u05b7\u05d3 \u05e4\u05b6\u05bc\u05d4\" (heavy of mouth): In the same verse, Moshe describes himself as \"heavy of mouth.\" This term can be interpreted as Moshe having a somewhat slow or deliberate speaking style. It may also suggest that he was not a fast or fluent speaker. However, this characteristic did not hinder his ability to convey the message of Hashem to the Israelites.\n\n3. \"\u05db\u05b0\u05d1\u05b7\u05d3 \u05dc\u05b8\u05e9\u05c1\u05d5\u05b9\u05df\" (heavy of tongue): In Sh'mos 6:12, Moshe describes himself to Hashem as \"heavy of tongue\" after being instructed to speak to Par'o. This term, like \"heavy of mouth,\" can be understood as Moshe having a somewhat slow or deliberate speaking style. It may also suggest that he was not a fast or fluent speaker. However, this characteristic did not prevent him from fulfilling his mission to deliver the message of Hashem to the Israelites.\n\n4. \"\u05e2\u05b2\u05e8\u05b7\u05dc \u05e9\u05b0\u05c2\u05e4\u05b8\u05ea\u05b8\u05d9\u05b4\u05dd\" (uncircumcised of lips): In the same verse, Moshe describes himself as \"uncircumcised of lips\" after being instructed to speak to Par'o. This term is used metaphorically to describe Moshe's speech impediment. The Hebrew word \"\u05e2\u05b2\u05e8\u05b7\u05dc\" (aral) can be translated as \"uncircumcised\" or \"unclipped.\" In this context, it refers to Moshe's lips not being able to articulate words as smoothly as others. This may have been due to a physical condition or a speech impediment, but it did not prevent him from effectively communicating the message of Hashem to the Israelites.\n\nIn summary, Moshe's speech impediments, as described in the Torah, refer to his deliberate and somewhat slow speaking style. However, these characteristics did not hinder his ability to fulfill his role as the prophet and leader of the Israelites. In terms of halacha, words, blessing, Shabbat, and minhag, Moshe's speech impediments do not have a direct impact on these areas. However, his unique communication style may have influenced the way in which he delivered his teachings and the manner in which the Israelites received and understood his message."}]}