{"Unnamed: 0": 159041, "id": "buddhism_1", "Title": "Is there an equivalent of heaven and hell in Buddhism?", "Body": "According to most sources, a soul stays in samsara until it concentrates enough karma to get yet another rebirth.However, I failed to find any sources explaining if this process is eternal. In other words, what happens if a soul has committed so many sins that it's unable to accumulate enough karma? Or, in other words, is there a \"dead end\" when no more rebirth is possible?", "top5_tags": "united-states, russian-federation, ukraine, russia, terrorism", "answer_only_title_pers": [{"generated_text": " In Buddhism, the concepts of heaven and hell as understood in some other religions do not exist in the same way. Instead, Buddhism teaches about realms of existence that are influenced by one's actions, known as karma.\n\nThe Buddhist cosmology consists of six realms, which are:\n\n1. The God Realm (Deva) - This is a realm of pleasure and abundance, but it is not considered a permanent state. Beings in this realm are still subject to the cycle of birth and death (samsara).\n\n2. The Demi-God Realm (Asura) - These beings are powerful and ambitious, but they are also prone to jealousy and conflict. Like the God Realm, this is not a permanent state.\n\n3. The Human Realm - This is considered the most favorable realm for spiritual growth, as it provides the opportunity to practice the Dharma (Buddhist teachings) and attain enlightenment.\n\n4. The Animal Realm - Beings in this realm are subject to instinctual desires and lack the ability to reason.\n\n5. The Hungry Ghost Realm (Preta) - These beings are tormented by insatiable hunger and thirst, and they are often depicted as having large heads and small stomachs.\n\n6. The Hell Realm (Naraka) - This realm is a place of suffering and torment for those who have committed grave offenses. However, it is not eternal, and beings can be reborn in a more favorable realm after their time in hell.\n\nThe ultimate goal in Buddhism is to escape the cycle of birth and death (samsara) and attain Nirvana, a state of complete liberation and enlightenment. This is achieved through the practice of the Noble Eightfold Path, which includes right understanding, right intention, right speech, right action, right livelihood, right effort, right mindfulness, and right concentration.\n\nWhile the concepts of heaven and hell in Buddhism are not equivalent to those in other religions, the idea of consequences for one's actions is a central theme in Buddhist teachings. The realms of existence are a reflection of the karmic results of one's actions, and the ultimate goal is to transcend these realms and attain enlightenment."}], "answer_with_body_pers": [{"generated_text": " In Buddhism, the concepts of heaven (Sukh\u0101vat\u012b) and hell (Naraka) as eternal realms are not as explicitly defined as in some other religions. However, Buddhism does have a concept of realms of existence, which can be seen as somewhat analogous to the idea of heaven and hell.\n\nAccording to Buddhist teachings, the cycle of birth, death, and rebirth (samsara) is driven by karma, which is the result of one's actions. The quality of one's karma determines the realm of rebirth, ranging from higher realms of pleasure and happiness to lower realms of suffering and torment.\n\nThe highest realm in Buddhism is the realm of the gods (Deva), which is a state of bliss and happiness. However, it is not an eternal state, as beings in this realm are still subject to the cycle of samsara and will eventually be reborn into another realm based on their karma.\n\nThe lowest realms in Buddhism are the hells (Naraka), where beings experience intense suffering. These realms are also not eternal, as beings are reborn after a certain period of time, depending on the severity of their karma.\n\nThe ultimate goal in Buddhism is to achieve enlightenment (nirvana), which is the cessation of the cycle of samsara and the end of suffering. This is achieved by following the Noble Eightfold Path, which includes right understanding, right intention, right speech, right action, right livelihood, right effort, right mindfulness, and right concentration.\n\nRegarding the question of whether there is a \"dead end\" when no more rebirth is possible, Buddhism teaches that there is no permanent self or soul that transmigrates from one life to another. Instead, it is a continuum of consciousness that is shaped by one's karma. Therefore, the concept of a \"dead end\" is not applicable in Buddhism.\n\nIn summary, while Buddhism does not have an exact equivalent of heaven and hell as eternal realms, it does have realms of existence that are influenced by one's karma. The ultimate goal is to achieve enlightenment and break free from the cycle of samsara."}]}