{"Unnamed: 0": 201099, "id": "freelancing_656", "Title": "Is pet business insurance required for a dog walking business?", "Body": "My fiance has decided that she wants to start a dog walking business here in Florida.  We've already discussed her forming an LLC to protect her from liability but she also mentioned having dog walking insurance (like this).  I'm a software developer and have only ever freelanced or started a business in that field so I don't know much about dog walking businesses.Is this dog walking or pet business insurance necessary for starting a dog walking business?  If it's not required, is it recommended and/or beneficial to have it or is it just a wasted expense?", "top5_tags": "eyeshield-21, kingdoms-of-amalur-reckoning, xbox-360, call-of-duty-black-ops-2, castlevania-lords-of-shadow", "answer_only_title_pers": [{"generated_text": " While the interests you mentioned, such as eyeshield-21, kingdoms-of-amalur-reckoning, xbox-360, call-of-duty-black-ops-2, and castlevania-lords-of-shadow, are great games, they don't directly relate to the topic of pet business insurance for a dog walking business.\n\nTo answer your question, whether pet business insurance is required for a dog walking business depends on various factors, including the specific laws and regulations in your area, the size and scope of your business, and your personal risk tolerance.\n\nIn many cases, having pet business insurance can be beneficial for a dog walking business. This type of insurance can help protect you from potential liabilities, such as accidents or injuries that may occur while you're walking dogs. It can also provide coverage for any damages to your equipment or property.\n\nWhile it may not be legally required in all areas, having pet business insurance can help you manage risks and protect your business from unexpected events. It's always a good idea to consult with an insurance professional to determine the best coverage for your specific needs and circumstances."}], "answer_with_body_pers": [{"generated_text": " Based on the information provided, the user's interests in video games and software development are not directly relevant to the question about pet business insurance for a dog walking business. Here's a direct answer to your question:\n\nWhile pet business insurance may not be legally required for a dog walking business in Florida, it is highly recommended and beneficial to have it. Dog walking businesses, like any other businesses that involve physical activities and potential risks, can face liability issues if an accident or injury occurs during the service. Having pet business insurance can help protect your fianc\u00e9e from potential financial losses due to lawsuits, property damage, or other liabilities.\n\nInsurance policies for pet businesses typically cover general liability, which can help cover legal fees and damages in case of accidents or injuries. Some policies may also include coverage for professional liability, which can protect against claims related to negligence or errors in service.\n\nIn addition to the potential benefits of having insurance, it can also help build trust with clients, as they may feel more secure knowing that their pets are in the care of a business with proper insurance coverage.\n\nIn summary, while pet business insurance may not be mandatory, it is highly recommended for a dog walking business to protect against potential liabilities and to provide peace of mind for both the business owner and clients."}]}