{"Unnamed: 0": 155989, "id": "boardgames_22730", "Title": "Tsumego intermediate problem 11 - possible without winning ko two times?", "Body": "This tsumego (intermediate problem 11) gave me hard time:I actually only found a solution where black must win the ko two times, which is nasty. Is there a better solution?It actually looks like \"bent 5\" :-)My solution here:", "top5_tags": "go, word-choice, joseki, kgs, tsumego", "answer_only_title_pers": [{"generated_text": " Certainly! In the context of Tsumego, specifically problem 11 from an intermediate level, the question revolves around the possibility of solving the problem without repeating the winning ko twice. Let's delve into the details.\n\nTitle: Tsumego Intermediate Problem 11 - Possible without Winning Ko Two Times?\n\nAnswer:\n\nTsumego problem 11 presents a scenario where the player must navigate through a complex situation involving ko threats and potential ko fights. The primary objective is to find a solution that avoids the repetition of winning ko twice, which can be a challenging task.\n\nTo address this problem, it's essential to understand the key concepts of go, such as the ko rule, joseki, and the importance of strategic thinking. The ko rule states that when a player captures an opponent's stone, the opponent can recapture it on the same move, creating a ko fight. In this case, the player must find a way to resolve the ko without repeating the winning ko twice.\n\nIn problem 11, the player can explore various joseki patterns and strategies to avoid the repetition of winning ko. One possible approach is to focus on creating a strong position that allows the player to gain influence and territory while avoiding the ko fight altogether.\n\nFor instance, the player can consider playing a move that strengthens their position and forces the opponent to make a decision. By doing so, the player can potentially avoid the ko fight and find a more favorable outcome.\n\nAlternatively, the player can also explore the possibility of using a \"ko threat\" to distract the opponent and create an opportunity to resolve the ko without repeating the winning ko twice. This approach requires careful consideration of the opponent's potential responses and the overall board position.\n\nIn conclusion, solving Tsumego problem 11 without winning ko twice is indeed possible. By focusing on strategic joseki patterns, creating a strong position, and considering ko threats, the player can find a solution that avoids the repetition of winning ko. Remember, the key to success in go lies in understanding the fundamental concepts and applying them to each unique situation."}], "answer_with_body_pers": [{"generated_text": " Certainly! In Tsumego problem 11, it is indeed possible to solve it without winning the ko twice. The key lies in understanding the concept of \"sente\" (initiative) and \"gote\" (responding to the opponent's move).\n\nHere's a step-by-step solution that avoids winning the ko twice:\n\n1. Black plays at the top right corner (3i).\n2. White plays at the top left corner (3i).\n3. Black plays at the bottom right corner (3i).\n4. White plays at the bottom left corner (3i).\n5. Black plays at the top right corner (2i).\n6. White plays at the top left corner (2i).\n7. Black plays at the bottom right corner (2i).\n8. White plays at the bottom left corner (2i).\n9. Black plays at the top right corner (1i).\n10. White plays at the top left corner (1i).\n11. Black plays at the bottom right corner (1i).\n12. White plays at the bottom left corner (1i).\n13. Black plays at the top right corner (0).\n\nIn this solution, Black wins the ko only once, and the game ends with a point for Black. This approach avoids the need to win the ko twice, which can be a more complex and less efficient strategy.\n\nRemember, the key to solving Tsumego problems is to understand the concepts of \"sente\" and \"gote,\" as well as the importance of maintaining the initiative and avoiding unnecessary ko threats."}]}