{"Unnamed: 0": 5732597, "id": "politics_210", "Title": "Has there been a headless state?", "Body": "Has there been a state without an office satisfying the definition of a head of state? This question is mostly about the modern times because I'm not sure if we can give a satisfactory definition for outdated political systems. Please feel free to comment on this, but still the main focus of this question is on the modern world.", "top5_tags": "head-of-state, communism, economy, political-system, legislative-process", "answer_only_title_pers": [{"generated_text": " Yes, there have been instances in history where a country has experienced a \"headless state,\" where the traditional head-of-state position was either absent or significantly weakened. One notable example is the Soviet Union, which was a communist state with a unique political system and legislative process.\n\nThe Soviet Union, officially known as the Union of Soviet Socialist Republics (USSR), was established in 1922 and dissolved in 1991. It was a one-party state governed by the Communist Party, with the General Secretary serving as the de facto head of the state. The head-of-state position was not a separate office but rather a role held by the General Secretary, who was the most powerful political figure in the country.\n\nDuring the Soviet era, the head-of-state role was not a ceremonial position, as it is in many modern democracies. Instead, the General Secretary held significant power and influence over the country's political, economic, and legislative systems. The Soviet Union's political system was based on a centralized, authoritarian structure, with the Communist Party controlling all aspects of governance.\n\nThe Soviet economy was centrally planned and controlled by the state, with the government making all decisions regarding production, distribution, and pricing. The legislative process in the Soviet Union was also unique, as the Supreme Soviet, the highest legislative body, was largely a rubber-stamp institution, with the Communist Party's Central Committee holding the real power.\n\nIn summary, the Soviet Union can be considered a headless state in the sense that the traditional head-of-state position was not a separate office but rather a role held by the General Secretary of the Communist Party. The country's political system, economy, and legislative process were all heavily influenced by the party's centralized control. However, it is essential to note that the term \"headless state\" is not commonly used in historical or political discourse, and the Soviet Union's unique political structure is better understood as a one-party state with a centralized, authoritarian system."}], "answer_with_body_pers": [{"generated_text": " Yes, there have been instances in modern history where a state has operated without a traditional head of state, particularly in the context of communist regimes. The most notable example is the Soviet Union, which, after the death of its first leader, Vladimir Lenin, experienced a period without a single, universally recognized head of state.\n\nFollowing Lenin's death in 1924, the Soviet Union was led by a collective leadership, which included the Politburo, a group of top party officials. This collective leadership was not a head of state in the traditional sense, as power was not concentrated in a single individual. Instead, it was shared among several members, with Joseph Stalin eventually emerging as the de facto leader.\n\nHowever, it is essential to note that the Soviet Union's political system was not entirely headless. The country had a nominal head of state, the Chairman of the Presidium of the Supreme Soviet, but this position was largely ceremonial and did not hold the same power as a traditional head of state.\n\nAnother example is the People's Republic of China, which, after the death of Mao Zedong in 1976, experienced a period of collective leadership under the Chinese Communist Party's Politburo Standing Committee. Although the position of President was established in 1982, the role was largely symbolic, and the real power was held by the General Secretary of the Communist Party, who was the de facto head of state.\n\nIn both cases, the absence of a single, universally recognized head of state was a result of the political systems in place, which were based on communist ideologies. These systems prioritized collective leadership and the party's central role in governance over the traditional concept of a head of state.\n\nWhile these examples demonstrate that there have been states without a traditional head of state, it is essential to consider that the definition of a head of state can vary depending on the political system and historical context. In modern times, most states have a clear head of state, whether it is a president, monarch, or other figurehead. However, the examples of the Soviet Union and China illustrate that there have been instances where a state operated without a single, universally recognized head of state."}]}