{"Unnamed: 0": 8047789, "id": "vegetarianism_1935", "Title": "Are McDonald's fries vegan in Canada?", "Body": "I've heard mixed information about whether McDonald's fries are vegan. There's mixed information about flavourings used in manufacture, or different fats used for deep frying. Even this recent Reddit thread seems to have mixed information. And since it varies by country, I'll ask this question in the context of Canada specifically.Are McDonald's fries vegan in Canada?", "top5_tags": "veganism, macos, nutrition, health, canada", "answer_only_title_pers": [{"generated_text": " Yes, McDonald's fries in Canada are considered vegan. This means that they do not contain any animal-derived ingredients, making them suitable for vegans. However, it's important to note that while the fries themselves are vegan, the preparation process may involve the use of animal-derived ingredients such as beef tallow for frying. McDonald's Canada offers a vegetarian option, which is also vegan-friendly, as it does not contain any animal products.\n\nAs a vegan, you may be interested in the nutritional content of McDonald's fries. A standard serving of McDonald's fries in Canada contains approximately 310 calories, 15 grams of fat, 38 grams of carbohydrates, and 3 grams of protein. It's essential to consider that these fries are deep-fried, which means they are high in fat and calories.\n\nIn terms of health, it's generally recommended to consume fried foods in moderation, as they can contribute to an increased risk of heart disease and other health issues. As a vegan, you may be interested in exploring healthier alternatives to McDonald's fries, such as baked sweet potato fries or homemade fries made with plant-based oils.\n\nWhile McDonald's fries are vegan in Canada, it's essential to be aware of the potential use of animal-derived ingredients in the preparation process. If you're a vegan, you may want to consider the vegetarian option or explore other vegan-friendly menu items at McDonald's Canada."}], "answer_with_body_pers": [{"generated_text": " In Canada, McDonald's fries are considered vegan. The primary ingredients in McDonald's fries are potatoes, vegetable oil, and salt. These ingredients are all plant-based and do not contain any animal products, which aligns with vegan dietary guidelines.\n\nHowever, it's essential to note that some of the flavorings and additives used in the fries may not be vegan. For example, some countries use beef-based flavorings, but in Canada, McDonald's uses plant-based flavorings. It's always a good idea to check with the restaurant directly if you have concerns about specific ingredients.\n\nAs for nutrition and health, McDonald's fries are high in carbohydrates and fats, primarily from the potatoes and vegetable oil used in their preparation. While they can be enjoyed as part of a balanced diet, it's essential to consume them in moderation due to their high calorie and fat content.\n\nIn summary, McDonald's fries in Canada are vegan, but it's always a good idea to check with the restaurant about specific ingredients if you have concerns. As with any fast food, moderation is key to maintaining a healthy diet."}]}