{"Unnamed: 0": 1456596, "id": "law_26371", "Title": "Does quoting a line from a film infringe copyright?", "Body": "I want to quote a line from a film in my novel. Specifically:  \"Don't ever lose your sense of humour, Dan. Don't ever lose your sense  of humour.\"From About Last Night (1986). So, it's not a long excerpt, just two sentences.I know I can't quote a single line from a song without incurring expensive permission fees. But, that's a short body of work. Does it apply to movies, too?", "top5_tags": "creative-writing, fiction, novel, england-and-wales, word-usage", "answer_only_title_pers": [{"generated_text": " Quoting a line from a film can potentially infringe copyright, but it largely depends on the context in which the quote is used and the extent to which it is reproduced. In the realm of creative writing, fiction, and novel writing, the use of film quotes can be a complex issue, particularly in England and Wales where copyright laws are stringent.\n\nIn general, copyright law protects original works of authorship, including film scripts, dialogue, and other creative elements. When a film is released, the copyright owner has exclusive rights to reproduce, distribute, and display the work. This means that using a film quote without permission from the copyright holder could be considered an infringement.\n\nHowever, there are certain exceptions and limitations to copyright law that may allow for the use of film quotes in creative writing. One such exception is the \"fair use\" doctrine, which permits limited use of copyrighted material without permission for purposes such as criticism, comment, news reporting, teaching, scholarship, or research.\n\nWhen quoting a line from a film in a creative work, it is essential to consider the following factors to determine whether it may be considered fair use:\n\n1. Purpose and character of the use: If the quote is used for transformative purposes, such as to create a new work or provide commentary, it may be more likely to be considered fair use.\n\n2. Nature of the copyrighted work: Using a quote from a factual or non-fictional work may be more likely to be considered fair use than using a quote from a highly creative work.\n\n3. Amount and substantiality of the portion used: Using a small, non-essential portion of the quote may be more likely to be considered fair use than using a significant portion or the \"heart\" of the work.\n\n4. Effect of the use on the potential market for the original work: If the use of the quote does not negatively impact the market for the original film, it may be more likely to be considered fair use.\n\nIn England and Wales, the Copyright, Designs and Patents Act 1988 governs copyright law. The Act provides a list of exceptions and limitations to copyright, including fair dealing for the purposes of criticism, review, and news reporting. However, fair dealing is a narrower concept than fair use, and it is essential to carefully consider the factors mentioned above when using film quotes in creative writing.\n\nIn conclusion, quoting a line from a film in creative writing can potentially infringe copyright, but it may be permissible under the fair use doctrine or other exceptions and limitations. It is crucial to consider the context and extent of the quote's use, as well as the potential impact on the original work's market, to determine whether it may be considered fair use. When in doubt, it is always best to seek permission from the copyright holder or consult with a legal professional."}], "answer_with_body_pers": [{"generated_text": " Quoting a line from a film in your novel can potentially infringe copyright, depending on the jurisdiction and the specific circumstances. In the context of England and Wales, copyright law protects original works of authorship, including film scripts.\n\nWhen you quote a line from a film, you are using a portion of the film's copyrighted material. However, there are some exceptions and limitations to copyright law that may allow you to quote a line without infringing copyright.\n\nOne such exception is the \"fair use\" doctrine, which is a legal concept in the United States that allows limited use of copyrighted material without permission from the copyright holder. However, this doctrine is not applicable in England and Wales, as the country follows the \"fair dealing\" principle.\n\nIn England and Wales, fair dealing allows the use of copyrighted material for specific purposes, such as research, criticism, review, and parody. If your novel can be considered a parody or satire, you may be able to quote the line from the film without infringing copyright. However, it is essential to ensure that your use of the quote falls within the boundaries of fair dealing and does not negatively impact the market for the original work.\n\nIf your novel is not a parody or satire, you may need to seek permission from the copyright holder to use the line from the film. This could involve contacting the film's production company or the rights holder to request permission and potentially pay a licensing fee.\n\nIn summary, quoting a line from a film in your novel may infringe copyright in England and Wales, but there are exceptions and limitations to consider. If your novel is a parody or satire, you may be able to use the quote under fair dealing. Otherwise, you may need to seek permission from the copyright holder."}]}