{"Unnamed: 0": 1432226, "id": "gardening_24226", "Title": "What is this small red fruit with a passion fruit like pulp inside?", "Body": "Can anyone identify this fruit?  Its ripening now, which is early autumn here in New Zealand.", "top5_tags": "brazilian-jiu-jitsu, equipment, gi, uniform, history", "answer_only_title_pers": [{"generated_text": " The small red fruit you are referring to is likely the pitaya, also known as the dragon fruit or pitahaya. While it may not directly relate to Brazilian Jiu-Jitsu, its unique characteristics and flavor can still be of interest.\n\nThe pitaya is a tropical fruit native to Central and South America, with its origins in Mexico and South America. It has a vibrant red skin with green scales, and its flesh is white or pink, with numerous small black seeds. The fruit's pulp is similar to that of passion fruit, with a mildly sweet and slightly tangy flavor.\n\nAlthough the pitaya is not directly related to Brazilian Jiu-Jitsu, it can still be an interesting topic for those interested in the sport. For example, practitioners of Brazilian Jiu-Jitsu may appreciate the fruit's nutritional benefits, as it is rich in vitamins, minerals, and antioxidants. These nutrients can help support overall health and well-being, which is essential for athletes in any sport, including Brazilian Jiu-Jitsu.\n\nAs for the equipment, gi, and uniform, these are not directly related to the pitaya fruit. However, Brazilian Jiu-Jitsu practitioners may enjoy incorporating the fruit into their diet as part of a balanced nutrition plan to support their training and performance.\n\nIn summary, the small red fruit with a passion fruit-like pulp inside is the pitaya, a tropical fruit native to Central and South America. While it may not be directly related to Brazilian Jiu-Jitsu, its unique flavor and nutritional benefits can still be of interest to practitioners and enthusiasts of the sport."}], "answer_with_body_pers": [{"generated_text": " The fruit you are describing sounds like a Guava. Guavas are small, round fruits with a vibrant red or yellow skin, and they have a unique, sweet, and slightly tangy pulp inside, similar to passion fruit. However, it's important to note that the interests you mentioned, such as Brazilian Jiu-Jitsu, equipment, gi, and uniform, are not directly related to identifying the fruit. The guava is a tropical fruit native to Central America but is now grown in many parts of the world, including New Zealand.\n\nIf you're interested in the history of guavas, they were first cultivated in Central America and South America, and their popularity spread to other regions over time. In New Zealand, guavas are grown in various regions, and they are enjoyed fresh or used in various culinary dishes.\n\nIf you're still unsure about the fruit, you can look for images or descriptions online to confirm if it's a guava."}]}