{"Unnamed: 0": 8038123, "id": "sports_3702", "Title": "Is it allowed to play a cricket match without positioning any fielder as a wicket keeper?", "Body": "In a cricket match , there are total 11 players which we called as playing eleven who will be there fielding and batting for a side.There are different positions on which the fielders can be placed such as a gully,slip,third man etc.In a standard cricket match we can remove fielder from slip and put him at the gully or anywhere else we want(of course within and according the ICC rules for fielding positions).  My question is can we remove a wicket keeper from his position leaving  his field blank(no one behind the stumps) and make him field at the  slip?    Is it required to have a wicket keeper behind the stumps every time?    Is there any rule?", "top5_tags": "cricket, rules, history, meaning, differences", "answer_only_title_pers": [{"generated_text": " In the game of cricket, the role of a wicket-keeper is a specialized position that is crucial to the team's fielding strategy. According to the Laws of Cricket, which are maintained by the Marylebone Cricket Club (MCC), it is not allowed to play a cricket match without positioning any fielder as a wicket-keeper.\n\nLaw 24 of the Laws of Cricket states that \"A wicket-keeper may be positioned anywhere in the field of play, except when the ball is dead.\" This law implies that a wicket-keeper must be present in the field during a match, as they are responsible for catching the ball when the batsman does not hit it to the fielders.\n\nThe wicket-keeper's primary role is to prevent the batsman from scoring runs by catching the ball after it has been bowled, or by stumping the batsman when the batsman is out of their crease. The wicket-keeper is also responsible for stumping the batsman when the ball is hit in the air and lands behind the stumps.\n\nHistorically, the wicket-keeper position has evolved over time. In the early days of cricket, the wicket-keeper was not a specialized position, and fielders would catch the ball when it was bowled. However, as the game progressed, the role of the wicket-keeper became more specialized, and players began to develop specific skills to excel in this position.\n\nThe wicket-keeper's role is different from other fielding positions in cricket. While other fielders are responsible for catching the ball when it is hit to them, the wicket-keeper's primary responsibility is to catch the ball when it is bowled or to stump the batsman. This specialized role makes the wicket-keeper an essential part of the team's fielding strategy.\n\nIn conclusion, it is not allowed to play a cricket match without positioning any fielder as a wicket-keeper, as per the Laws of Cricket. The wicket-keeper's role is crucial to the team's fielding strategy, and their presence in the field is mandatory during a match."}], "answer_with_body_pers": [{"generated_text": " In accordance with the Laws of Cricket, specifically Law 24 - Wicket-Keeper, it is not allowed to play a cricket match without positioning a fielder as a wicket-keeper. The wicket-keeper is a specialized role with specific responsibilities, and their presence behind the stumps is mandatory.\n\nLaw 24 states that a wicket-keeper must be present at the wicket when the ball is being bowled. The wicket-keeper's primary role is to catch the ball, stump the batsman, or prevent the batsman from running between the wickets. The wicket-keeper is the only fielder allowed to wear gloves and external leg guards, and they must be positioned behind the stumps.\n\nWhile it is possible to replace the wicket-keeper with another fielder, such as a slip fielder, the wicket-keeper must always be present behind the stumps. The slip fielder can be positioned anywhere in the slips area, but they cannot replace the wicket-keeper's role entirely.\n\nIn summary, it is required to have a wicket-keeper behind the stumps every time a cricket match is played. The wicket-keeper's presence is essential for the proper functioning of the game, and their role cannot be replaced by another fielder."}]}