{"Unnamed: 0": 1435492, "id": "health_12032", "Title": "What type of liver is richest in Vitamin D?", "Body": "My test reports show that my Vitamin D - 25H (Hydroxyvitamin D) is 6.16 ng/ml whereas the normal range is 30 - 100 ng/ml.So, I read a few articles (e.g. medicinenet, patient.info) on the internet and they said that liver is a good source of Vitamin D.  So, which liver i.e. chicken, lamb, beef etc is best for me?", "top5_tags": "plot-explanation, sherlock, character, single-word-requests, grammaticality", "answer_only_title_pers": [{"generated_text": " The question you've asked, \"What type of liver is richest in Vitamin D?\" doesn't directly relate to the interests you've mentioned, such as plot-explanation, Sherlock, character, single-word requests, or grammaticality. However, I can provide you with the information you're seeking.\n\nThe liver is not typically associated with Vitamin D content. Instead, Vitamin D is primarily found in fatty fish, beef liver, cheese, and egg yolks. Among these, beef liver is the richest source of Vitamin D. However, it's essential to note that the liver as a whole is not a significant source of Vitamin D.\n\nIf you're interested in the Sherlock Holmes character or related topics, I can provide information on that as well. But for your current question, beef liver is the richest source of Vitamin D among the mentioned food items."}], "answer_with_body_pers": [{"generated_text": " The liver itself does not directly contain Vitamin D. However, the animal liver, such as chicken, lamb, or beef, can be a source of Vitamin D, as these animals store Vitamin D in their fat tissues. Among these, beef liver is generally considered the richest source of Vitamin D. However, it's important to note that the primary source of Vitamin D for humans is sunlight exposure and dietary intake from fortified foods or supplements. Consulting a healthcare professional for personalized advice is recommended, especially considering your Vitamin D levels are below the normal range."}]}