{"Unnamed: 0": 200106, "id": "fitness_32393", "Title": "Does temperature have more of an impact on longer runs?", "Body": "Does the impact of temperature on running performance increase with distance?This would mean something like for a 5k maybe a decrease of 3% in avg pace but for a half marathon a decrease of 8% avg pace. These numbers are just random values to try and make the question clear. Also Im asking in respect to the hot side of the ideal 50-60F running temps.", "top5_tags": "running, long-distance-running, speed, training, sprinting", "answer_only_title_pers": [{"generated_text": " Yes, temperature can have a significant impact on longer runs, particularly in the context of long-distance running. When considering the effects of temperature on running, it's essential to understand how it can influence both performance and safety.\n\nIn warmer temperatures, the body has to work harder to maintain its core temperature, which can lead to increased heart rate and higher sweat rates. This can result in a higher risk of dehydration and heat-related illnesses, such as heat exhaustion or heat stroke. These conditions can negatively affect a runner's performance and may even lead to the need for medical attention.\n\nOn the other hand, cooler temperatures can help to reduce the strain on the body, allowing runners to maintain a more consistent pace and potentially improve their overall performance. However, it's essential to note that extremely cold temperatures can also pose risks, such as hypothermia and frostbite.\n\nWhen it comes to long-distance running, the impact of temperature can be more pronounced due to the extended duration of the activity. As a runner continues to exert themselves over a longer period, the body's ability to regulate temperature becomes increasingly important. In warmer conditions, the body's cooling mechanisms, such as sweating, may become less effective over time, leading to a higher risk of overheating.\n\nTo mitigate the impact of temperature on long-distance running, it's crucial for runners to take appropriate precautions. This includes staying hydrated, wearing appropriate clothing, and adjusting their pace and training schedule to account for the temperature. For example, runners may choose to run during cooler parts of the day, such as early morning or late evening, to minimize the impact of heat.\n\nIn summary, temperature can have a more significant impact on longer runs due to the extended duration of the activity and the increased strain on the body's cooling mechanisms. By taking appropriate precautions and adjusting their training and running strategies, runners can help minimize the impact of temperature on their performance and overall safety."}], "answer_with_body_pers": [{"generated_text": " Yes, temperature can have a more pronounced impact on running performance as the distance increases. Higher temperatures, particularly on the warmer side of the ideal 50-60\u00b0F range, can lead to increased physiological stress and decreased performance.\n\nWhen running longer distances, such as a half marathon, the body's ability to regulate temperature becomes more critical. As the distance increases, the body generates more heat, and the core temperature rises. This can lead to a higher risk of heat-related illnesses, such as heat exhaustion or heat stroke.\n\nIn the scenario you provided, a 5k run might experience a 3% decrease in average pace due to the impact of temperature, while a half marathon could see an 8% decrease in average pace. This difference in performance decline is due to the increased duration and intensity of the run, which results in greater heat production and a higher demand for the body's cooling mechanisms.\n\nTo mitigate the impact of temperature on long-distance running, it is essential to train in similar conditions and adapt to the heat. This can include:\n\n1. Hydration: Drink plenty of fluids before, during, and after the run to maintain proper hydration levels.\n2. Clothing: Wear lightweight, breathable, and moisture-wicking clothing to help regulate body temperature.\n3. Pacing: Start at a slower pace to allow the body to adapt to the heat and conserve energy.\n4. Heat acclimatization: Gradually increase the duration and intensity of runs in hot conditions to help the body adapt to the heat.\n5. Cooling strategies: Use cooling methods, such as ice vests or cold towels, during breaks to help lower body temperature.\n\nIn summary, temperature can have a more significant impact on running performance as the distance increases. Long-distance runners should be aware of the potential effects of high temperatures and take appropriate measures to minimize the impact on their performance."}]}