{"Unnamed: 0": 1459988, "id": "linguistics_30699", "Title": "Is there a language which uses 'passive voice' more often than 'active' one?", "Body": "Most languages I know of make use of 'active' more than 'passive'. It appears that the passive is derived from the 'canonical' active. Are there any languages that use more passive than active? Or can a language with only the passive form exist without a canonical active? ", "top5_tags": "syntax, passive, minimalism, grammatical-voice, semantics", "answer_only_title_pers": [{"generated_text": " Yes, there are languages that tend to use the passive voice more frequently than the active voice. One notable example is Japanese. In Japanese, the passive voice is often used to convey politeness, formality, or to emphasize the action rather than the subject. This usage aligns with the language's tendency towards minimalism and indirectness in communication.\n\nJapanese syntax allows for both active and passive constructions, but the passive voice is more prevalent in formal writing, literature, and speech. The passive voice in Japanese is formed by using the verb \"suru\" (to do) in its passive form, followed by the particle \"ni\" (to), and then the object. This structure can be seen as a reflection of the language's grammatical-voice system, where the passive voice is used to shift the focus from the agent (doer) to the action or the recipient of the action.\n\nIn terms of semantics, the use of passive voice in Japanese can convey a sense of objectivity, neutrality, or detachment, which can be useful in various contexts, such as academic writing, news reporting, or formal speeches. Additionally, the passive voice can be employed to express politeness, as it allows the speaker to avoid directly addressing the listener or recipient.\n\nWhile Japanese is a prominent example, other languages also exhibit a preference for passive constructions. For instance, German and Russian also have a strong passive voice tradition, often used to emphasize the action or the object rather than the subject. However, it is essential to note that the frequency of passive voice usage can vary depending on the context, register, and individual speaker preferences.\n\nIn summary, Japanese is a language that uses the passive voice more often than the active voice, particularly in formal contexts. This usage aligns with the language's minimalist and indirect communication style, as well as its grammatical-voice system. Other languages, such as German and Russian, also exhibit a preference for passive constructions, although the frequency of usage may vary depending on context and individual preferences."}], "answer_with_body_pers": [{"generated_text": " Based on the interests you've mentioned, particularly syntax, passive voice, and grammatical voice, it is indeed possible to find languages that utilize the passive voice more frequently than the active voice. One notable example is the German language.\n\nGerman is a Germanic language that employs the passive voice quite extensively. In German, the passive voice is formed using the auxiliary verb \"werden\" (to become) in conjunction with the past participle of the main verb. This construction allows for a more flexible and nuanced expression of actions, often emphasizing the action itself rather than the agent performing the action.\n\nThe use of passive voice in German can be attributed to its rich inflectional system, which allows for a wide range of syntactic constructions. The passive voice is often used to convey a sense of formality, objectivity, or to shift focus away from the agent.\n\nIn comparison to the active voice, the passive voice in German can be more prevalent in various contexts, such as scientific writing, formal reports, and news articles. This is because the passive voice can help to create a sense of objectivity and neutrality, which is often desired in these contexts.\n\nHowever, it is essential to note that the active voice is still widely used in German, and both voices are crucial for effective communication. The choice between active and passive voice depends on the specific context, intended meaning, and stylistic preferences of the speaker or writer.\n\nIn conclusion, while most languages tend to use the active voice more frequently, there are languages like German that make use of the passive voice more often. This can be attributed to the language's syntactic and grammatical structures, as well as the specific communicative needs and stylistic preferences of its speakers."}]}