{"Unnamed: 0": 1663987, "id": "movies_14041", "Title": "Movie where babysitter gets electrocuted in the kitchen", "Body": "Sorry, I don't have many details to go on for this one, but I recall watching a movie on TV during my childhood (i.e. 1993-2000) where a young, pretty babysitter is in the kitchen and the floor somehow got filled up with water (I seem to remember it being soapy water) and something happened to expose the water to electricity. I can't remember exactly what, but the babysitter died from the electric shock. Other details include:The movie was live-action (i.e. not animated).There is a good chance the movie was made in the 80's (I've always liked older movies). I have no idea what genre the movie was, but most likely was either comedy or horror as those have always been my favorite types of movies. It would have been an American made movie, and was most likely aired on one of the public TV stations such as USA, Sci-Fi Channel, TNT, or one of the other similar stations. I'm really not sure on this, but I believe she may have been listening to music on her headphones while this happened. My first thought was Don't Tell Mom the Babysitter's Dead, but after looking up the plot description, the babysitter just doesn't match. It was definitely a young girl, and she definitely died in the kitchen from electrocution. ", "top5_tags": "character, plot-explanation, house, analysis, the-ninth-gate", "answer_only_title_pers": [{"generated_text": " The movie you are referring to is \"The Babysitter\" (2017), directed by McG and starring Samara Weaving, Judah Lewis, and Emily Alyn Lind. However, the plot you mentioned, where a babysitter gets electrocuted in the kitchen, is not a part of this movie. Instead, it seems you might be thinking of \"The Ninth Gate\" (1999), directed by Roman Polanski, which features a different kind of suspenseful and mysterious plot.\n\nIn \"The Ninth Gate,\" the story revolves around a young American journalist, Johnny Basil, who is hired by a wealthy collector to find a 16th-century grimoire, believed to be the key to summoning the Devil. The movie takes place in a grand, old house in Paris, where the characters search for the book amidst a web of intrigue, deception, and supernatural elements.\n\nWhile \"The Ninth Gate\" does not feature a babysitter getting electrocuted in the kitchen, it does have a dark and atmospheric tone, with a focus on the occult and the pursuit of forbidden knowledge. The movie's plot is filled with twists and turns, as the characters navigate the dangerous world of ancient magic and the supernatural.\n\nIf you are interested in a movie with a babysitter and a kitchen-related incident, you might want to consider \"The Babysitter\" (2017), which is a different film with a distinct plot. In this movie, a teenage babysitter named Bee encounters a series of supernatural events when she starts babysitting a young boy named Cole. The film is a horror-comedy that explores themes of teenage rebellion, supernatural occurrences, and the consequences of one's actions.\n\nIn summary, \"The Ninth Gate\" is the movie that features a mysterious plot set in a grand house, but it does not include a babysitter getting electrocuted in the kitchen. If you are looking for a movie with a babysitter and a kitchen-related incident, \"The Babysitter\" (2017) might be the one you're thinking of."}], "answer_with_body_pers": [{"generated_text": " The movie you are referring to is likely \"The Ninth Gate\" (1999), directed by Roman Polanski. However, the plot you described does not match the movie \"The Ninth Gate.\" The movie you're thinking of might be \"The Babysitter's Club\" (1988), but it doesn't feature a babysitter getting electrocuted in the kitchen.\n\nGiven the details you provided, it seems you might be thinking of a lesser-known movie, and the description doesn't match any major films from the 1990s. It's possible that the movie you're recalling is a lesser-known or independent film, or it might not exist at all.\n\nIf you're still interested in a movie with a babysitter and an electrifying incident, you might want to consider \"The Babysitter\" (2017), directed by McG, which features a young babysitter dealing with a dangerous situation. However, the plot doesn't involve electrocution in the kitchen.\n\nUnfortunately, based on the information you provided, it's challenging to pinpoint the exact movie you're referring to. If you can recall any additional details, it might help in identifying the film."}]}