{"Unnamed: 0": 3891199, "id": "music_38352", "Title": "Is there a specific name for the arpeggio symbol?", "Body": "Is there a specific name for the squiggly arpeggio symbol? If so, are there different names for arpeggio symbols that point up or down or spans both clefs?I find having to write out \"arpeggio symbol\" so much gets old, but I'm guessing there isn't a better way.This does seem like a pointless question, but some symbols have their own names aside from the names of what they stand for.", "top5_tags": "star-wars-battlefront-2015, plot-explanation, united-states, star-wars, the-empire-strikes-back", "answer_only_title_pers": [{"generated_text": " The specific name for the arpeggio symbol in music notation is called an \"arpeggio.\" However, in the context of Star Wars Battlefront 2015, arpeggios are used as a technique to play chords on a keyboard or guitar-like controller, enhancing the game's immersive experience. While the arpeggio symbol itself is a standard musical notation, its application in the game contributes to the unique soundtrack and gameplay mechanics. The Star Wars universe, including The Empire Strikes Back, features iconic music composed by John Williams, which may include arpeggios to create memorable and epic soundscapes. But it's important to note that the arpeggio symbol itself is not exclusive to Star Wars or any specific game."}], "answer_with_body_pers": [{"generated_text": " The specific name for the squiggly arpeggio symbol in music notation is commonly referred to as the \"arpeggio symbol\" or \"arpeggiato\" marking. It is used to indicate that a series of notes, typically from a chord, should be played in a staggered or \"broken\" manner, rather than simultaneously.\n\nThere are no different names for arpeggio symbols based on their orientation (pointing up or down) or the clefs they span. However, the arpeggio symbol can be placed above or below the staff, and it can span both clefs if necessary. The symbol itself remains consistent, regardless of its placement or the clefs involved.\n\nWhile it may seem repetitive to refer to it as the \"arpeggio symbol,\" it is a widely recognized term in the field of music notation. If you're looking for alternative ways to describe it, you could use phrases like \"broken chord symbol\" or \"staggered notes symbol.\" However, these are not standard terms and may not be as immediately understood by musicians."}]}