{"Unnamed: 0": 8053271, "id": "writers_32737", "Title": "What Genre Category for a Semi-Fictional Memoir?", "Body": "What genre do these types of Memoirs fall under?   \"Inspired by true events?\"  ... Is Semi-Fictional Memoir a \"thing\"?   I definitely don't feel that \"fictional autobiography\" fits.I have been writing a lot of short stories that are Memoir-ish, that are based on true events in my life.  Because I don't remember every detail, I tried to make some parts of the stories obviously fictional.  But, in some stories, it isn't so obvious that parts are fictional. I feel that making it obvious in some stories would be intrusive, and undermine the tone.I am hoping that applying the proper genre label would be sufficient.", "top5_tags": "word-study, greek, historical-interpretation, passion-narrative, prophecy", "answer_only_title_pers": [{"generated_text": " A semi-fictional memoir that incorporates elements of word study, Greek influences, historical interpretation, passion narrative, and prophecy could be classified under the genre category of \"Historical Fiction with a Focus on Personal Narrative and Prophecy.\" This genre blends the factual basis of memoir with the creative liberties of fiction, allowing for the exploration of historical events, Greek language and culture, and the intertwining of personal passion and prophetic elements.\n\nIn this genre, the author can weave a narrative that is grounded in historical events and figures, while also incorporating fictionalized elements to enhance the storytelling. The use of Greek language and culture can be integrated through the setting, characters, and dialogue, providing a rich backdrop for the narrative. The passion narrative element can be expressed through the protagonist's personal journey, emotions, and relationships, while the prophecy aspect can add a layer of mysticism and foreshadowing to the story.\n\nBy combining these elements, the semi-fictional memoir can offer readers an engaging and thought-provoking experience that explores the intersection of history, language, and personal narrative, while also delving into the realm of prophecy and its implications."}], "answer_with_body_pers": [{"generated_text": " A semi-fictional memoir, which blends true events with creative embellishments, can be classified under the genre category of \"Fictionalized Autobiography\" or \"Autobiographical Fiction.\" This genre acknowledges the interplay between factual experiences and imaginative storytelling, allowing authors to explore their personal narratives with a degree of artistic license.\n\nThe term \"autobiographical fiction\" is derived from the Greek words \"autos\" (self), \"bios\" (life), and \"graphein\" (to write), which collectively convey the essence of this genre. It is a form of narrative that combines the author's real-life experiences with fictional elements, creating a unique and engaging storytelling experience.\n\nHistorical interpretation and passion narrative are relevant to the genre, as semi-fictional memoirs often draw upon historical events and personal emotions to craft compelling stories. However, the primary focus of this genre is the blending of fact and fiction to create a rich, multi-layered narrative.\n\nWhile the genre may not be as widely recognized as traditional memoirs or pure fiction, it is a legitimate and valuable form of storytelling that allows authors to explore their lives and experiences in a more nuanced and creative way. By applying the proper genre label, you can accurately categorize your work and communicate its unique qualities to readers."}]}