{"Unnamed: 0": 1460185, "id": "linguistics_34338", "Title": "When was Proto-Indo-Uralic spoken?", "Body": "You have seen that I asked a question about Proto-Indo-Uralic and whether or not it could be reconstructed using Proto-Indo-European, Proto-Uralic, and internal reconstruction in those branches. One person said kind of, and the other one said no. (I'm reading the paper that one of the people sent me about Schleicher's fable being reconstructed in PIU.) However, if such a language existed (and I believe so and more importantly there is evidence that it did, though the proof is not settled nearly as much as the Indo-European or Uralic languages), when was it spoken?", "top5_tags": "united-states, demographics, presidential-election, election, voting", "answer_only_title_pers": [{"generated_text": " Proto-Indo-Uralic, the hypothetical ancestor of the Indo-Uralic language family, is believed to have been spoken around 7000 to 2000 BCE. However, it's important to note that this topic is unrelated to the interests you mentioned, such as the United States, demographics, presidential elections, and voting. These areas focus on contemporary political and social aspects, while the Proto-Indo-Uralic language pertains to historical linguistics and the study of ancient languages."}], "answer_with_body_pers": [{"generated_text": " Proto-Indo-Uralic, the hypothetical ancestor of the Indo-European and Uralic language families, is believed to have been spoken around 6500 to 4000 BCE. However, it's important to note that this timeframe is based on linguistic and archaeological evidence, and the exact dating remains a subject of ongoing research and debate among scholars.\n\nAs for the interests you mentioned, while they are not directly related to the question of when Proto-Indo-Uralic was spoken, it's worth noting that language and culture play significant roles in shaping societies and demographics. The study of ancient languages like Proto-Indo-Uralic can provide valuable insights into the history and development of human civilizations, including those in the United States and other regions. However, the specifics of US demographics, presidential elections, and voting are not directly relevant to the question of Proto-Indo-Uralic's timeframe."}]}