{"Unnamed: 0": 1460552, "id": "literature_1012", "Title": "In which book did Poirot find a four-foot long clue?", "Body": "In one of the Poirot books he mentions that though clues are often small he once found a four-foot long one.Unfortunately I can't remember in which book he mentions this.Does anyone know which book he did find the four-foot long clue in? ", "top5_tags": "agatha-christie, single-word-requests, poetry, hercule-poirot, greek-literature", "answer_only_title_pers": [{"generated_text": " The book in which Hercule Poirot found a four-foot long clue is \"Murder on the Orient Express.\" This novel, written by Agatha Christie, features the famous detective Hercule Poirot solving a complex murder case aboard the luxurious train. The clue, although not literally four feet long, is a significant piece of evidence that plays a crucial role in unraveling the mystery. However, it's important to note that this specific detail might be more of a fictional element rather than a literal four-foot long clue. Agatha Christie's works are renowned for their intricate plots and memorable clues, making \"Murder on the Orient Express\" a classic in the Hercule Poirot series."}], "answer_with_body_pers": [{"generated_text": " In \"The A.B.C. Murders,\" Hercule Poirot finds a four-foot long clue. This novel, written by Agatha Christie, features the Belgian detective Poirot investigating a series of murders connected by the letters of the alphabet. The clue in question is part of the intricate puzzle Poirot unravels throughout the story."}]}