{"Unnamed: 0": 8048008, "id": "woodworking_177", "Title": "\"Joint\" or \"Join\": What is the name for the place where two pieces of wood are fastened together?", "Body": "When speaking in my woodshop, I can't quite tell whether people are saying joint or join when referring to the place where two pieces of wood are glued (or nailed) together. I know the practice is known as joinery but in my use of the English language, joint seems more appropriate. Of course, it doesn't help that a jointer is a tool for a completely different thing.", "top5_tags": "finishing, dogs, united-states, terminology, joinery", "answer_only_title_pers": [{"generated_text": " The name for the place where two pieces of wood are fastened together is called a \"joint.\" In the context of joinery, which is the art and craft of connecting pieces of wood, various types of joints are used to achieve different strengths and aesthetics. Some common types of wood joints include butt joints, miter joints, dovetail joints, and mortise and tenon joints. These terminologies are relevant to finishers and woodworkers in the United States who specialize in creating strong and visually appealing connections between wood pieces."}], "answer_with_body_pers": [{"generated_text": " In the context of woodworking and terminology, the correct term for the place where two pieces of wood are fastened together is \"joint.\" While \"joinery\" refers to the practice or craft of joining wood, the specific location where the pieces are connected is indeed called a joint. The confusion might arise due to the similar-sounding tool, a jointer, which is used for flattening and straightening wood surfaces. Therefore, when referring to the actual spot where two pieces of wood are glued or nailed together, \"joint\" is the appropriate term."}]}