{"Unnamed: 0": 5724597, "id": "outdoors_10426", "Title": "Is a portable jump starter dangerous?", "Body": "Like many campers, I bought a portable jump starter, which contains liquids and gases. In what situation does it get dangerous? Can I simply carry this portable charger along with all my camping gear such as butane gases and stove? Can it be stored under hot/cold weather?", "top5_tags": "ipad, macos, macbook-pro, windows, safety", "answer_only_title_pers": [{"generated_text": " A portable jump starter, when used correctly, is generally considered safe for use with various devices, including iPads, Macs, MacBook Pros, Windows PCs, and other electronics. However, it's essential to follow the manufacturer's instructions and safety guidelines to minimize any potential risks.\n\nThe primary concern with using a portable jump starter is the risk of electrical shock or damage to the device if not used properly. Here are some safety tips to consider when using a portable jump starter:\n\n1. Ensure the device is fully charged: Before using a portable jump starter, make sure it is fully charged to avoid any potential issues.\n\n2. Check the device's voltage and amperage: Different devices require different voltage and amperage levels. Always check the specifications of your device and the jump starter to ensure compatibility.\n\n3. Use the correct cables: Use the cables provided with the jump starter or those that are specifically designed for your device. Using incompatible cables can lead to damage or electrical shock.\n\n4. Avoid direct contact with the jump starter: When connecting the jump starter to your device, avoid touching the metal contacts or the battery terminals.\n\n5. Do not overcharge the jump starter: Overcharging a jump starter can lead to overheating and potential fire hazards. Follow the manufacturer's instructions for charging.\n\n6. Disconnect the jump starter after use: Once your device is powered on, disconnect the jump starter immediately to avoid any potential risks.\n\n7. Store the jump starter properly: Store the jump starter in a cool, dry place away from flammable materials.\n\nIn summary, a portable jump starter is not inherently dangerous when used correctly. However, it's essential to follow the manufacturer's instructions and safety guidelines to minimize any potential risks. By doing so, you can safely jump-start your devices, including iPads, Macs, MacBook Pros, and Windows PCs, when needed."}], "answer_with_body_pers": [{"generated_text": " A portable jump starter, while generally safe to use, can become dangerous under certain conditions. The primary concern with portable jump starters is the presence of flammable liquids and gases, which can pose a risk if not handled properly. Here are some situations where a portable jump starter can be dangerous:\n\n1. Improper storage: Storing a portable jump starter in a hot or cold environment can affect its performance and potentially lead to malfunction. Extreme temperatures can cause the battery to degrade, which may result in a short circuit or leakage of the flammable liquids and gases.\n\n2. Mixing with flammable substances: Carrying a portable jump starter along with butane gases and a stove can be dangerous if the devices are not stored properly. The combination of flammable gases and electrical components can lead to a fire or explosion if there is a leak or spark.\n\n3. Improper use: Using a portable jump starter in wet conditions or near water can be hazardous, as water can cause short circuits and potentially lead to a fire.\n\n4. Faulty or damaged equipment: If the portable jump starter is damaged or has a manufacturing defect, it can pose a significant risk. Always inspect the device before use and replace it if it shows signs of damage.\n\nTo ensure safety while using a portable jump starter, follow these guidelines:\n\n- Store the device in a cool, dry place away from extreme temperatures.\n- Keep it away from flammable substances, such as butane gases and stoves.\n- Use the device in dry conditions and avoid using it near water.\n- Inspect the device regularly for any signs of damage or wear.\n\nIn summary, while portable jump starters are generally safe to use, it is essential to handle them with care and follow the manufacturer's guidelines to avoid potential hazards."}]}