{"Unnamed: 0": 1455697, "id": "law_12078", "Title": "Is a movie from 1955 completely copyright free?", "Body": "I'm wondering if a movie of 1955 is completely copyright free and so if I'm allowed to write and add English subtitles, and distribute it (per download or stream).It's a Dutch movie and I want it to be accessible with English subtitles for everyone to download and see it. To share about Dutch history and culture in The Netherlands.", "top5_tags": "internet, dermatology, virus, vitiligo, vaccination", "answer_only_title_pers": [{"generated_text": " A movie from 1955 is not completely copyright-free. Copyright protection typically lasts for the life of the author plus an additional 70 years, depending on the jurisdiction. In the case of a movie, the copyright would generally belong to the film's production company or the individual(s) who created the film. Therefore, even if a movie was released in 1955, it would still be under copyright protection until the expiration of that term.\n\nHowever, it's important to note that the interests you mentioned (internet, dermatology, virus, vitiligo, vaccination) are not directly relevant to the question of copyright status for a movie from 1955. These topics pertain to different fields of study and do not impact the copyright status of a film."}], "answer_with_body_pers": [{"generated_text": " A movie from 1955 is not completely copyright free. Copyright laws vary by country, but generally, the copyright term for a film in the United States, for example, extends to 95 years after its release. Since 1955, this would mean that the copyright for a movie from that year would still be in effect until at least 2049.\n\nHowever, there are exceptions to this rule, such as the concept of \"fair use\" in the United States, which allows for limited use of copyrighted material without permission for purposes like criticism, comment, news reporting, teaching, scholarship, or research. Adding English subtitles to a Dutch movie from 1955 could potentially fall under fair use, but it's essential to consult with a legal expert to ensure you're not infringing on the copyright holder's rights.\n\nIn the case of your specific interest in sharing a Dutch movie with English subtitles to promote Dutch history and culture, it would be best to reach out to the copyright holder or the entity responsible for the movie's distribution to seek permission. Alternatively, you could look for public domain films, which are no longer protected by copyright and can be freely used, but this would require verifying the specific film's copyright status.\n\nThe user's interests in internet, dermatology, virus, vitiligo, and vaccination are not directly relevant to the question about copyright status for a 1955 movie. However, if you're interested in sharing the movie online, you may want to consider the legal aspects of distributing copyrighted content on the internet."}]}